goal_id,match_id,team_id,player_name,reported_player_name,player_id,minute,stoppage,period,goal_type,assist_player_id,source_type,source_ref,reported_by,reported_at,confidence,verified_by,verified_at
MW_CRFA_2627_G-0001,MW_CRFA_2627_002,MW_TNS_M1,Noah Malizwe,,CAF_MW_000182,13,,1h,,,fa,,,,unconfirmed,,
MW_CRFA_2627_G-0002,MW_CRFA_2627_002,MW_MC_M1,Christopher Gomani,,CAF_MW_000048,55,,2h,,,facebook,,,,unconfirmed,,
MW_CRFA_2627_G-0003,MW_CRFA_2627_003,MW_MCHS_M1,Namazana Chiyundo,,CAF_MW_000181,2,,1h,,,fa,,,,unconfirmed,,
MW_CRFA_2627_G-0004,MW_CRFA_2627_003,MW_MCHS_M1,Kondwani Phiri,,CAF_MW_000130,66,,2h,,,facebook,,,,unconfirmed,,
MW_CRFA_2627_G-0012,MW_CRFA_2627_006,MW_SS_M2,Hadji Dyton,,CAF_MW_000090,35,,1h,,,facebook,,,,unconfirmed,,
MW_CRFA_2627_G-0013,MW_CRFA_2627_006,MW_MV_M1,Bright Ngonga,,CAF_MW_000028,21,,1h,,,facebook,,,,unconfirmed,,
MW_CRFA_2627_G-0014,MW_CRFA_2627_007,MW_MU_M1,Legani Saidi,,CAF_MW_000137,25,,1h,,,facebook,,,,unconfirmed,,
MW_CRFA_2627_G-0015,MW_CRFA_2627_007,MW_MU_M1,Steve Chitambaya,,CAF_MW_000227,58,,2h,,,unknown,,,,unconfirmed,,
MW_CRFA_2627_G-0016,MW_CRFA_2627_007,MW_BLUE_M2,Blessings Makhula,,CAF_MW_000022,1,,1h,,,facebook,,,,unconfirmed,,
MW_CRFA_2627_G-0017,MW_CRFA_2627_007,MW_BLUE_M2,Rajabu Mussa,,CAF_MW_000204,41,,1h,,,fa,,,,unconfirmed,,
MW_CRFA_2627_G-0018,MW_CRFA_2627_007,MW_BLUE_M2,Steve Msiska,,CAF_MW_000229,76,,2h,,,unknown,,,,unconfirmed,,
MW_CRFA_2627_G-0019,MW_CRFA_2627_007,MW_BLUE_M2,Samuel Viyuyi,,CAF_MW_000216,81,,2h,,,unknown,,,,unconfirmed,,
MW_CRFA_2627_G-0020,MW_CRFA_2627_015,MW_KFC_M1,David Mwemene,,CAF_MW_000270,,,,,,facebook,https://www.facebook.com/share/p/1D7F3s4NJ7/,,,confirmed,,
MW_CRFA_2627_G-0021,MW_CRFA_2627_022,MW_BLUE_M2,Stiel Chirambo,,CAF_MW_000271,22,,1h,open_play,,facebook,https://www.facebook.com/share/p/18uEhFeVVz/,,,confirmed,,
MW_CRFA_2627_G-0022,MW_CRFA_2627_022,MW_BLUE_M2,Samuel Viyuyu,,CAF_MW_000272,87,,2h,open_play,,facebook,https://www.facebook.com/share/p/18uEhFeVVz/,,,confirmed,,
MW_CRFA_2627_G-0023,MW_CRFA_2627_024,MW_MC_M1,Macdonald Chirwa,,CAF_MW_000273,55,,2h,open_play,,facebook,https://www.facebook.com/share/p/18uEhFeVVz/,,,confirmed,,
MW_CRFA_2627_G-0024,MW_CRFA_2627_024,MW_MC_M1,Christopher Goman,,CAF_MW_000274,90,1,2h,open_play,,facebook,https://www.facebook.com/share/p/18uEhFeVVz/,,,confirmed,,
MW_CRFA_2627_G-0025,MW_CRFA_2627_025,MW_NAA_M1,Lahaman Shaban,,CAF_MW_000275,26,,1h,open_play,,facebook,https://www.facebook.com/share/p/18uEhFeVVz/,,,confirmed,,
MW_CRFA_2627_G-0026,MW_CRFA_2627_026,MW_SS_M2,Crift Msiska,,CAF_MW_000276,16,,1h,open_play,,facebook,https://www.facebook.com/share/p/18uEhFeVVz/,,,confirmed,,
MW_CRFA_2627_G-0027,MW_CRFA_2627_027,MW_MPFC_M1,Justice Honde,,CAF_MW_000277,,,,,,unknown,,,,confirmed,,
MW_CRFA_2627_G-0028,MW_CRFA_2627_028,MW_MU_M1,Hamza Owen,,CAF_MW_000278,,,,,,unknown,,,,confirmed,,
MW_CRFA_2627_G-0029,MW_CRFA_2627_028,MW_AB_M1,Chisomo Khungwa,,CAF_MW_000279,,,,,,unknown,,,,confirmed,,
MW_CRFA_2627_G-0030,MW_CRFA_2627_028,MW_AB_M1,Chisomo Khungwa,,CAF_MW_000279,,,,,,unknown,,,,confirmed,,
MW_CRFA_2627_G-0031,MW_CRFA_2627_028,MW_AB_M1,Francis Gunde,,CAF_MW_000281,,,,,,unknown,,,,confirmed,,
MW_CRFA_2627_G-0032,MW_CRFA_2627_029,MW_KFC_M1,Aspria Denis,,CAF_MW_000282,,,,,,unknown,,,,confirmed,,
MW_CRFA_2627_G-0033,MW_CRFA_2627_029,MW_KFC_M1,Ndaziona Chatsalira,,CAF_MW_000283,,,,,,unknown,,,,confirmed,,
MW_CRFA_2627_G-0034,MW_CRFA_2627_029,MW_SA_M1,Gift Mansion,,CAF_MW_000284,,,,,,unknown,,,,confirmed,,
MW_CRFA_2627_G-0035,MW_CRFA_2627_031,MW_PFC_M1,Andrew Chilemba,,CAF_MW_000285,,,,,,unknown,,,,confirmed,,
MW_CRFA_2627_G-0036,MW_CRFA_2627_031,MW_PFC_M1,Andrew Chilemba,,CAF_MW_000285,,,,,,unknown,,,,confirmed,,
MW_CRFA_2627_G-0037,MW_CRFA_2627_031,MW_PFC_M1,Andrew Chilemba,,CAF_MW_000285,,,,,,unknown,,,,confirmed,,
MW_CRFA_2627_G-0038,MW_CRFA_2627_031,MW_LFC_M1,Andrew Mwale,,CAF_MW_000286,,,,,,unknown,,,,confirmed,,
MW_NDL_2627_G-0001,MW_NDL_2627_001,MW_EXFC_M1,Beston Jimu,,CAF_MW_000018,43,,1h,,,facebook,,,,unconfirmed,,
MW_NDL_2627_G-0002,MW_NDL_2627_002,MW_MCH_M1,Gerald Ngwira,,CAF_MW_000083,9,,1h,,,facebook,,,,unconfirmed,,
MW_NDL_2627_G-0003,MW_NDL_2627_002,MW_MCH_M1,Madalitso Mwachumu,,CAF_MW_000153,39,,1h,,,fa,,,,unconfirmed,,
MW_NDL_2627_G-0004,MW_NDL_2627_002,MW_BAS_M1,Seleman Musa,,CAF_MW_000220,67,,2h,,,unknown,,,,unconfirmed,,
MW_NDL_2627_G-0005,MW_NDL_2627_003,MW_EU_M1,Robert Chipeta,,CAF_MW_000211,5,,1h,,,unknown,,,,unconfirmed,,
MW_NDL_2627_G-0006,MW_NDL_2627_004,MW_NU_M1,Hussein Sanudi,,CAF_MW_000104,4,,1h,,,facebook,,,,unconfirmed,,
MW_NDL_2627_G-0007,MW_NDL_2627_004,MW_NU_M1,Hussein Sanudi,,CAF_MW_000104,58,,2h,,,facebook,,,,unconfirmed,,
MW_NDL_2627_G-0008,MW_NDL_2627_004,MW_SBU_M1,Emmanuel Munthali,,CAF_MW_000064,26,,1h,,,facebook,,,,unconfirmed,,
MW_NDL_2627_G-0009,MW_NDL_2627_004,MW_SBU_M1,Allan Msowoya,,CAF_MW_000008,36,,1h,,,facebook,,,,unconfirmed,,
MW_NDL_2627_G-0010,MW_NDL_2627_005,MW_MT_M1,Kondwani Langa,,CAF_MW_000128,10,,1h,,,facebook,,,,unconfirmed,,
MW_NDL_2627_G-0011,MW_NDL_2627_005,MW_MT_M1,Sylvester Phiri Saizi,,CAF_MW_000232,51,,2h,,,unknown,,,,unconfirmed,,
MW_NDL_2627_G-0012,MW_NDL_2627_005,MW_MT_M1,James Tambwali,,CAF_MW_000114,83,,2h,,,facebook,,,,unconfirmed,,
MW_NDL_2627_G-0013,MW_NDL_2627_005,MW_CBWE_M1,Madalitso Chisomba,,CAF_MW_000149,31,,1h,,,fa,,,,unconfirmed,,
MW_NDL_2627_G-0014,MW_NDL_2627_005,MW_CBWE_M1,Hanif Jafari,,CAF_MW_000093,90,3,2h,,,facebook,,,,unconfirmed,,
MW_NDL_2627_G-0015,MW_NDL_2627_008,MW_NS_M1,Corazo Zonda,,CAF_MW_000052,45,1,1h,,,facebook,,,,unconfirmed,,
MW_NDL_2627_G-0016,MW_NDL_2627_008,MW_NS_M1,Moses Gunde,,CAF_MW_000175,87,,2h,,,fa,,,,unconfirmed,,
MW_NDL_2627_G-0017,MW_NDL_2627_008,MW_NZ_M1,Precious Manduwa,,CAF_MW_000196,1,,1h,,,fa,,,,unconfirmed,,
MW_NDL_2627_G-0018,MW_NDL_2627_009,MW_SBU_M1,Dickson Mwangonde,,CAF_MW_000054,9,,1h,,,facebook,,,,unconfirmed,,
MW_NDL_2627_G-0019,MW_NDL_2627_010,MW_BAS_M1,Lyson Nkhoma,,CAF_MW_000145,1,,1h,,,placeholder,,,,unconfirmed,,
MW_NDL_2627_G-0020,MW_NDL_2627_010,MW_BAS_M1,Dyson Moffat,,CAF_MW_000058,44,,1h,,,facebook,,,,unconfirmed,,
MW_NDL_2627_G-0021,MW_NDL_2627_010,MW_MT_M1,Maxwell Owen,,CAF_MW_000166,57,,2h,,,fa,,,,unconfirmed,,
MW_NDL_2627_G-0022,MW_NDL_2627_010,MW_MT_M1,Khursheed Muhammad,,CAF_MW_000125,76,,2h,,,facebook,,,,unconfirmed,,
MW_NDL_2627_G-0023,MW_NDL_2627_011,MW_EU_M1,Petros Kamanga,,CAF_MW_000190,70,,2h,,,fa,,,,unconfirmed,,
MW_NDL_2627_G-0024,MW_NDL_2627_011,MW_EU_M1,Menard Magawa,,CAF_MW_000172,75,,2h,,,fa,,,,unconfirmed,,
MW_NDL_2627_G-0025,MW_NDL_2627_011,MW_NU_M1,Adam Ali,,CAF_MW_000002,36,,1h,,,facebook,,,,unconfirmed,,
MW_NDL_2627_G-0026,MW_NDL_2627_012,MW_EXFC_M1,Slay Antony,,CAF_MW_000224,27,,1h,,,unknown,,,,unconfirmed,,
MW_NDL_2627_G-0027,MW_NDL_2627_012,MW_EXFC_M1,Chifundo Ngonjera,,CAF_MW_000035,64,,2h,,,facebook,,,,unconfirmed,,
MW_NDL_2627_G-0028,MW_NDL_2627_012,MW_EXFC_M1,Jerry Kalume,,CAF_MW_000115,86,,2h,,,facebook,,,,unconfirmed,,
MW_NDL_2627_G-0029,MW_NDL_2627_014,MW_SBU_M1,Emmanuel Munthali,,CAF_MW_000064,44,,1h,,,facebook,,,,unconfirmed,,
MW_NDL_2627_G-0030,MW_NDL_2627_014,MW_SBU_M1,Dickson Mwangonde,,CAF_MW_000054,61,,2h,,,facebook,,,,unconfirmed,,
MW_NDL_2627_G-0031,MW_NDL_2627_014,MW_BAS_M1,Upile Kapunja,,CAF_MW_000239,16,,1h,,,unknown,,,,unconfirmed,,
MW_NDL_2627_G-0032,MW_NDL_2627_015,MW_CB_M1,Precious Maganga,,CAF_MW_000200,50,,2h,,,fa,,,,unconfirmed,,
MW_NDL_2627_G-0033,MW_NDL_2627_015,MW_CB_M1,Blessings Harawa,,CAF_MW_000020,53,,2h,,,facebook,,,,unconfirmed,,
MW_NDL_2627_G-0034,MW_NDL_2627_015,MW_NS_M1,Macray Chiwaya,,CAF_MW_000147,29,,1h,,,placeholder,,,,unconfirmed,,
MW_NDL_2627_G-0035,MW_NDL_2627_015,MW_NS_M1,Moses Gunde,,CAF_MW_000175,48,,2h,,,fa,,,,unconfirmed,,
MW_NDL_2627_G-0036,MW_NDL_2627_015,MW_NS_M1,Dickson Mwangonde,,CAF_MW_000054,57,,2h,,,facebook,,,,unconfirmed,,
MW_NDL_2627_G-0037,MW_NDL_2627_015,MW_NS_M1,Kondwani Kucheza,,CAF_MW_000127,75,,2h,,,facebook,,,,unconfirmed,,
MW_NDL_2627_G-0038,MW_NDL_2627_016,MW_FFC_M1,Dyson Daud,,CAF_MW_000057,39,,1h,,,facebook,,,,unconfirmed,,
MW_NDL_2627_G-0039,MW_NDL_2627_017,MW_NU_M1,Hussein Sanudi,,CAF_MW_000104,18,,1h,,,facebook,,,,unconfirmed,,
MW_NDL_2627_G-0040,MW_NDL_2627_017,MW_NU_M1,Adam Ali,,CAF_MW_000002,59,,2h,,,facebook,,,,unconfirmed,,
MW_NDL_2627_G-0041,MW_NDL_2627_017,MW_EXFC_M1,Chifundo Ngonjera,,CAF_MW_000035,90,,2h,,,facebook,,,,unconfirmed,,
MW_NDL_2627_G-0042,MW_NDL_2627_018,MW_NZ_M1,Maxwell Mangwere,,CAF_MW_000165,57,,2h,,,fa,,,,unconfirmed,,
MW_NDL_2627_G-0043,MW_NDL_2627_018,MW_CBWE_M1,Anzeru Joseph,,CAF_MW_000253,49,,2h,,,facebook,,,,unconfirmed,,
MW_NDL_2627_G-0044,MW_NDL_2627_018,MW_CBWE_M1,Kondwani Siliya,,CAF_MW_000131,87,,2h,,,facebook,,,,unconfirmed,,
MW_NDL_2627_G-0045,MW_NDL_2627_019,MW_BAS_M1,Lyson Nkhoma,,CAF_MW_000145,24,,1h,,,placeholder,,,,unconfirmed,,
MW_NDL_2627_G-0046,MW_NDL_2627_019,MW_FFC_M1,Sebstian Chisomba,,CAF_MW_000219,50,,2h,,,unknown,,,,unconfirmed,,
MW_NDL_2627_G-0047,MW_NDL_2627_020,MW_EU_M1,Menard Magawa,,CAF_MW_000172,80,,2h,,,fa,,,,unconfirmed,,
MW_NDL_2627_G-0048,MW_NDL_2627_020,MW_SBU_M1,Richard Cheyo,,CAF_MW_000209,23,,1h,,,fa,,,,unconfirmed,,
MW_NDL_2627_G-0049,MW_NDL_2627_020,MW_SBU_M1,Menard Magawa,,CAF_MW_000172,90,,2h,own_goal,,fa,,,,unconfirmed,,
MW_NDL_2627_G-0050,MW_NDL_2627_021,MW_NZ_M1,Alexander Cosmas,,CAF_MW_000007,15,,1h,,,facebook,,,,unconfirmed,,
MW_NDL_2627_G-0051,MW_NDL_2627_021,MW_NZ_M1,Alexander Cosmas,,CAF_MW_000007,45,2,1h,,,facebook,,,,unconfirmed,,
MW_NDL_2627_G-0052,MW_NDL_2627_022,MW_CBWE_M1,Madalitso Chisomba,,CAF_MW_000149,2,,1h,,,fa,,,,unconfirmed,,
MW_NDL_2627_G-0053,MW_NDL_2627_022,MW_CBWE_M1,Madalitso Chisomba,,CAF_MW_000149,29,,1h,,,fa,,,,unconfirmed,,
MW_NDL_2627_G-0054,MW_NDL_2627_022,MW_CB_M1,Akim Mponda,,CAF_MW_000004,13,,1h,,,facebook,,,,unconfirmed,,
MW_NDL_2627_G-0055,MW_NDL_2627_022,MW_CB_M1,Akim Mponda,,CAF_MW_000004,60,,2h,,,facebook,,,,unconfirmed,,
MW_NDL_2627_G-0056,MW_NDL_2627_023,MW_EXFC_M1,Kondwani Dundu,,CAF_MW_000126,21,,1h,,,facebook,,,,unconfirmed,,
MW_NDL_2627_G-0057,MW_NDL_2627_023,MW_EXFC_M1,Slay Antony,,CAF_MW_000224,33,,1h,,,unknown,,,,unconfirmed,,
MW_NDL_2627_G-0058,MW_NDL_2627_023,MW_EXFC_M1,Slay Antony,,CAF_MW_000224,45,,1h,,,unknown,,,,unconfirmed,,
MW_NDL_2627_G-0059,MW_NDL_2627_023,MW_MCH_M1,Hassani Luwembe,,CAF_MW_000097,31,,1h,,,facebook,,,,unconfirmed,,
MW_NDL_2627_G-0060,MW_NDL_2627_023,MW_MCH_M1,Philip Mtika,,CAF_MW_000192,73,,2h,,,fa,,,,unconfirmed,,
MW_NDL_2627_G-0061,MW_NDL_2627_025,MW_EU_M1,Menard Magawa,,CAF_MW_000172,10,,1h,,,fa,,,,unconfirmed,,
MW_NDL_2627_G-0062,MW_NDL_2627_025,MW_EU_M1,Abraham Mkandawire,,CAF_MW_000001,49,,2h,,,facebook,,,,unconfirmed,,
MW_NDL_2627_G-0063,MW_NDL_2627_026,MW_MCH_M1,Gerald Ngwira,,CAF_MW_000083,33,,1h,,,facebook,,,,unconfirmed,,
MW_NDL_2627_G-0064,MW_NDL_2627_026,MW_MCH_M1,Philip Mtika,,CAF_MW_000192,41,,1h,,,fa,,,,unconfirmed,,
MW_NDL_2627_G-0065,MW_NDL_2627_026,MW_NS_M1,Rafiq Alli,,CAF_MW_000202,24,,1h,,,fa,,,,unconfirmed,,
MW_NDL_2627_G-0066,MW_NDL_2627_027,MW_CB_M1,Blessings Harawa,,CAF_MW_000020,7,,1h,,,facebook,,,,unconfirmed,,
MW_NDL_2627_G-0067,MW_NDL_2627_027,MW_CB_M1,Hakim Mponda,,CAF_MW_000092,26,,1h,,,facebook,,,,unconfirmed,,
MW_NDL_2627_G-0068,MW_NDL_2627_027,MW_CB_M1,Maxwel Msowoya,,CAF_MW_000164,90,,2h,,,fa,,,,unconfirmed,,
MW_NDL_2627_G-0069,MW_NDL_2627_027,MW_MT_M1,Madalitso Banda,,CAF_MW_000148,64,,2h,,,placeholder,,,,unconfirmed,,
MW_NDL_2627_G-0070,MW_NDL_2627_027,MW_MT_M1,Harry Robert,,CAF_MW_000095,77,,2h,,,facebook,,,,unconfirmed,,
MW_NDL_2627_G-0071,MW_NDL_2627_027,MW_MT_M1,Madalitso Banda,,CAF_MW_000148,88,,2h,,,fa,,,,unconfirmed,,
MW_NDL_2627_G-0072,MW_NDL_2627_028,MW_NZ_M1,Alexander Cosmas,,CAF_MW_000007,13,,1h,,,facebook,,,,unconfirmed,,
MW_NDL_2627_G-0073,MW_NDL_2627_028,MW_FFC_M1,Chimwemwe Nyoni,,CAF_MW_000042,87,,2h,,,facebook,,,,unconfirmed,,
MW_NDL_2627_G-0074,MW_NDL_2627_029,MW_SBU_M1,Emmanuel Munthali,,CAF_MW_000064,22,,1h,,,facebook,,,,unconfirmed,,
MW_NDL_2627_G-0075,MW_NDL_2627_029,MW_SBU_M1,Dickson Mwangonde,,CAF_MW_000054,30,,1h,,,facebook,,,,unconfirmed,,
MW_NDL_2627_G-0076,MW_NDL_2627_029,MW_SBU_M1,Dickson Mwangonde,,CAF_MW_000054,62,,2h,,,facebook,,,,unconfirmed,,
MW_NDL_2627_G-0077,MW_NDL_2627_029,MW_EXFC_M1,Beston Jimu,,CAF_MW_000018,45,2,1h,,,facebook,,,,unconfirmed,,
MW_NDL_2627_G-0078,MW_NDL_2627_030,MW_NU_M1,Adam Alieh,,CAF_MW_000003,85,,2h,,,facebook,,,,unconfirmed,,
MW_NDL_2627_G-0079,MW_NDL_2627_031,MW_NZ_M1,Andrew Donda,,CAF_MW_000012,47,,2h,,,facebook,,,,unconfirmed,,
MW_NDL_2627_G-0080,MW_NDL_2627_032,MW_NS_M1,Rafiq Alli,,CAF_MW_000202,6,,1h,,,fa,,,,unconfirmed,,
MW_NDL_2627_G-0081,MW_NDL_2627_035,MW_EXFC_M1,Chifundo Ngonjera,,CAF_MW_000035,26,,1h,,,facebook,,,,unconfirmed,,
MW_NDL_2627_G-0082,MW_NDL_2627_035,MW_EXFC_M1,Slay Antony,,CAF_MW_000224,71,,2h,,,unknown,,,,unconfirmed,,
MW_NDL_2627_G-0083,MW_NDL_2627_035,MW_EU_M1,Menard Magawa,,CAF_MW_000172,1,,1h,,,fa,,,,unconfirmed,,
MW_NDL_2627_G-0084,MW_NDL_2627_036,MW_CBWE_M1,Sylvester Phiri Saizi,,CAF_MW_000232,35,,1h,,,unknown,,,,unconfirmed,,
MW_NDL_2627_G-0085,MW_NDL_2627_036,MW_CBWE_M1,Samuel Zakeyu,,CAF_MW_000217,83,,2h,,,unknown,,,,unconfirmed,,
MW_NDL_2627_G-0086,MW_NDL_2627_036,MW_CBWE_M1,Madalitso Haji,,CAF_MW_000151,90,4,2h,,,fa,,,,unconfirmed,,
MW_NDL_2627_G-0087,MW_NDL_2627_037,MW_EU_M1,Robert Chipeta,,CAF_MW_000211,47,,2h,,,unknown,,,,unconfirmed,,
MW_NDL_2627_G-0088,MW_NDL_2627_037,MW_EU_M1,Robert Chipeta,,CAF_MW_000211,79,,2h,,,unknown,,,,unconfirmed,,
MW_NDL_2627_G-0089,MW_NDL_2627_037,MW_NS_M1,Rafiq Alli,,CAF_MW_000202,49,,2h,,,fa,,,,unconfirmed,,
MW_NDL_2627_G-0090,MW_NDL_2627_038,MW_CB_M1,Leo Kaira,,CAF_MW_000140,46,,2h,,,facebook,,,,unconfirmed,,
MW_NDL_2627_G-0091,MW_NDL_2627_038,MW_NZ_M1,Howard Moses,,CAF_MW_000103,12,,1h,,,facebook,,,,unconfirmed,,
MW_NDL_2627_G-0092,MW_NDL_2627_039,MW_EXFC_M1,Mathews Mtalakwesi,,CAF_MW_000158,85,,2h,,,fa,,,,unconfirmed,,
MW_NDL_2627_G-0093,MW_NDL_2627_040,MW_NU_M1,Hussein Sanudi,,CAF_MW_000104,1,,1h,,,facebook,,,,unconfirmed,,
MW_NDL_2627_G-0094,MW_NDL_2627_040,MW_FFC_M1,Sebastian Chinsomba,,CAF_MW_000218,57,,2h,,,unknown,,,,unconfirmed,,
MW_NDL_2627_G-0095,MW_NDL_2627_040,MW_FFC_M1,Shadreck Mikunde,,CAF_MW_000221,73,,2h,,,unknown,,,,unconfirmed,,
MW_NDL_2627_G-0096,MW_NDL_2627_041,MW_SBU_M1,Emmanuel Munthali,,CAF_MW_000064,11,,1h,,,facebook,,,,unconfirmed,,
MW_NDL_2627_G-0097,MW_NDL_2627_041,MW_SBU_M1,Tendai Phiri,,CAF_MW_000236,37,,1h,,,unknown,,,,unconfirmed,,
MW_NDL_2627_G-0098,MW_NDL_2627_042,MW_MCH_M1,Philip Mtika,,CAF_MW_000192,37,,1h,,,fa,,,,unconfirmed,,
MW_NDL_2627_G-0099,MW_NDL_2627_042,MW_MCH_M1,Christopher Chulu,,CAF_MW_000047,45,1,1h,,,facebook,,,,unconfirmed,,
MW_NDL_2627_G-0100,MW_NDL_2627_042,MW_MCH_M1,Philip Mtika,,CAF_MW_000192,51,,2h,,,fa,,,,unconfirmed,,
MW_NDL_2627_G-0101,MW_NDL_2627_042,MW_MCH_M1,Christopher Chulu,,CAF_MW_000047,61,,2h,,,facebook,,,,unconfirmed,,
MW_NRFA_2627_G-0001,MW_NRFA_2627_001,MW_CHIN_M1,Temwa Ndhlovu,,CAF_MW_000235,15,,1h,,,unknown,,,,unconfirmed,,
MW_NRFA_2627_G-0003,MW_NRFA_2627_001,MW_MAFU_M1,Gumbikani Banda,,CAF_MW_000089,67,,2h,,,facebook,,,,unconfirmed,,
MW_NRFA_2627_G-0004,MW_NRFA_2627_001,MW_MAFU_M1,Gumbikani Banda,,CAF_MW_000089,,,,,,facebook,,,,unconfirmed,,
MW_NRFA_2627_G-0005,MW_NRFA_2627_002,MW_CZU_M1,Dickies Nyirenda,,CAF_MW_000287,8,,1h,,,unknown,,,,confirmed,,
MW_NRFA_2627_G-0006,MW_NRFA_2627_002,MW_CZU_M1,Dickies Nyirenda,,CAF_MW_000287,79,,2h,,,unknown,,,,confirmed,,
MW_NRFA_2627_G-0007,MW_NRFA_2627_002,MW_CZU_M1,Harrison Phiri,,CAF_MW_000288,77,,2h,,,unknown,,,,confirmed,,
MW_NRFA_2627_G-0008,MW_NRFA_2627_002,MW_CAS_M1,Kennedy Seme,,CAF_MW_000289,45+5,,1h,,,unknown,,,,confirmed,,
MW_NRFA_2627_G-0009,MW_NRFA_2627_005,MW_CHB_M1,Benjamin Mapunda,,CAF_MW_000303,42,,1h,,,unknown,,,,confirmed,,
MW_NRFA_2627_G-0010,MW_NRFA_2627_005,MW_CHB_M1,Wanangwa Gondwe,,CAF_MW_000304,,,,,,unknown,,,,confirmed,,
MW_NRFA_2627_G-0011,MW_NRFA_2627_005,MW_EKW_M1,Mphatso Kumwenda,,CAF_MW_000305,44,,1h,penalty,,unknown,,,,confirmed,,
MW_NRFA_2627_G-0012,MW_NRFA_2627_006,MW_MMW_M1,Shaibu Jahali,,CAF_MW_000306,6,,1h,,,unknown,,,,confirmed,,
MW_NRFA_2627_G-0013,MW_NRFA_2627_006,MW_MMW_M1,Massa Perekani,,CAF_MW_000307,38,,1h,,,unknown,,,,confirmed,,
MW_NRFA_2627_G-0014,MW_NRFA_2627_006,MW_EV_M1,Solomon Nkosi,,CAF_MW_000308,5,,1h,,,unknown,,,,confirmed,,
MW_NRFA_2627_G-0015,MW_NRFA_2627_007,MW_JU_M1,Wyson Nyirenda,,CAF_MW_000309,30,,1h,,,unknown,,,,confirmed,,
MW_NRFA_2627_G-0016,MW_NRFA_2627_003,MW_CRS_M1,Clifford Chisale,,CAF_MW_000310,4,,1h,,,facebook,https://www.facebook.com/share/p/1JgdD7nMHt/,,,confirmed,,
MW_NRFA_2627_G-0017,MW_NRFA_2627_003,MW_CRS_M1,Adjoy Shabani,,CAF_MW_000311,30,,1h,,,facebook,https://www.facebook.com/share/p/1JgdD7nMHt/,,,confirmed,,
MW_NRFA_2627_G-0018,MW_NRFA_2627_003,MW_CRS_M1,Henderson Kanjika,,CAF_MW_000312,61,,2h,penalty,,facebook,https://www.facebook.com/share/p/1JgdD7nMHt/,,,confirmed,,
MW_NRFA_2627_G-0019,MW_NRFA_2627_004,MW_VSA_M1,Jomole Phiri,,CAF_MW_000313,11,,1h,,,facebook,https://www.facebook.com/share/p/1E82mwUque/,,,confirmed,,
MW_NRFA_2627_G-0020,MW_NRFA_2627_004,MW_VSA_M1,Jomole Phiri,,CAF_MW_000313,16,,1h,,,facebook,https://www.facebook.com/share/p/1E82mwUque/,,,confirmed,,
MW_NRFA_2627_G-0021,MW_NRFA_2627_004,MW_VSA_M1,Jomole Phiri,,CAF_MW_000313,88,,2h,penalty,,facebook,https://www.facebook.com/share/p/1E82mwUque/,,,confirmed,,
MW_NRFA_2627_G-0022,MW_NRFA_2627_004,MW_VSA_M1,Nathan Msiska,,CAF_MW_000314,59,,2h,,,facebook,https://www.facebook.com/share/p/1E82mwUque/,,,confirmed,,
MW_NRFA_2627_G-0023,MW_NRFA_2627_004,MW_RFC_M1,Pearson Nyirenda,,CAF_MW_000315,6,,1h,,,facebook,https://www.facebook.com/share/p/1E82mwUque/,,,confirmed,,
MW_NRFA_2627_G-0024,MW_NRFA_2627_004,MW_RFC_M1,Kondwani Chirwa,,CAF_MW_000316,29,,1h,,,facebook,https://www.facebook.com/share/p/1E82mwUque/,,,confirmed,,
MW_NRFA_2627_G-0025,MW_NRFA_2627_004,MW_RFC_M1,Zachariah Mphamba,,CAF_MW_000317,,,,,,facebook,https://www.facebook.com/share/p/1E82mwUque/,,,confirmed,,
MW_SL_2627_G-0001,MW_SL_2627_001,MW_CSU_M1,John Dambuleni,,CAF_MW_000118,59,,2h,,,facebook,,,,unconfirmed,,
MW_SL_2627_G-0002,MW_SL_2627_001,MW_CSU_M1,Khumbo Mhone,,CAF_MW_000124,76,,2h,,,facebook,,,,unconfirmed,,
MW_SL_2627_G-0003,MW_SL_2627_001,MW_BULL_M1,Clever Kalambo,,CAF_MW_000050,8,,1h,,,facebook,,,,unconfirmed,,
MW_SL_2627_G-0004,MW_SL_2627_001,MW_BULL_M1,George Chaomba,,CAF_MW_000081,67,,2h,,,facebook,,,,unconfirmed,,
MW_SL_2627_G-0007,MW_SL_2627_004,MW_MAFC_M1,Clifford Msowoya,,CAF_MW_000051,90,1,2h,,,facebook,,,,unconfirmed,,
MW_SL_2627_G-0008,MW_SL_2627_004,MW_LM_M1,Emmanuel Nyakutepa,,CAF_MW_000066,41,,1h,,,facebook,,,,unconfirmed,,
MW_SL_2627_G-0009,MW_SL_2627_005,MW_REDL_M1,Fred Banda,,CAF_MW_000079,64,,2h,,,facebook,,,,unconfirmed,,
MW_SL_2627_G-0010,MW_SL_2627_005,MW_CS_M1,Ishmael Hassan,,CAF_MW_000112,70,,2h,,,facebook,,,,unconfirmed,,
MW_SL_2627_G-0011,MW_SL_2627_006,MW_BLUE_M1,Tonic Viyuyi,,CAF_MW_000237,26,,1h,,,unknown,,,,unconfirmed,,
MW_SL_2627_G-0012,MW_SL_2627_006,MW_BLUE_M1,Pius Saka,,CAF_MW_000195,36,,1h,,,fa,,,,unconfirmed,,
MW_SL_2627_G-0013,MW_SL_2627_006,MW_EFC_M1,Blessings Malinda,,CAF_MW_000023,47,,2h,,,facebook,,,,unconfirmed,,
MW_SL_2627_G-0014,MW_SL_2627_007,MW_MFC_M1,Precious Sambani,,CAF_MW_000197,11,,1h,,,fa,,,,unconfirmed,,
MW_SL_2627_G-0015,MW_SL_2627_008,MW_MW_M1,Isaac Kaliati,,CAF_MW_000110,15,,1h,,,facebook,,,,unconfirmed,,
MW_SL_2627_G-0016,MW_SL_2627_008,MW_MW_M1,Lameck Mithi,,CAF_MW_000134,22,,1h,,,facebook,,,,unconfirmed,,
MW_SL_2627_G-0017,MW_SL_2627_008,MW_MW_M1,Lameck Mithi,,CAF_MW_000134,38,,1h,,,facebook,,,,unconfirmed,,
MW_SL_2627_G-0018,MW_SL_2627_008,MW_MW_M1,Lameck Mithi,,CAF_MW_000134,88,,2h,,,facebook,,,,unconfirmed,,
MW_SL_2627_G-0019,MW_SL_2627_008,MW_KU_M1,Alex Benson,,CAF_MW_000005,34,,1h,,,facebook,,,,unconfirmed,,
MW_SL_2627_G-0020,MW_SL_2627_009,MW_LM_M1,Emmanuel Chikadza,,CAF_MW_000062,90,2,2h,penalty,,facebook,,,,unconfirmed,,
MW_SL_2627_G-0021,MW_SL_2627_010,MW_EFC_M1,Blessings Malinda,,CAF_MW_000023,11,,1h,,,facebook,,,,unconfirmed,,
MW_SL_2627_G-0022,MW_SL_2627_010,MW_REDL_M1,Calisto Kaliwo,,CAF_MW_000031,65,,2h,,,facebook,,,,unconfirmed,,
MW_SL_2627_G-0028,MW_SL_2627_012,MW_CU_M1,Joseph Mbaga,,CAF_MW_000120,53,,2h,,,facebook,,,,unconfirmed,,
MW_SL_2627_G-0029,MW_SL_2627_013,MW_CS_M1,Laurent Banda,,CAF_MW_000136,72,,2h,,,facebook,,,,unconfirmed,,
MW_SL_2627_G-0030,MW_SL_2627_013,MW_MW_M1,Lameck Mithi,,CAF_MW_000134,40,,1h,,,facebook,,,,unconfirmed,,
MW_SL_2627_G-0031,MW_SL_2627_013,MW_MW_M1,Promise Kamwendo,,CAF_MW_000198,81,,2h,,,fa,,,,unconfirmed,,
MW_SL_2627_G-0032,MW_SL_2627_014,MW_BULL_M1,Vitumbiko Phiri,,CAF_MW_000242,46,,2h,own_goal,,unknown,,,,unconfirmed,,
MW_SL_2627_G-0033,MW_SL_2627_015,MW_CSU_M1,Madalitso Maso,,CAF_MW_000152,7,,1h,,,fa,,,,unconfirmed,,
MW_SL_2627_G-0034,MW_SL_2627_016,MW_KU_M1,Godfrey Sibale,,CAF_MW_000085,17,,1h,,,facebook,,,,unconfirmed,,
MW_SL_2627_G-0035,MW_SL_2627_016,MW_MFC_M1,Stenie Davie,,CAF_MW_000226,33,,1h,,,unknown,,,,unconfirmed,,
MW_SL_2627_G-0036,MW_SL_2627_016,MW_MFC_M1,Phillimon Ndhlove,,CAF_MW_000193,54,,2h,,,fa,,,,unconfirmed,,
MW_SL_2627_G-0037,MW_SL_2627_017,MW_CSU_M1,John Dambuleni,,CAF_MW_000118,10,,1h,,,facebook,,,,unconfirmed,,
MW_SL_2627_G-0038,MW_SL_2627_019,MW_MB_M1,Charles Nkhoma,,CAF_MW_000034,27,,1h,,,facebook,,,,unconfirmed,,
MW_SL_2627_G-0039,MW_SL_2627_019,MW_MB_M1,Charles Nkhoma,,CAF_MW_000034,56,,2h,,,facebook,,,,unconfirmed,,
MW_SL_2627_G-0040,MW_SL_2627_019,MW_MB_M1,Matthews Masamba,,CAF_MW_000161,74,,2h,,,fa,,,,unconfirmed,,
MW_SL_2627_G-0041,MW_SL_2627_019,MW_CU_M1,Olamba Ngese,,CAF_MW_000183,61,,2h,penalty,,fa,,,,unconfirmed,,
MW_SL_2627_G-0042,MW_SL_2627_019,MW_CU_M1,Zenga Manda,,CAF_MW_000251,90,3,2h,,,unknown,,,,unconfirmed,,
MW_SL_2627_G-0043,MW_SL_2627_020,MW_BLUE_M1,Benett Konyo,,CAF_MW_000016,30,,1h,,,facebook,,,,unconfirmed,,
MW_SL_2627_G-0044,MW_SL_2627_021,MW_KB_M1,Hope Namadzunda,,CAF_MW_000102,11,,1h,penalty,,facebook,,,,unconfirmed,,
MW_SL_2627_G-0045,MW_SL_2627_021,MW_KU_M1,Lennox Kiwambe,,CAF_MW_000138,43,,1h,,,facebook,,,,unconfirmed,,
MW_SL_2627_G-0046,MW_SL_2627_022,MW_REDL_M1,Mphatso Magaleta,,CAF_MW_000178,38,,1h,penalty,,fa,,,,unconfirmed,,
MW_SL_2627_G-0047,MW_SL_2627_022,MW_REDL_M1,Mphatso Magaleta,,CAF_MW_000178,45,2,1h,,,fa,,,,unconfirmed,,
MW_SL_2627_G-0048,MW_SL_2627_022,MW_REDL_M1,Matthews Simbeye,,CAF_MW_000162,84,,2h,,,fa,,,,unconfirmed,,
MW_SL_2627_G-0049,MW_SL_2627_023,MW_MW_M1,Promise Kamwendo,,CAF_MW_000198,61,,2h,penalty,,fa,,,,unconfirmed,,
MW_SL_2627_G-0050,MW_SL_2627_023,MW_BULL_M1,Blessings Mpokera,,CAF_MW_000025,5,,1h,penalty,,facebook,,,,unconfirmed,,
MW_SL_2627_G-0051,MW_SL_2627_023,MW_BULL_M1,Maxwell Phodo,,CAF_MW_000167,60,,2h,,,fa,,,,unconfirmed,,
MW_SL_2627_G-0052,MW_SL_2627_024,MW_MFC_M1,Stenie Davie,,CAF_MW_000226,29,,1h,,,unknown,,,,unconfirmed,,
MW_SL_2627_G-0053,MW_SL_2627_024,MW_MFC_M1,Leo Kachikho,,CAF_MW_000139,90,6,2h,own_goal,,facebook,,,,unconfirmed,,
MW_SL_2627_G-0054,MW_SL_2627_025,MW_CS_M1,Patrick Mupanzi,,CAF_MW_000186,35,,1h,,,fa,,,,unconfirmed,,
MW_SL_2627_G-0055,MW_SL_2627_025,MW_KB_M1,Francis Mchema,,CAF_MW_000077,2,,1h,,,facebook,,,,unconfirmed,,
MW_SL_2627_G-0056,MW_SL_2627_025,MW_KB_M1,Olson Kanjira,,CAF_MW_000184,40,,1h,,,fa,,,,unconfirmed,,
MW_SL_2627_G-0057,MW_SL_2627_025,MW_KB_M1,Francis Mchema,,CAF_MW_000077,61,,2h,,,facebook,,,,unconfirmed,,
MW_SL_2627_G-0058,MW_SL_2627_026,MW_MW_M1,Muhammad Sulumba,,CAF_MW_000180,14,,1h,,,fa,,,,unconfirmed,,
MW_SL_2627_G-0059,MW_SL_2627_026,MW_MW_M1,Blessings Singini,,CAF_MW_000027,35,,1h,,,facebook,,,,unconfirmed,,
MW_SL_2627_G-0060,MW_SL_2627_027,MW_EFC_M1,Blessings Malinda,,CAF_MW_000023,54,,2h,,,facebook,,,,unconfirmed,,
MW_SL_2627_G-0061,MW_SL_2627_027,MW_EFC_M1,James Lumbe,,CAF_MW_000113,61,,2h,,,facebook,,,,unconfirmed,,
MW_SL_2627_G-0062,MW_SL_2627_028,MW_CU_M1,Zenga Manda,,CAF_MW_000251,59,,2h,,,unknown,,,,unconfirmed,,
MW_SL_2627_G-0066,MW_SL_2627_031,MW_KU_M1,Kennedy Mwakabaghe,,CAF_MW_000123,3,,1h,,,facebook,,,,unconfirmed,,
MW_SL_2627_G-0067,MW_SL_2627_031,MW_MAFC_M1,Awalu Alli,,CAF_MW_000015,83,,2h,,,facebook,,,,unconfirmed,,
MW_SL_2627_G-0068,MW_SL_2627_032,MW_BLUE_M1,Micium Mhone,,CAF_MW_000173,14,,1h,,,fa,,,,unconfirmed,,
MW_SL_2627_G-0069,MW_SL_2627_032,MW_BLUE_M1,Stacia Chibala,,CAF_MW_000225,46,,2h,,,unknown,,,,unconfirmed,,
MW_SL_2627_G-0070,MW_SL_2627_033,MW_REDL_M1,Mavuto Kamunga,,CAF_MW_000163,41,,1h,,,fa,,,,unconfirmed,,
MW_SL_2627_G-0071,MW_SL_2627_034,MW_MB_M1,Lucky Mkandawire,,CAF_MW_000143,4,,1h,,,facebook,,,,unconfirmed,,
MW_SL_2627_G-0072,MW_SL_2627_035,MW_BLUE_M1,Tonic Viyuyi,,CAF_MW_000237,39,,1h,,,unknown,,,,unconfirmed,,
MW_SL_2627_G-0073,MW_SL_2627_035,MW_BULL_M1,Ephraim Kondowe,,CAF_MW_000069,51,,2h,,,facebook,,,,unconfirmed,,
MW_SL_2627_G-0074,MW_SL_2627_036,MW_KB_M1,Rashid Chiromo,,CAF_MW_000207,70,,2h,,,fa,,,,unconfirmed,,
MW_SL_2627_G-0075,MW_SL_2627_036,MW_EFC_M1,Levison Mnyenyembe,,CAF_MW_000142,15,,1h,,,facebook,,,,unconfirmed,,
MW_SL_2627_G-0076,MW_SL_2627_036,MW_EFC_M1,Charles Mafaiti,,CAF_MW_000033,36,,1h,,,facebook,,,,unconfirmed,,
MW_SL_2627_G-0077,MW_SL_2627_036,MW_EFC_M1,James Lumbe,,CAF_MW_000113,64,,2h,,,facebook,,,,unconfirmed,,
MW_SL_2627_G-0078,MW_SL_2627_036,MW_EFC_M1,Sholigah Stambuli,,CAF_MW_000222,74,,2h,,,unknown,,,,unconfirmed,,
MW_SL_2627_G-0079,MW_SL_2627_037,MW_MAFC_M1,Clifford Msowoya,,CAF_MW_000051,46,,2h,,,facebook,,,,unconfirmed,,
MW_SL_2627_G-0080,MW_SL_2627_037,MW_MAFC_M1,Clifford Msowoya,,CAF_MW_000051,49,,2h,,,facebook,,,,unconfirmed,,
MW_SL_2627_G-0081,MW_SL_2627_038,MW_KU_M1,Godfrey Sibale,,CAF_MW_000085,33,,1h,,,facebook,,,,unconfirmed,,
MW_SL_2627_G-0082,MW_SL_2627_040,MW_MFC_M1,Hastings Ndau,,CAF_MW_000099,21,,1h,,,facebook,,,,unconfirmed,,
MW_SL_2627_G-0083,MW_SL_2627_040,MW_MFC_M1,Enock Kaonga,,CAF_MW_000068,30,,1h,,,facebook,,,,unconfirmed,,
MW_SL_2627_G-0084,MW_SL_2627_040,MW_MFC_M1,Hastings Ndau,,CAF_MW_000099,56,,2h,penalty,,facebook,,,,unconfirmed,,
MW_SL_2627_G-0085,MW_SL_2627_040,MW_MFC_M1,Hastings Ndau,,CAF_MW_000099,81,,2h,,,facebook,,,,unconfirmed,,
MW_SL_2627_G-0087,MW_SL_2627_042,MW_EFC_M1,Allen Chihana,,CAF_MW_000009,19,,1h,,,facebook,,,,unconfirmed,,
MW_SL_2627_G-0088,MW_SL_2627_042,MW_EFC_M1,Allen Chihana,,CAF_MW_000009,55,,2h,,,facebook,,,,unconfirmed,,
MW_SL_2627_G-0089,MW_SL_2627_043,MW_LM_M1,Moses Nyirenda,,CAF_MW_000177,41,,1h,,,fa,,,,unconfirmed,,
MW_SL_2627_G-0090,MW_SL_2627_043,MW_LM_M1,Raheam Mtondera,,CAF_MW_000203,68,,2h,,,fa,,,,unconfirmed,,
MW_SL_2627_G-0091,MW_SL_2627_043,MW_LM_M1,Raheam Mtondera,,CAF_MW_000203,90,3,2h,,,fa,,,,unconfirmed,,
MW_SL_2627_G-0092,MW_SL_2627_044,MW_BLUE_M1,Tonic Viyuyi,,CAF_MW_000237,14,,1h,,,unknown,,,,unconfirmed,,
MW_SL_2627_G-0093,MW_SL_2627_044,MW_BLUE_M1,Tonic Viyuyi,,CAF_MW_000237,90,4,2h,,,unknown,,,,unconfirmed,,
MW_SL_2627_G-0094,MW_SL_2627_045,MW_MW_M1,Isaac Kaliati,,CAF_MW_000110,6,,1h,,,facebook,,,,unconfirmed,,
MW_SL_2627_G-0095,MW_SL_2627_045,MW_MW_M1,Blessings Joseph,,CAF_MW_000021,10,,1h,own_goal,,facebook,,,,unconfirmed,,
MW_SL_2627_G-0096,MW_SL_2627_045,MW_MW_M1,Lameck Mithi,,CAF_MW_000134,32,,1h,,,facebook,,,,unconfirmed,,
MW_SL_2627_G-0097,MW_SL_2627_045,MW_MW_M1,Muhammad Sulumba,,CAF_MW_000180,82,,2h,,,fa,,,,unconfirmed,,
MW_SL_2627_G-0098,MW_SL_2627_046,MW_BULL_M1,George Chaomba,,CAF_MW_000081,90,5,2h,,,facebook,,,,unconfirmed,,
MW_SL_2627_G-0099,MW_SL_2627_046,MW_MB_M1,Lucky Mkandawire,,CAF_MW_000143,56,,2h,,,facebook,,,,unconfirmed,,
MW_SL_2627_G-0100,MW_SL_2627_047,MW_KU_M1,Godfrey Sibale,,CAF_MW_000085,90,,2h,,,facebook,,,,unconfirmed,,
MW_SL_2627_G-0101,MW_SL_2627_048,MW_DD_M1,Chifuniro Mpinganjira,,CAF_MW_000036,62,,2h,,,facebook,,,,unconfirmed,,
MW_SL_2627_G-0102,MW_SL_2627_049,MW_MW_M1,Promise Kamwendo,,CAF_MW_000198,90,1,2h,,,fa,,,,unconfirmed,,
MW_SL_2627_G-0103,MW_SL_2627_049,MW_EFC_M1,Blessings Malinda,,CAF_MW_000023,45,2,1h,,,facebook,,,,unconfirmed,,
MW_SL_2627_G-0106,MW_SL_2627_051,MW_MAFC_M1,Zikani Schinga,,CAF_MW_000252,45,2,1h,,,unknown,,,,unconfirmed,,
MW_SL_2627_G-0107,MW_SL_2627_051,MW_MAFC_M1,Blessings Mofolo,,CAF_MW_000024,77,,2h,,,facebook,,,,unconfirmed,,
MW_SL_2627_G-0108,MW_SL_2627_051,MW_MAFC_M1,Blessings Mofolo,,CAF_MW_000024,85,,2h,,,facebook,,,,unconfirmed,,
MW_SL_2627_G-0109,MW_SL_2627_052,MW_KB_M1,Olson Kanjira,,CAF_MW_000184,65,,2h,,,fa,,,,unconfirmed,,
MW_SL_2627_G-0110,MW_SL_2627_052,MW_BULL_M1,Ephraim Kondowe,,CAF_MW_000069,9,,1h,,,facebook,,,,unconfirmed,,
MW_SL_2627_G-0111,MW_SL_2627_052,MW_BULL_M1,Hope Namadzunda,,CAF_MW_000102,90,,2h,own_goal,,facebook,,,,unconfirmed,,
MW_SL_2627_G-0112,MW_SL_2627_053,MW_BLUE_M1,Webster Mzunda,,CAF_MW_000243,10,,1h,,,unknown,,,,unconfirmed,,
MW_SL_2627_G-0113,MW_SL_2627_053,MW_BLUE_M1,Enock Jobo,,CAF_MW_000067,35,,1h,,,facebook,,,,unconfirmed,,
MW_SL_2627_G-0114,MW_SL_2627_053,MW_BLUE_M1,Benett Konyo,,CAF_MW_000016,53,,2h,,,facebook,,,,unconfirmed,,
MW_SL_2627_G-0115,MW_SL_2627_053,MW_KU_M1,Lennox Kiwambe,,CAF_MW_000138,28,,1h,penalty,,facebook,,,,unconfirmed,,
MW_SL_2627_G-0116,MW_SL_2627_053,MW_KU_M1,Elias Muywanga,,CAF_MW_000061,39,,1h,,,facebook,,,,unconfirmed,,
MW_SL_2627_G-0117,MW_SL_2627_054,MW_MB_M1,Brown Maganga,,CAF_MW_000030,26,,1h,,,facebook,,,,unconfirmed,,
MW_SL_2627_G-0118,MW_SL_2627_054,MW_MB_M1,Lucky Mkandawire,,CAF_MW_000143,45,3,1h,,,facebook,,,,unconfirmed,,
MW_SL_2627_G-0119,MW_SL_2627_055,MW_REDL_M1,Mphatso Magaleta,,CAF_MW_000178,75,,2h,penalty,,fa,,,,unconfirmed,,
MW_SL_2627_G-0120,MW_SL_2627_056,MW_MFC_M1,Patrick Phiri,,CAF_MW_000187,83,,2h,,,fa,,,,unconfirmed,,
MW_SL_2627_G-0121,MW_SL_2627_056,MW_CS_M1,Ramadan Mtafu,,CAF_MW_000205,16,,1h,,,fa,,,,unconfirmed,,
MW_SL_2627_G-0122,MW_SL_2627_056,MW_CS_M1,Miracle Gabeya,,CAF_MW_000174,45,2,1h,own_goal,,fa,,,,unconfirmed,,
MW_SL_2627_G-0123,MW_SL_2627_056,MW_CS_M1,Harvey Nasiyaya,,CAF_MW_000096,67,,2h,,,facebook,,,,unconfirmed,,
MW_SL_2627_G-0124,MW_SL_2627_057,MW_LM_M1,Vincent Nyangulu,,CAF_MW_000241,6,,1h,,,unknown,,,,unconfirmed,,
MW_SL_2627_G-0125,MW_SL_2627_057,MW_LM_M1,Raheam Mtondera,,CAF_MW_000203,80,,2h,,,fa,,,,unconfirmed,,
MW_SL_2627_G-0126,MW_SL_2627_057,MW_LM_M1,Emmanuel Nyakutepa,,CAF_MW_000066,83,,2h,,,facebook,,,,unconfirmed,,
MW_SL_2627_G-0127,MW_SL_2627_057,MW_BLUE_M1,Farhad Mtcheka,,CAF_MW_000072,90,1,2h,,,facebook,,,,unconfirmed,,
MW_SL_2627_G-0128,MW_SL_2627_057,MW_BLUE_M1,Micium Mhone,,CAF_MW_000173,90,4,2h,,,fa,,,,unconfirmed,,
MW_SL_2627_G-0129,MW_SL_2627_058,MW_CU_M1,Olamba Ngese,,CAF_MW_000183,46,,2h,,,fa,,,,unconfirmed,,
MW_SL_2627_G-0130,MW_SL_2627_058,MW_CU_M1,Friday Osagie,,CAF_MW_000080,59,,2h,,,facebook,,,,unconfirmed,,
MW_SL_2627_G-0131,MW_SL_2627_058,MW_KB_M1,Chipiliro Phillip,,CAF_MW_000045,90,3,2h,,,facebook,,,,unconfirmed,,
MW_SL_2627_G-0132,MW_SL_2627_059,MW_CSU_M1,Muhammad Biason,,CAF_MW_000179,45,,1h,,,fa,,,,unconfirmed,,
MW_SL_2627_G-0136,MW_SL_2627_062,MW_DD_M1,Chifuniro Mpinganjira,,CAF_MW_000036,20,,1h,,,facebook,,,,unconfirmed,,
MW_SL_2627_G-0137,MW_SL_2627_062,MW_MW_M1,Blessings Mwalilino,,CAF_MW_000026,71,,2h,,,facebook,,,,unconfirmed,,
MW_SL_2627_G-0138,MW_SL_2627_063,MW_EFC_M1,Chimwemwe Chunga,,CAF_MW_000041,51,,2h,,,facebook,,,,unconfirmed,,
MW_SL_2627_G-0139,MW_SL_2627_064,MW_BULL_M1,Ephraim Kondowe,,CAF_MW_000069,55,,2h,penalty,,facebook,,,,unconfirmed,,
MW_SL_2627_G-0140,MW_SL_2627_065,MW_BULL_M1,Ephraim Kondowe,,CAF_MW_000069,9,,1h,,,facebook,,,,unconfirmed,,
MW_SL_2627_G-0141,MW_SL_2627_065,MW_BULL_M1,Ephraim Kondowe,,CAF_MW_000069,69,,2h,,,facebook,,,,unconfirmed,,
MW_SL_2627_G-0142,MW_SL_2627_066,MW_BLUE_M1,Micium Mhone,,CAF_MW_000173,24,,1h,,,fa,,,,unconfirmed,,
MW_SL_2627_G-0143,MW_SL_2627_067,MW_KU_M1,Tambulani Mwale,,CAF_MW_000234,6,,1h,,,unknown,,,,unconfirmed,,
MW_SL_2627_G-0144,MW_SL_2627_067,MW_DD_M1,Marko Chiwaya,,CAF_MW_000155,37,,1h,,,fa,,,,unconfirmed,,
MW_SL_2627_G-0145,MW_SL_2627_067,MW_DD_M1,Marko Chiwaya,,CAF_MW_000155,45,3,1h,,,fa,,,,unconfirmed,,
MW_SL_2627_G-0146,MW_SL_2627_067,MW_DD_M1,Chifuniro Mpinganjira,,CAF_MW_000036,67,,2h,,,facebook,,,,unconfirmed,,
MW_SL_2627_G-0147,MW_SL_2627_068,MW_MFC_M1,Chikaiko Batson,,CAF_MW_000037,42,,1h,,,facebook,,,,unconfirmed,,
MW_SL_2627_G-0148,MW_SL_2627_071,MW_REDL_M1,Matamando Mwatchipisa,,CAF_MW_000157,77,,2h,,,fa,,,,unconfirmed,,
MW_SL_2627_G-0149,MW_SL_2627_072,MW_MW_M1,Isaac Kaliati,,CAF_MW_000110,38,,1h,penalty,,facebook,,,,unconfirmed,,
MW_SL_2627_G-0150,MW_SL_2627_072,MW_MW_M1,Isaac Kaliati,,CAF_MW_000110,47,,2h,,,facebook,,,,unconfirmed,,
MW_SL_2627_G-0151,MW_SL_2627_072,MW_MW_M1,Clement Nyondo,,CAF_MW_000049,55,,2h,,,facebook,,,,unconfirmed,,
MW_SRFA_2627_G-0001,MW_SRFA_2627_001,MW_MS_M1,Medson Dozola,,CAF_MW_000171,16,,1h,,,fa,,,,unconfirmed,,
MW_SRFA_2627_G-0002,MW_SRFA_2627_001,MW_MS_M1,Chisomo Damalankhunda,,CAF_MW_000046,72,,2h,penalty,,facebook,,,,unconfirmed,,
MW_SRFA_2627_G-0003,MW_SRFA_2627_001,MW_BULL_M2,Kondwani Mhone,,CAF_MW_000129,21,,1h,,,facebook,,,,unconfirmed,,
MW_SRFA_2627_G-0004,MW_SRFA_2627_001,MW_BULL_M2,Chisomo Damalankhunda,,CAF_MW_000046,25,,1h,own_goal,,facebook,,,,unconfirmed,,
MW_SRFA_2627_G-0005,MW_SRFA_2627_001,MW_BULL_M2,Francis Malikebu,,CAF_MW_000076,37,,1h,,,facebook,,,,unconfirmed,,
MW_SRFA_2627_G-0006,MW_SRFA_2627_002,MW_CHIR_M1,Chipiliro Afiki,,CAF_MW_000044,,,,,,facebook,,,,unconfirmed,,
MW_SRFA_2627_G-0007,MW_SRFA_2627_002,MW_CHIR_M1,Darian latf,,CAF_MW_000053,,,,,,facebook,,,,unconfirmed,,
MW_SRFA_2627_G-0008,MW_SRFA_2627_002,MW_MS_M1,Kwandwani Twaja,,CAF_MW_000133,,,,,,facebook,,,,unconfirmed,,
MW_SRFA_2627_G-0009,MW_SRFA_2627_002,MW_MS_M1,Grecian Justin,,CAF_MW_000088,,,,,,facebook,,,,unconfirmed,,
MW_SRFA_2627_G-0010,MW_SRFA_2627_003,MW_LBTY_M1,Rabison Eliot,,CAF_MW_000199,82,,2h,,,fa,,,,unconfirmed,,
MW_SRFA_2627_G-0011,MW_SRFA_2627_005,MW_EFC_M2,Dominic Kayamba,,CAF_MW_000055,,,,,,facebook,,,,unconfirmed,,
MW_SRFA_2627_G-0012,MW_SRFA_2627_005,MW_EFC_M2,Hastings Malinda,,CAF_MW_000098,,,,,,facebook,,,,unconfirmed,,
MW_SRFA_2627_G-0013,MW_SRFA_2627_005,MW_TB_M1,Rex Chikaya,,CAF_MW_000208,,,,own_goal,,fa,,,,unconfirmed,,
MW_SRFA_2627_G-0014,MW_SRFA_2627_006,MW_FCT_M1,Samson Austin,,CAF_MW_000213,,,,,,unknown,,,,unconfirmed,,
MW_SRFA_2627_G-0015,MW_SRFA_2627_006,MW_FCT_M1,Mayamiko Jimmy,,CAF_MW_000168,,,,,,fa,,,,unconfirmed,,
MW_SRFA_2627_G-0016,MW_SRFA_2627_007,MW_LBTY_M1,Rabison Eliot,,CAF_MW_000199,,,,penalty,,fa,,,,unconfirmed,,
MW_SRFA_2627_G-0017,MW_SRFA_2627_008,MW_TB_M1,Joseph Masamba,,CAF_MW_000119,,,,own_goal,,facebook,,,,unconfirmed,,
MW_SRFA_2627_G-0018,MW_SRFA_2627_008,MW_ZU_M1,Atusaye Mwangonde,,CAF_MW_000014,,,,,,facebook,,,,unconfirmed,,
MW_SRFA_2627_G-0019,MW_SRFA_2627_009,MW_NY_M1,Francis Chirwa,,CAF_MW_000075,,,,,,facebook,,,,unconfirmed,,
MW_SRFA_2627_G-0020,MW_SRFA_2627_009,MW_NY_M1,Landwell Nyirenda,,CAF_MW_000135,,,,,,facebook,,,,unconfirmed,,
MW_SRFA_2627_G-0021,MW_SRFA_2627_009,MW_NY_M1,Innocent Jauma,,CAF_MW_000106,,,,,,facebook,,,,unconfirmed,,
MW_SRFA_2627_G-0022,MW_SRFA_2627_009,MW_NY_M1,Peter Mbowe,,CAF_MW_000189,,,,,,fa,,,,unconfirmed,,
MW_SRFA_2627_G-0023,MW_SRFA_2627_010,MW_BULL_M2,Verson Mudu,,CAF_MW_000240,14,,1h,,,unknown,,,,unconfirmed,,
MW_SRFA_2627_G-0024,MW_SRFA_2627_010,MW_BULL_M2,Francis Malikebu,,CAF_MW_000076,17,,1h,,,facebook,,,,unconfirmed,,
MW_SRFA_2627_G-0025,MW_SRFA_2627_010,MW_BULL_M2,Francis Malikebu,,CAF_MW_000076,22,,1h,,,facebook,,,,unconfirmed,,
MW_SRFA_2627_G-0026,MW_SRFA_2627_010,MW_BULL_M2,Verson Mudu,,CAF_MW_000240,50,,2h,,,unknown,,,,unconfirmed,,
MW_SRFA_2627_G-0027,MW_SRFA_2627_010,MW_BULL_M2,Francis Malikebu,,CAF_MW_000076,53,,2h,,,facebook,,,,unconfirmed,,
MW_SRFA_2627_G-0028,MW_SRFA_2627_010,MW_BULL_M2,Duncan Kumbuyo,,CAF_MW_000056,76,,2h,,,facebook,,,,unconfirmed,,
MW_SRFA_2627_G-0029,MW_SRFA_2627_010,MW_MWU_M1,McMillan Mwale,,CAF_MW_000170,88,,2h,,,fa,,,,unconfirmed,,
MW_SRFA_2627_G-0030,MW_SRFA_2627_012,MW_MS_M1,Feston Makanjira,,CAF_MW_000073,,,,,,facebook,,,,unconfirmed,,
MW_SRFA_2627_G-0031,MW_SRFA_2627_013,MW_FCT_M1,Stuart Kalima,,CAF_MW_000231,,,,,,unknown,,,,unconfirmed,,
MW_SRFA_2627_G-0032,MW_SRFA_2627_013,MW_FCT_M1,Stuart Kalima,,CAF_MW_000231,,,,,,unknown,,,,unconfirmed,,
MW_SRFA_2627_G-0033,MW_SRFA_2627_013,MW_FCT_M1,Samson Austin,,CAF_MW_000213,,,,,,unknown,,,,unconfirmed,,
MW_SRFA_2627_G-0034,MW_SRFA_2627_013,MW_FCT_M1,Sambani,,CAF_MW_000212,,,,own_goal,,unknown,,,,unconfirmed,,
MW_SRFA_2627_G-0035,MW_SRFA_2627_014,MW_NFC_M1,Chikumbutso Batison,,CAF_MW_000038,,,,,,facebook,,,,unconfirmed,,
MW_SRFA_2627_G-0036,MW_SRFA_2627_014,MW_TB_M1,Emmanuel Nkawa,,CAF_MW_000065,,,,,,facebook,,,,unconfirmed,,
MW_SRFA_2627_G-0037,MW_SRFA_2627_014,MW_TB_M1,Brown Aman,,CAF_MW_000029,,,,,,facebook,,,,unconfirmed,,
MW_SRFA_2627_G-0038,MW_SRFA_2627_014,MW_TB_M1,Yamikani Kazembe,,CAF_MW_000246,,,,,,unknown,,,,unconfirmed,,
MW_SRFA_2627_G-0039,MW_SRFA_2627_015,MW_LBTY_M1,Martin Adam,,CAF_MW_000156,,,,,,fa,,,,unconfirmed,,
MW_SRFA_2627_G-0040,MW_SRFA_2627_015,MW_LBTY_M1,Martin Adam,,CAF_MW_000156,,,,,,fa,,,,unconfirmed,,
MW_SRFA_2627_G-0041,MW_SRFA_2627_016,MW_CHIR_M1,Amon Fack,,CAF_MW_000011,,,,,,facebook,,,,unconfirmed,,
MW_SRFA_2627_G-0042,MW_SRFA_2627_017,MW_IFC_M1,Haswell Chiwaya,,CAF_MW_000100,,,,,,facebook,,,,unconfirmed,,
MW_SRFA_2627_G-0043,MW_SRFA_2627_018,MW_MW_M2,Golden Mafunga,,CAF_MW_000086,,,,,,facebook,,,,unconfirmed,,
MW_SRFA_2627_G-0044,MW_SRFA_2627_018,MW_EFC_M2,Yusuf Namtunga,,CAF_MW_000250,,,,,,unknown,,,,unconfirmed,,
MW_SRFA_2627_G-0045,MW_SRFA_2627_018,MW_EFC_M2,Edson Chibalo,,CAF_MW_000060,,,,,,facebook,,,,unconfirmed,,
MW_SRFA_2627_G-0046,MW_SRFA_2627_018,MW_EFC_M2,Simplex Kachingwe,,CAF_MW_000223,,,,own_goal,,unknown,,,,unconfirmed,,
MW_SRFA_2627_G-0047,MW_SRFA_2627_019,MW_MWU_M1,Yankho Mafuta,,CAF_MW_000248,,,,,,unknown,,,,unconfirmed,,
MW_SRFA_2627_G-0048,MW_SRFA_2627_019,MW_MWU_M1,Happy Mwakausi,,CAF_MW_000094,,,,,,facebook,,,,unconfirmed,,
MW_SRFA_2627_G-0049,MW_SRFA_2627_020,MW_FCT_M1,Samson Austin,,CAF_MW_000213,,,,,,unknown,,,,unconfirmed,,
MW_SRFA_2627_G-0050,MW_SRFA_2627_020,MW_FCT_M1,Samson Austin,,CAF_MW_000213,,,,,,unknown,,,,unconfirmed,,
MW_SRFA_2627_G-0051,MW_SRFA_2627_020,MW_FCT_M1,Samson Austin,,CAF_MW_000213,,,,,,unknown,,,,unconfirmed,,
MW_SRFA_2627_G-0052,MW_SRFA_2627_020,MW_FCT_M1,Yamikani Mtalimanja,,CAF_MW_000247,,,,,,unknown,,,,unconfirmed,,
MW_SRFA_2627_G-0053,MW_SRFA_2627_020,MW_QAS_M1,Wilson Jacob,,CAF_MW_000245,,,,,,unknown,,,,unconfirmed,,
MW_SRFA_2627_G-0054,MW_SRFA_2627_021,MW_IFC_M1,Alex Mkolongo,,CAF_MW_000006,,,,,,facebook,,,,unconfirmed,,
MW_SRFA_2627_G-0055,MW_SRFA_2627_022,MW_MW_M2,Amin Yusuf,,CAF_MW_000010,34,,1h,,,facebook,,,,unconfirmed,,
MW_SRFA_2627_G-0056,MW_SRFA_2627_023,MW_ZU_M1,Yohane Mambo,,CAF_MW_000249,,,,,,unknown,,,,unconfirmed,,
MW_SRFA_2627_G-0057,MW_SRFA_2627_023,MW_ZU_M1,Joshua Chawinga,,CAF_MW_000121,,,,,,facebook,,,,unconfirmed,,
MW_SRFA_2627_G-0058,MW_SRFA_2627_023,MW_CHIR_M1,Mathews Tivalenji,,CAF_MW_000160,,,,,,fa,,,,unconfirmed,,
MW_SRFA_2627_G-0059,MW_SRFA_2627_024,MW_NY_M1,Innocent Jauma,,CAF_MW_000106,,,,,,facebook,,,,unconfirmed,,
MW_SRFA_2627_G-0060,MW_SRFA_2627_025,MW_MS_M1,Kondwani Thwadya,,CAF_MW_000132,,,,,,facebook,,,,unconfirmed,,
MW_SRFA_2627_G-0061,MW_SRFA_2627_025,MW_MS_M1,Frank London,,CAF_MW_000078,,,,,,facebook,,,,unconfirmed,,
MW_SRFA_2627_G-0062,MW_SRFA_2627_025,MW_MWU_M1,Happy Mwakausi,,CAF_MW_000094,,,,,,facebook,,,,unconfirmed,,
MW_SRFA_2627_G-0063,MW_SRFA_2627_026,MW_EFC_M2,Yusuf Namtunga,,CAF_MW_000250,,,,,,unknown,,,,unconfirmed,,
MW_SRFA_2627_G-0064,MW_SRFA_2627_026,MW_EFC_M2,Yusuf Namtunga,,CAF_MW_000250,,,,,,unknown,,,,unconfirmed,,
MW_SRFA_2627_G-0065,MW_SRFA_2627_027,MW_QAS_M1,George Makoko,,CAF_MW_000082,,,,,,facebook,,,,unconfirmed,,
MW_SRFA_2627_G-0066,MW_SRFA_2627_027,MW_QAS_M1,George Makoko,,CAF_MW_000082,,,,,,facebook,,,,unconfirmed,,
MW_SRFA_2627_G-0067,MW_SRFA_2627_027,MW_CFC_M1,Moses Matias,,CAF_MW_000176,,,,,,fa,,,,unconfirmed,,
MW_SRFA_2627_G-0068,MW_SRFA_2627_028,MW_IFC_M1,Alex Mkolongo,,CAF_MW_000006,,,,,,facebook,,,,unconfirmed,,
MW_SRFA_2627_G-0069,MW_SRFA_2627_028,MW_IFC_M1,Madalitso Chiumia,,CAF_MW_000150,,,,,,fa,,,,unconfirmed,,
MW_SRFA_2627_G-0070,MW_SRFA_2627_028,MW_NFC_M1,Joel Banda,,CAF_MW_000117,,,,,,facebook,,,,unconfirmed,,
MW_SRFA_2627_G-0071,MW_SRFA_2627_028,MW_NFC_M1,Chikumbutso Batison,,CAF_MW_000038,,,,,,facebook,,,,unconfirmed,,
MW_SRFA_2627_G-0072,MW_SRFA_2627_029,MW_MW_M2,Amin Yusuf,,CAF_MW_000010,,,,,,facebook,,,,unconfirmed,,
MW_SRFA_2627_G-0073,MW_SRFA_2627_030,MW_NFC_M1,Westin Nazombe,,CAF_MW_000244,,,,,,unknown,,,,unconfirmed,,
MW_SRFA_2627_G-0074,MW_SRFA_2627_030,MW_MWU_M1,Tafu Fole,,CAF_MW_000233,,,,,,unknown,,,,unconfirmed,,
MW_SRFA_2627_G-0075,MW_SRFA_2627_031,MW_LBTY_M1,Rabison Eliot,,CAF_MW_000199,,,,,,fa,,,,unconfirmed,,
MW_SRFA_2627_G-0076,MW_SRFA_2627_031,MW_IFC_M1,Tonny Mbulu,,CAF_MW_000238,,,,,,unknown,,,,unconfirmed,,
MW_SRFA_2627_G-0077,MW_SRFA_2627_031,MW_IFC_M1,Hajap Fatch,,CAF_MW_000091,,,,,,facebook,,,,unconfirmed,,
MW_SRFA_2627_G-0078,MW_SRFA_2627_032,MW_EFC_M2,Yusuf Namtunga,,CAF_MW_000250,,,,,,unknown,,,,unconfirmed,,
MW_SRFA_2627_G-0079,MW_SRFA_2627_032,MW_EFC_M2,Yusuf Namtunga,,CAF_MW_000250,,,,,,unknown,,,,unconfirmed,,
MW_SRFA_2627_G-0080,MW_SRFA_2627_032,MW_EFC_M2,Yusuf Namtunga,,CAF_MW_000250,,,,,,unknown,,,,unconfirmed,,
MW_SRFA_2627_G-0081,MW_SRFA_2627_032,MW_EFC_M2,Eckison Paul,,CAF_MW_000059,,,,,,facebook,,,,unconfirmed,,
MW_SRFA_2627_G-0082,MW_SRFA_2627_032,MW_EFC_M2,Hastings Malinda,,CAF_MW_000098,,,,,,facebook,,,,unconfirmed,,
MW_SRFA_2627_G-0083,MW_SRFA_2627_032,MW_EFC_M2,Grant Chibalo,,CAF_MW_000087,,,,,,facebook,,,,unconfirmed,,
MW_SRFA_2627_G-0084,MW_SRFA_2627_032,MW_ZU_M1,Yohane Mambo,,CAF_MW_000249,,,,,,unknown,,,,unconfirmed,,
MW_SRFA_2627_G-0085,MW_SRFA_2627_034,MW_TB_M1,Emmanuel Mkawa,,CAF_MW_000063,,,,,,facebook,,,,unconfirmed,,
MW_SRFA_2627_G-0086,MW_SRFA_2627_034,MW_TB_M1,Idrisah Juma,,CAF_MW_000105,,,,,,facebook,,,,unconfirmed,,
MW_SRFA_2627_G-0087,MW_SRFA_2627_034,MW_MW_M2,Amin Yusuf,,CAF_MW_000010,,,,,,facebook,,,,unconfirmed,,
MW_SRFA_2627_G-0088,MW_SRFA_2627_035,MW_NCH_M1,Samuel Patrick,,CAF_MW_000215,,,,,,unknown,,,,unconfirmed,,
MW_SRFA_2627_G-0089,MW_SRFA_2627_035,MW_NCH_M1,Samuel Patrick,,CAF_MW_000215,,,,,,unknown,,,,unconfirmed,,
MW_SRFA_2627_G-0090,MW_SRFA_2627_035,MW_QAS_M1,Owen Leo,,CAF_MW_000185,,,,,,fa,,,,unconfirmed,,
MW_SRFA_2627_G-0091,MW_SRFA_2627_036,MW_FCT_M1,Stuart Kalima,,CAF_MW_000231,,,,,,unknown,,,,unconfirmed,,
MW_SRFA_2627_G-0092,MW_SRFA_2627_036,MW_FCT_M1,Samuel Austin,,CAF_MW_000214,,,,,,unknown,,,,unconfirmed,,
MW_SRFA_2627_G-0093,MW_SRFA_2627_036,MW_NY_M1,Benito Chikumbu,,CAF_MW_000017,,,,,,facebook,,,,unconfirmed,,
MW_SRFA_2627_G-0094,MW_SRFA_2627_036,MW_NY_M1,Kelvin Chimodzi,,CAF_MW_000122,,,,,,facebook,,,,unconfirmed,,
MW_SRFA_2627_G-0095,MW_SRFA_2627_037,MW_ZU_M1,Yohane Mambo,,CAF_MW_000249,,,,,,unknown,,,,unconfirmed,,
MW_SRFA_2627_G-0096,MW_SRFA_2627_037,MW_ZU_M1,Yohane Mambo,,CAF_MW_000249,,,,,,unknown,,,,unconfirmed,,
MW_SRFA_2627_G-0097,MW_SRFA_2627_037,MW_QAS_M1,George Makoko,,CAF_MW_000082,,,,,,facebook,,,,unconfirmed,,
MW_SRFA_2627_G-0098,MW_SRFA_2627_038,MW_NFC_M1,Leonard Mpanje,,CAF_MW_000141,,,,,,facebook,,,,unconfirmed,,
MW_SRFA_2627_G-0099,MW_SRFA_2627_038,MW_NFC_M1,Westin Nazombe,,CAF_MW_000244,,,,,,unknown,,,,unconfirmed,,
MW_SRFA_2627_G-0100,MW_SRFA_2627_038,MW_NFC_M1,Westin Nazombe,,CAF_MW_000244,,,,,,unknown,,,,unconfirmed,,
MW_SRFA_2627_G-0101,MW_SRFA_2627_038,MW_NFC_M1,Lyton Luciano,,CAF_MW_000146,,,,,,placeholder,,,,unconfirmed,,
MW_SRFA_2627_G-0102,MW_SRFA_2627_038,MW_NFC_M1,Chikumbutso Burton,,CAF_MW_000040,,,,,,facebook,,,,unconfirmed,,
MW_SRFA_2627_G-0103,MW_SRFA_2627_038,MW_NFC_M1,Chikumbutso Burton,,CAF_MW_000040,,,,,,facebook,,,,unconfirmed,,
MW_SRFA_2627_G-0104,MW_SRFA_2627_038,MW_EFC_M2,Yusuf Namtunga,,CAF_MW_000250,,,,,,unknown,,,,unconfirmed,,
MW_SRFA_2627_G-0105,MW_SRFA_2627_038,MW_EFC_M2,Yusuf Namtunga,,CAF_MW_000250,,,,,,unknown,,,,unconfirmed,,
MW_SRFA_2627_G-0106,MW_SRFA_2627_039,MW_NY_M1,Innocent Jauma,,CAF_MW_000106,,,,,,facebook,,,,unconfirmed,,
MW_SRFA_2627_G-0126,MW_SRFA_2627_051,MW_CFC_M1,Nicholas Oscar,,CAF_MW_000255,,,,,,facebook,https://www.facebook.com/share/p/1DWDd62bbU/,,,confirmed,,
MW_SRFA_2627_G-0107,MW_SRFA_2627_040,MW_CFC_M1,Philip Kagona,,CAF_MW_000191,,,,,,fa,,,,unconfirmed,,
MW_SRFA_2627_G-0127,MW_SRFA_2627_049,MW_EFC_M2,Hestings Malinda,,CAF_MW_000256,,,,,,unknown,,,,confirmed,,
MW_SRFA_2627_G-0108,MW_SRFA_2627_040,MW_LBTY_M1,Mario Mkhoma,,CAF_MW_000154,,,,,,fa,,,,unconfirmed,,
MW_SRFA_2627_G-0128,MW_SRFA_2627_049,MW_EFC_M2,Kenneth Mwale,,CAF_MW_000257,,,,,,unknown,,,,confirmed,,
MW_SRFA_2627_G-0109,MW_SRFA_2627_041,MW_NCH_M1,Pilirani Banda,,CAF_MW_000194,,,,,,fa,,,,unconfirmed,,
MW_SRFA_2627_G-0129,MW_SRFA_2627_049,MW_EFC_M2,Eckison Paul,,CAF_MW_000258,,,,,,unknown,,,,confirmed,,
MW_SRFA_2627_G-0110,MW_SRFA_2627_041,MW_NCH_M1,Blessings Gustina,,CAF_MW_000019,,,,,,facebook,,,,unconfirmed,,
MW_SRFA_2627_G-0130,MW_SRFA_2627_048,MW_LBTY_M1,Mario Mkhoma,,CAF_MW_000154,,,,,,unknown,,,,confirmed,,
MW_SRFA_2627_G-0111,MW_SRFA_2627_042,MW_IFC_M1,Hajap Fatch,,CAF_MW_000091,,,,,,facebook,,,,unconfirmed,,
MW_SRFA_2627_G-0131,MW_SRFA_2627_048,MW_LBTY_M1,Richard Chirwa,,CAF_MW_000259,,,,,,unknown,,,,confirmed,,
MW_SRFA_2627_G-0112,MW_SRFA_2627_043,MW_MW_M2,Steve Malemba,,CAF_MW_000228,,,,,,unknown,,,,confirmed,,
MW_SRFA_2627_G-0132,MW_SRFA_2627_048,MW_QAS_M1,George Makoko,,CAF_MW_000260,,,,,,unknown,,,,confirmed,,
MW_SRFA_2627_G-0113,MW_SRFA_2627_043,MW_MW_M2,Steve Palemeza Jr,,CAF_MW_000230,,,,,,unknown,,,,confirmed,,
MW_SRFA_2627_G-0133,MW_SRFA_2627_048,MW_QAS_M1,Peter Blair,,CAF_MW_000261,,,,,,unknown,,,,confirmed,,
MW_SRFA_2627_G-0114,MW_SRFA_2627_043,MW_MS_M1,Gerson Justin,,CAF_MW_000084,,,,,,facebook,,,,confirmed,,
MW_SRFA_2627_G-0134,MW_SRFA_2627_053,MW_IFC_M1,Gift Sato,,CAF_MW_000262,,,,,,unknown,,,,confirmed,,
MW_SRFA_2627_G-0115,MW_SRFA_2627_043,MW_MS_M1,Chisomo Damalankhunda,,CAF_MW_000046,,,,,,facebook,,,,confirmed,,
MW_SRFA_2627_G-0135,MW_SRFA_2627_053,MW_IFC_M1,Prino Dickson,,CAF_MW_000263,,,,,,unknown,,,,confirmed,,
MW_SRFA_2627_G-0116,MW_SRFA_2627_043,MW_MS_M1,Jimmy Banda,,CAF_MW_000116,,,,,,facebook,,,,confirmed,,
MW_SRFA_2627_G-0136,MW_SRFA_2627_053,MW_MWU_M1,Alex Thyangathyanga,,CAF_MW_000264,,,,,,unknown,,,,confirmed,,
MW_SRFA_2627_G-0117,MW_SRFA_2627_044,MW_FCT_M1,Samuel Austin,,CAF_MW_000214,,,,,,unknown,,,,confirmed,,
MW_SRFA_2627_G-0137,MW_SRFA_2627_053,MW_MWU_M1,Mike Chabisala,,CAF_MW_000265,,,,,,unknown,,,,confirmed,,
MW_SRFA_2627_G-0118,MW_SRFA_2627_045,MW_IFC_M1,Tonny Mbulu,,CAF_MW_000238,,,,,,unknown,,,,confirmed,,
MW_SRFA_2627_G-0138,MW_SRFA_2627_052,MW_BULL_M2,Enos Hendeman,,CAF_MW_000266,,,,,,unknown,,,,confirmed,,
MW_SRFA_2627_G-0119,MW_SRFA_2627_045,MW_IFC_M1,Hajap Fatch,,CAF_MW_000091,,,,,,facebook,,,,confirmed,,
MW_SRFA_2627_G-0139,MW_SRFA_2627_052,MW_BULL_M2,Jazeel Banet,,CAF_MW_000267,,,,,,unknown,,,,confirmed,,
MW_SRFA_2627_G-0120,MW_SRFA_2627_045,MW_BULL_M2,Mathews Nkunika,,CAF_MW_000159,,,,,,fa,,,,confirmed,,
MW_SRFA_2627_G-0140,MW_SRFA_2627_055,MW_NY_M1,Eric Sadia,,CAF_MW_000268,,,,,,unknown,,,,confirmed,,
MW_SRFA_2627_G-0121,MW_SRFA_2627_046,MW_NY_M1,Randwell Nyirenda,,CAF_MW_000206,28,,1h,,,fa,,,,confirmed,,
MW_SRFA_2627_G-0141,MW_SRFA_2627_055,MW_MW_M2,Chastry Kandiado,,CAF_MW_000269,,,,,,unknown,,,,confirmed,,
MW_SRFA_2627_G-0122,MW_SRFA_2627_046,MW_NY_M1,Eric Sadia,,CAF_MW_000070,62,,2h,,,facebook,,,,confirmed,,
MW_SRFA_2627_G-0123,MW_SRFA_2627_047,MW_NCH_M1,Pilirani Banda,,CAF_MW_000194,,,,,,fa,,,,confirmed,,
MW_SRFA_2627_G-0124,MW_SRFA_2627_047,MW_NCH_M1,Pemphero Nseula,,CAF_MW_000188,,,,,,fa,,,,confirmed,,
MW_SRFA_2627_G-0125,MW_SRFA_2627_047,MW_CHIR_M1,Luke Ntope,,CAF_MW_000144,,,,,,placeholder,,,,confirmed,,
MW_NRFA_2627_G-0026,MW_NRFA_2627_008,MW_CHIP_M1,Clement Mthali,,CAF_MW_000318,,,,,,facebook,https://www.facebook.com/share/p/1GcYb7WmD2/,,2026-07-19T09:39:21+00:00,confirmed,,
MW_NRFA_2627_G-0027,MW_NRFA_2627_008,MW_CHIP_M1,Clement Mthali,,CAF_MW_000318,,,,,,facebook,https://www.facebook.com/share/p/1GcYb7WmD2/,,2026-07-19T09:39:23+00:00,confirmed,,
MW_NRFA_2627_G-0028,MW_NRFA_2627_008,MW_CHIP_M1,Mike Luhanga,,CAF_MW_000319,,,,,,facebook,https://www.facebook.com/share/p/1GcYb7WmD2/,,2026-07-19T09:39:25+00:00,confirmed,,
MW_NRFA_2627_G-0029,MW_NRFA_2627_008,MW_LVFC_M1,Jonathan Phiri,,CAF_MW_000320,,,,,,facebook,https://www.facebook.com/share/p/1GcYb7WmD2/,,2026-07-19T09:39:28+00:00,confirmed,,
MW_NRFA_2627_G-0030,MW_NRFA_2627_010,MW_EV_M1,Daniel Chisokwe,,CAF_MW_000321,,,,,,facebook,https://www.facebook.com/share/p/1GcYb7WmD2/,,2026-07-19T09:42:34+00:00,confirmed,,
MW_NRFA_2627_G-0031,MW_NRFA_2627_010,MW_CHB_M1,Benjamin Mapunda,,CAF_MW_000303,,,,,,facebook,https://www.facebook.com/share/p/1GcYb7WmD2/,,2026-07-19T09:42:37+00:00,confirmed,,
MW_NRFA_2627_G-0032,MW_NRFA_2627_011,MW_EKW_M1,Emmanuel Mlotha,,CAF_MW_000322,,,,,,facebook,https://www.facebook.com/share/p/1GcYb7WmD2/,,2026-07-19T09:43:59+00:00,confirmed,,
MW_NRFA_2627_G-0033,MW_NRFA_2627_011,MW_CRS_M1,Henderson Kanjika,,CAF_MW_000312,,,,,,facebook,https://www.facebook.com/share/p/1GcYb7WmD2/,,2026-07-19T09:44:00+00:00,confirmed,,
MW_NRFA_2627_G-0034,MW_NRFA_2627_011,MW_CRS_M1,Thompson Mkandawire,,CAF_MW_000323,,,,,,facebook,https://www.facebook.com/share/p/1GcYb7WmD2/,,2026-07-19T09:44:02+00:00,confirmed,,
MW_CRFA_2627_G-0039,MW_CRFA_2627_017,MW_LFC_M1,Andrew Mwale,,CAF_MW_000286,77,,2h,,,facebook,https://www.facebook.com/share/p/195DjCbnWo/,,2026-07-19T09:50:51+00:00,confirmed,,
MW_CRFA_2627_G-0040,MW_CRFA_2627_017,MW_LFC_M1,Cyrus Grem,,CAF_MW_000324,83,,2h,,,facebook,https://www.facebook.com/share/p/195DjCbnWo/,,2026-07-19T09:50:53+00:00,confirmed,,
MW_CRFA_2627_G-0041,MW_CRFA_2627_017,MW_LFC_M1,Cyrus Grem,,CAF_MW_000324,86,,2h,,,facebook,https://www.facebook.com/share/p/195DjCbnWo/,,2026-07-19T09:50:54+00:00,confirmed,,
MW_CRFA_2627_G-0042,MW_CRFA_2627_017,MW_AB_M1,Sulintha Robert,,CAF_MW_000325,75,,2h,,,facebook,https://www.facebook.com/share/p/195DjCbnWo/,,2026-07-19T09:50:56+00:00,confirmed,,
MW_SL_2627_G-0152,MW_SL_2627_075,MW_MB_M1,Brown Maganga,,CAF_MW_000030,23,,1h,,,facebook,https://www.facebook.com/share/p/1VRQD5akjX/,,2026-07-19T09:58:25+00:00,confirmed,,
MW_SL_2627_G-0153,MW_SL_2627_075,MW_MB_M1,Chifuwa Makawa,,CAF_MW_000326,89,,2h,,,facebook,https://www.facebook.com/share/p/1VRQD5akjX/,,2026-07-19T09:58:28+00:00,confirmed,,
MW_SL_2627_G-0154,MW_SL_2627_075,MW_MFC_M1,Chisomo Mpachika,,CAF_MW_000327,51,,2h,,,facebook,https://www.facebook.com/share/p/1VRQD5akjX/,,2026-07-19T09:58:30+00:00,confirmed,,
MW_SL_2627_G-0155,MW_SL_2627_075,MW_MFC_M1,Stenie Davie,,CAF_MW_000226,75,,2h,,,facebook,https://www.facebook.com/share/p/1VRQD5akjX/,,2026-07-19T09:58:31+00:00,confirmed,,
MW_SL_2627_G-0156,MW_SL_2627_076,MW_LM_M1,Raheam Mtondera,,CAF_MW_000203,17,,1h,penalty,,facebook,https://www.facebook.com/share/p/1VRQD5akjX/,,2026-07-19T09:59:10+00:00,confirmed,,
MW_SL_2627_G-0157,MW_SL_2627_073,MW_MW_M1,Adam Wallace,,CAF_MW_000328,50,,2h,,,facebook,https://www.facebook.com/share/p/1VRQD5akjX/,,2026-07-19T10:00:09+00:00,confirmed,,
MW_SL_2627_G-0158,MW_SL_2627_073,MW_MW_M1,Gracious Kapachika,,CAF_MW_000329,70,,2h,own_goal,,facebook,https://www.facebook.com/share/p/1VRQD5akjX/,,2026-07-19T10:00:11+00:00,confirmed,,
MW_SL_2627_G-0159,MW_SL_2627_079,MW_MAFC_M1,Ben Mbewe,,CAF_MW_000330,58,,2h,,,facebook,https://www.facebook.com/share/p/1VRQD5akjX/,,2026-07-19T10:01:20+00:00,confirmed,,
MW_SL_2627_G-0160,MW_SL_2627_079,MW_MAFC_M1,Prince Kachere,,CAF_MW_000331,69,,2h,,,facebook,https://www.facebook.com/share/p/1VRQD5akjX/,,2026-07-19T10:01:23+00:00,confirmed,,
MW_NDL_2627_G-0102,MW_NDL_2627_043,MW_BAS_M1,Joshua Masache,,CAF_MW_000332,22,,1h,,,facebook,https://www.facebook.com/share/p/19LQR4ZBQX/,,2026-07-19T10:02:43+00:00,confirmed,,
MW_NDL_2627_G-0103,MW_NDL_2627_043,MW_BAS_M1,Upile Kapunja,,CAF_MW_000239,78,,2h,,,facebook,https://www.facebook.com/share/p/19LQR4ZBQX/,,2026-07-19T10:02:45+00:00,confirmed,,
MW_NDL_2627_G-0104,MW_NDL_2627_045,MW_MT_M1,Madalitso Banda,,CAF_MW_000148,41,,1h,,,facebook,https://www.facebook.com/share/p/1BFsMgVzk3/,,2026-07-19T10:03:46+00:00,confirmed,,
MW_NDL_2627_G-0105,MW_NDL_2627_045,MW_SBU_M1,Tendai Phiri,,CAF_MW_000236,19,,1h,,,facebook,https://www.facebook.com/share/p/1BFsMgVzk3/,,2026-07-19T10:03:48+00:00,confirmed,,
MW_NDL_2627_G-0106,MW_NDL_2627_045,MW_SBU_M1,Emmanuel Munthali,,CAF_MW_000064,32,,1h,,,facebook,https://www.facebook.com/share/p/1BFsMgVzk3/,,2026-07-19T10:03:50+00:00,confirmed,,
MW_SL_2627_G-0161,MW_SL_2627_074,MW_KB_M1,Kelvin Hanganda,,CAF_MW_000333,19,,1h,,,facebook,https://www.facebook.com/share/p/1MFDPn9vyh/,,2026-07-19T16:07:11+00:00,confirmed,,
MW_SL_2627_G-0162,MW_SL_2627_074,MW_KB_M1,Hope Namadzunda,,CAF_MW_000102,85,,2h,penalty,,facebook,https://www.facebook.com/share/p/1MFDPn9vyh/,,2026-07-19T16:07:13+00:00,confirmed,,
MW_SL_2627_G-0163,MW_SL_2627_074,MW_BLUE_M1,Farhad Mtcheka,,CAF_MW_000072,5,,1h,,,facebook,https://www.facebook.com/share/p/1MFDPn9vyh/,,2026-07-19T16:07:15+00:00,confirmed,,
MW_SL_2627_G-0164,MW_SL_2627_077,MW_DD_M1,Chifuniro Mpinganjira,,CAF_MW_000036,90,6,2h,penalty,,facebook,https://www.facebook.com/share/p/1MFDPn9vyh/,,2026-07-19T16:08:01+00:00,confirmed,,
MW_SL_2627_G-0165,MW_SL_2627_077,MW_CU_M1,Friday Osagie,,CAF_MW_000080,42,,1h,,,facebook,https://www.facebook.com/share/p/1MFDPn9vyh/,,2026-07-19T16:08:03+00:00,confirmed,,
MW_SL_2627_G-0166,MW_SL_2627_077,MW_CU_M1,Friday Osagie,,CAF_MW_000080,78,,2h,,,facebook,https://www.facebook.com/share/p/1MFDPn9vyh/,,2026-07-19T16:08:06+00:00,confirmed,,
MW_NDL_2627_G-0107,MW_NDL_2627_046,MW_NZ_M1,Raphick Bahati,,CAF_MW_000335,45,1,1h,,,facebook,https://www.facebook.com/share/p/1BmtFgaPSh/,,2026-07-19T18:35:41+00:00,confirmed,,
MW_NDL_2627_G-0108,MW_NDL_2627_046,MW_NZ_M1,Alexander Cosmas,,CAF_MW_000007,89,,2h,,,facebook,https://www.facebook.com/share/p/1BmtFgaPSh/,,2026-07-19T18:35:42+00:00,confirmed,,
MW_NDL_2627_G-0109,MW_NDL_2627_046,MW_NU_M1,Hussein Sanudi,,CAF_MW_000104,78,,2h,,,facebook,https://www.facebook.com/share/p/1BmtFgaPSh/,,2026-07-19T18:35:44+00:00,confirmed,,
MW_NDL_2627_G-0110,MW_NDL_2627_047,MW_FFC_M1,Sebastian Chinsomba,,CAF_MW_000218,47,,2h,,,facebook,https://www.facebook.com/share/p/1BmtFgaPSh/,,2026-07-19T18:37:08+00:00,confirmed,,
MW_NDL_2627_G-0111,MW_NDL_2627_047,MW_MCH_M1,Philip Mtika,,CAF_MW_000192,3,,1h,,,facebook,https://www.facebook.com/share/p/1BmtFgaPSh/,,2026-07-19T18:37:11+00:00,confirmed,,
MW_NDL_2627_G-0112,MW_NDL_2627_047,MW_MCH_M1,Precious Phiri,,CAF_MW_000336,45,,1h,,,facebook,https://www.facebook.com/share/p/1BmtFgaPSh/,,2026-07-19T18:37:14+00:00,confirmed,,
MW_NRFA_2627_G-0035,MW_NRFA_2627_012,MW_LUMA_M1,Mapalo Gumbo,,CAF_MW_000337,,,,,,facebook,https://www.facebook.com/share/p/1GNxrAWH61/,,2026-07-19T18:44:13+00:00,confirmed,,
MW_NRFA_2627_G-0036,MW_NRFA_2627_012,MW_LUMA_M1,Taimon Gomeka,,CAF_MW_000338,,,,,,facebook,https://www.facebook.com/share/p/1GNxrAWH61/,,2026-07-19T18:44:15+00:00,confirmed,,
MW_NRFA_2627_G-0037,MW_NRFA_2627_012,MW_LUMA_M1,Dumisan Chirambo,,CAF_MW_000339,,,,,,facebook,https://www.facebook.com/share/p/1GNxrAWH61/,,2026-07-19T18:44:17+00:00,confirmed,,
MW_NRFA_2627_G-0038,MW_NRFA_2627_012,MW_LUMA_M1,Dumisan Chirambo,,CAF_MW_000339,,,,,,facebook,https://www.facebook.com/share/p/1GNxrAWH61/,,2026-07-19T18:44:19+00:00,confirmed,,
MW_NRFA_2627_G-0039,MW_NRFA_2627_012,MW_VSA_M1,Nathan Msiska,,CAF_MW_000314,,,,,,facebook,https://www.facebook.com/share/p/1GNxrAWH61/,,2026-07-19T18:44:21+00:00,confirmed,,
MW_NRFA_2627_G-0040,MW_NRFA_2627_012,MW_VSA_M1,Gomezgani Sibale,,CAF_MW_000340,,,,,,facebook,https://www.facebook.com/share/p/1GNxrAWH61/,,2026-07-19T18:44:23+00:00,confirmed,,
MW_NRFA_2627_G-0041,MW_NRFA_2627_012,MW_VSA_M1,Jomole Phiri,,CAF_MW_000313,,,,,,facebook,https://www.facebook.com/share/p/1GNxrAWH61/,,2026-07-19T18:44:25+00:00,confirmed,,
MW_NRFA_2627_G-0042,MW_NRFA_2627_013,MW_RFC_M1,Zakaria Mphamba,,CAF_MW_000341,,,,,,facebook,https://www.facebook.com/share/p/1GNxrAWH61/,,2026-07-19T18:45:54+00:00,confirmed,,
MW_NRFA_2627_G-0043,MW_NRFA_2627_013,MW_RFC_M1,Zakaria Mphamba,,CAF_MW_000341,,,,,,facebook,https://www.facebook.com/share/p/1GNxrAWH61/,,2026-07-19T18:45:55+00:00,confirmed,,
MW_NRFA_2627_G-0044,MW_NRFA_2627_013,MW_RFC_M1,Lumbani Kamanga,,CAF_MW_000342,,,,,,facebook,https://www.facebook.com/share/p/1GNxrAWH61/,,2026-07-19T18:45:57+00:00,confirmed,,
MW_NRFA_2627_G-0045,MW_NRFA_2627_013,MW_CHIN_M1,Jimmy Kalanje,,CAF_MW_000343,,,,,,facebook,https://www.facebook.com/share/p/1GNxrAWH61/,,2026-07-19T18:45:59+00:00,confirmed,,
MW_NRFA_2627_G-0046,MW_NRFA_2627_013,MW_CHIN_M1,Andrew Kamanga,,CAF_MW_000344,,,,own_goal,,facebook,https://www.facebook.com/share/p/1GNxrAWH61/,,2026-07-19T18:46:02+00:00,confirmed,,
MW_NRFA_2627_G-0047,MW_NRFA_2627_013,MW_CHIN_M1,Temwa Ndhlovu,,CAF_MW_000235,,,,,,facebook,https://www.facebook.com/share/p/1GNxrAWH61/,,2026-07-19T18:46:04+00:00,confirmed,,
MW_NRFA_2627_G-0048,MW_NRFA_2627_014,MW_MAFU_M1,Herand Phiri,,CAF_MW_000345,,,,,,facebook,https://www.facebook.com/share/p/1GNxrAWH61/,,2026-07-19T18:49:40+00:00,confirmed,,
MW_NDL_2627_G-0113,MW_NDL_2627_048,MW_CBWE_M1,Madalitso Haji,,CAF_MW_000151,46,,2h,,,facebook,https://www.facebook.com/share/p/1EBEmYSpGh/,,2026-07-20T17:10:45+00:00,confirmed,,
MW_NDL_2627_G-0114,MW_NDL_2627_048,MW_CBWE_M1,Steven Jafali,,CAF_MW_000346,72,,2h,,,facebook,https://www.facebook.com/share/p/1EBEmYSpGh/,,2026-07-20T17:10:48+00:00,confirmed,,
MW_NDL_2627_G-0115,MW_NDL_2627_048,MW_CBWE_M1,Steven Jafali,,CAF_MW_000346,81,,2h,,,facebook,https://www.facebook.com/share/p/1EBEmYSpGh/,,2026-07-20T17:10:51+00:00,confirmed,,
MW_SL_2627_G-0172,MW_SL_2627_083,MW_CU_M1,Chancy Kaonga,,CAF_MW_000347,56,,2h,,,facebook,https://www.facebook.com/share/p/1XqrTggQUv/,,2026-07-26T21:32:39+00:00,confirmed,,
MW_SL_2627_G-0173,MW_SL_2627_084,MW_BLUE_M1,Tonic Viyuyi,,CAF_MW_000237,50,,2h,,,facebook,https://www.facebook.com/share/p/1XqrTggQUv/,,2026-07-26T21:33:56+00:00,confirmed,,
MW_SL_2627_G-0174,MW_SL_2627_084,MW_BLUE_M1,Tonic Viyuyi,,CAF_MW_000237,88,,2h,,,facebook,https://www.facebook.com/share/p/1XqrTggQUv/,,2026-07-26T21:33:58+00:00,confirmed,,
MW_SL_2627_G-0175,MW_SL_2627_084,MW_BLUE_M1,Shamiuna Watch,,CAF_MW_000348,61,,2h,,,facebook,https://www.facebook.com/share/p/1XqrTggQUv/,,2026-07-26T21:34:00+00:00,confirmed,,
MW_SL_2627_G-0176,MW_SL_2627_084,MW_REDL_M1,Shukurani Mussa,,CAF_MW_000349,40,,1h,,,facebook,https://www.facebook.com/share/p/1XqrTggQUv/,,2026-07-26T21:34:01+00:00,confirmed,,
MW_SL_2627_G-0177,MW_SL_2627_084,MW_REDL_M1,Matamando Mwatchipisa,,CAF_MW_000157,66,,2h,,,facebook,https://www.facebook.com/share/p/1XqrTggQUv/,,2026-07-26T21:34:03+00:00,confirmed,,
MW_SL_2627_G-0178,MW_SL_2627_085,MW_MB_M1,Black Alisen,,CAF_MW_000350,90,1,2h,,,facebook,https://www.facebook.com/share/p/1XqrTggQUv/,,2026-07-26T21:35:01+00:00,confirmed,,
MW_SL_2627_G-0179,MW_SL_2627_086,MW_DD_M1,Marko Chiwaya,,CAF_MW_000155,41,,1h,,,facebook,https://www.facebook.com/share/p/1XqrTggQUv/,,2026-07-26T21:35:31+00:00,confirmed,,
MW_SL_2627_G-0180,MW_SL_2627_081,MW_KU_M1,Eric Mandanda,,CAF_MW_000351,10,,1h,,,facebook,https://www.facebook.com/share/p/1CQY7vwVfo/,,2026-07-26T21:36:54+00:00,confirmed,,
MW_SL_2627_G-0181,MW_SL_2627_081,MW_KU_M1,Kennedy Mwakabaghe,,CAF_MW_000123,29,,1h,,,facebook,https://www.facebook.com/share/p/1CQY7vwVfo/,,2026-07-26T21:36:56+00:00,confirmed,,
MW_SL_2627_G-0182,MW_SL_2627_081,MW_CS_M1,Laurent Banda,,CAF_MW_000136,34,,1h,,,facebook,https://www.facebook.com/share/p/1CQY7vwVfo/,,2026-07-26T21:36:57+00:00,confirmed,,
MW_SL_2627_G-0185,MW_SL_2627_087,MW_MW_M1,Promise Kamwendo,,CAF_MW_000198,8,,1h,,,facebook,https://www.facebook.com/share/p/1CQY7vwVfo/,,2026-07-26T21:38:21+00:00,confirmed,,
MW_SL_2627_G-0186,MW_SL_2627_087,MW_MFC_M1,Patrick Phiri,,CAF_MW_000187,10,,1h,,,facebook,https://www.facebook.com/share/p/1CQY7vwVfo/,,2026-07-26T21:38:22+00:00,confirmed,,
MW_SL_2627_G-0187,MW_SL_2627_088,MW_KB_M1,Rashid Chiromo,,CAF_MW_000207,18,,1h,,,facebook,https://www.facebook.com/share/p/1CQY7vwVfo/,,2026-07-26T21:40:25+00:00,confirmed,,
MW_SL_2627_G-0188,MW_SL_2627_088,MW_KB_M1,Kelvin Hanganda,,CAF_MW_000333,20,,1h,,,facebook,https://www.facebook.com/share/p/1CQY7vwVfo/,,2026-07-26T21:40:27+00:00,confirmed,,
MW_SL_2627_G-0189,MW_SL_2627_088,MW_KB_M1,Kelvin Hanganda,,CAF_MW_000333,47,,2h,,,facebook,https://www.facebook.com/share/p/1CQY7vwVfo/,,2026-07-26T21:40:28+00:00,confirmed,,
MW_SL_2627_G-0190,MW_SL_2627_088,MW_KB_M1,Kelvin Hanganda,,CAF_MW_000333,89,,2h,,,facebook,https://www.facebook.com/share/p/1CQY7vwVfo/,,2026-07-26T21:40:30+00:00,confirmed,,
MW_SL_2627_G-0191,MW_SL_2627_088,MW_MAFC_M1,Precious Katsonga,,CAF_MW_000354,67,,2h,penalty,,facebook,https://www.facebook.com/share/p/1CQY7vwVfo/,,2026-07-26T21:40:32+00:00,confirmed,,
MW_NDL_2627_G-0116,MW_NDL_2627_049,MW_NS_M1,Justice Zulu,,CAF_MW_000355,35,,1h,,,facebook,https://www.facebook.com/share/p/1D31fc5cun/,,2026-07-26T21:44:13+00:00,confirmed,,
MW_NDL_2627_G-0117,MW_NDL_2627_049,MW_BAS_M1,Amidu Madison,,CAF_MW_000356,40,,1h,,,facebook,https://www.facebook.com/share/p/1D31fc5cun/,,2026-07-26T21:44:14+00:00,confirmed,,
MW_NDL_2627_G-0118,MW_NDL_2627_050,MW_EU_M1,Savior Nkhoma,,CAF_MW_000357,10,,1h,,,facebook,https://www.facebook.com/share/p/1D31fc5cun/,,2026-07-26T21:45:35+00:00,confirmed,,
MW_NDL_2627_G-0119,MW_NDL_2627_050,MW_EU_M1,Blessings Nyirenda,,CAF_MW_000358,71,,2h,,,facebook,https://www.facebook.com/share/p/1D31fc5cun/,,2026-07-26T21:45:37+00:00,confirmed,,
MW_NDL_2627_G-0120,MW_NDL_2627_050,MW_EU_M1,Blessings Nyirenda,,CAF_MW_000358,88,,2h,,,facebook,https://www.facebook.com/share/p/1D31fc5cun/,,2026-07-26T21:45:39+00:00,confirmed,,
MW_NDL_2627_G-0121,MW_NDL_2627_050,MW_MT_M1,Innocent Simkonda,,CAF_MW_000359,28,,1h,,,facebook,https://www.facebook.com/share/p/1D31fc5cun/,,2026-07-26T21:45:41+00:00,confirmed,,
MW_NDL_2627_G-0122,MW_NDL_2627_051,MW_SBU_M1,Mathews Kumwenda,,CAF_MW_000360,37,,1h,,,facebook,https://www.facebook.com/share/p/1D31fc5cun/,,2026-07-26T21:46:51+00:00,confirmed,,
MW_NDL_2627_G-0123,MW_NDL_2627_051,MW_SBU_M1,Dickson Mwangonde,,CAF_MW_000054,81,,2h,,,facebook,https://www.facebook.com/share/p/1D31fc5cun/,,2026-07-26T21:46:54+00:00,confirmed,,
MW_NDL_2627_G-0124,MW_NDL_2627_051,MW_FFC_M1,Sebastian Chinsomba,,CAF_MW_000218,74,,2h,,,facebook,https://www.facebook.com/share/p/1D31fc5cun/,,2026-07-26T21:46:56+00:00,confirmed,,
MW_NDL_2627_G-0125,MW_NDL_2627_052,MW_EXFC_M1,Beston Jimu,,CAF_MW_000018,50,,2h,,,facebook,https://www.facebook.com/share/p/19Kfi4niaT/,,2026-07-26T21:47:29+00:00,confirmed,,
MW_NDL_2627_G-0126,MW_NDL_2627_054,MW_NU_M1,Brian Phiri,,CAF_MW_000361,56,,2h,,,facebook,https://www.facebook.com/share/p/19Kfi4niaT/,,2026-07-26T21:48:16+00:00,confirmed,,
MW_SRFA_2627_G-0142,MW_SRFA_2627_067,MW_ZU_M1,Atusaye Mwangonde,,CAF_MW_000014,,,,,,facebook,https://www.facebook.com/share/p/1BLP7c7d6p/,,2026-07-26T22:16:54+00:00,confirmed,,
MW_SRFA_2627_G-0143,MW_SRFA_2627_067,MW_NY_M1,Randwell Nyirenda,,CAF_MW_000206,,,,,,facebook,https://www.facebook.com/share/p/1BLP7c7d6p/,,2026-07-26T22:16:56+00:00,confirmed,,
MW_SRFA_2627_G-0144,MW_SRFA_2627_064,MW_IFC_M1,Tonny Mbulu,,CAF_MW_000238,,,,,,facebook,https://www.facebook.com/share/p/1BLP7c7d6p/,,2026-07-26T22:17:25+00:00,confirmed,,
MW_SRFA_2627_G-0145,MW_SRFA_2627_064,MW_FCT_M1,Stuart Kalima,,CAF_MW_000231,,,,,,facebook,https://www.facebook.com/share/p/1BLP7c7d6p/,,2026-07-26T22:17:26+00:00,confirmed,,
MW_SRFA_2627_G-0146,MW_SRFA_2627_065,MW_MS_M1,Feston Makanjira,,CAF_MW_000073,,,,,,facebook,https://www.facebook.com/share/p/1BLP7c7d6p/,,2026-07-26T22:17:46+00:00,confirmed,,
MW_SRFA_2627_G-0147,MW_SRFA_2627_066,MW_BULL_M2,Jazeel Banet,,CAF_MW_000267,,,,,,facebook,https://www.facebook.com/share/p/1BLP7c7d6p/,,2026-07-26T22:19:35+00:00,confirmed,,
MW_SRFA_2627_G-0148,MW_SRFA_2627_066,MW_BULL_M2,Jazeel Banet,,CAF_MW_000267,,,,,,facebook,https://www.facebook.com/share/p/1BLP7c7d6p/,,2026-07-26T22:19:36+00:00,confirmed,,
MW_SRFA_2627_G-0149,MW_SRFA_2627_066,MW_BULL_M2,Kondwani Chaula,,CAF_MW_000362,,,,,,facebook,https://www.facebook.com/share/p/1BLP7c7d6p/,,2026-07-26T22:19:38+00:00,confirmed,,
MW_SRFA_2627_G-0150,MW_SRFA_2627_066,MW_BULL_M2,Limbitso Chimanjamanja,,CAF_MW_000363,,,,,,facebook,https://www.facebook.com/share/p/1BLP7c7d6p/,,2026-07-26T22:19:40+00:00,confirmed,,
MW_SRFA_2627_G-0151,MW_SRFA_2627_066,MW_BULL_M2,Alex White,,CAF_MW_000364,,,,,,facebook,https://www.facebook.com/share/p/1BLP7c7d6p/,,2026-07-26T22:19:42+00:00,confirmed,,
MW_SRFA_2627_G-0152,MW_SRFA_2627_066,MW_CFC_M1,Richard Salima,,CAF_MW_000365,,,,,,facebook,https://www.facebook.com/share/p/1BLP7c7d6p/,,2026-07-26T22:19:44+00:00,confirmed,,
MW_CRFA_2627_G-0043,MW_CRFA_2627_032,MW_AR_M1,Ibrahim Rosisky,,CAF_MW_000366,7,,1h,,,facebook,https://www.facebook.com/share/p/19Jc4QhG1u/,,2026-07-26T22:38:06+00:00,confirmed,,
MW_CRFA_2627_G-0044,MW_CRFA_2627_032,MW_AR_M1,Yamikani Davie,,CAF_MW_000367,32,,1h,,,facebook,https://www.facebook.com/share/p/19Jc4QhG1u/,,2026-07-26T22:38:07+00:00,confirmed,,
MW_CRFA_2627_G-0045,MW_CRFA_2627_032,MW_AR_M1,Madalitso Chisale,,CAF_MW_000368,51,,2h,,,facebook,https://www.facebook.com/share/p/19Jc4QhG1u/,,2026-07-26T22:38:09+00:00,confirmed,,
MW_CRFA_2627_G-0046,MW_CRFA_2627_032,MW_AR_M1,Benson Felix,,CAF_MW_000369,67,,2h,,,facebook,https://www.facebook.com/share/p/19Jc4QhG1u/,,2026-07-26T22:38:11+00:00,confirmed,,
MW_CRFA_2627_G-0047,MW_CRFA_2627_032,MW_PFC_M1,George Western,,CAF_MW_000370,24,,1h,,,facebook,https://www.facebook.com/share/p/19Jc4QhG1u/,,2026-07-26T22:38:12+00:00,confirmed,,
MW_CRFA_2627_G-0048,MW_CRFA_2627_033,MW_MU_M1,Hamza Owen,,CAF_MW_000278,12,,1h,,,facebook,https://www.facebook.com/share/p/1ECfoyMzUC/,,2026-07-26T22:43:39+00:00,confirmed,,
MW_CRFA_2627_G-0049,MW_CRFA_2627_033,MW_NAA_M1,Aubrey Nkhoma,,CAF_MW_000371,27,,1h,,,facebook,https://www.facebook.com/share/p/1ECfoyMzUC/,,2026-07-26T22:43:41+00:00,confirmed,,
MW_CRFA_2627_G-0050,MW_CRFA_2627_036,MW_MC_M1,Anafi Alick,,CAF_MW_000372,26,,1h,,,facebook,https://www.facebook.com/share/p/1ZiRznBZCU/,,2026-07-26T22:46:06+00:00,confirmed,,
MW_CRFA_2627_G-0051,MW_CRFA_2627_036,MW_SA_M1,Magaisa,,CAF_MW_000373,35,,1h,,,facebook,https://www.facebook.com/share/p/1ZiRznBZCU/,,2026-07-26T22:46:08+00:00,confirmed,,
MW_CRFA_2627_G-0052,MW_CRFA_2627_036,MW_SA_M1,Chikumbutso,,CAF_MW_000374,45,2,1h,,,facebook,https://www.facebook.com/share/p/1ZiRznBZCU/,,2026-07-26T22:46:09+00:00,confirmed,,
MW_CRFA_2627_G-0053,MW_CRFA_2627_035,MW_MPFC_M1,Richard Esau,,CAF_MW_000375,86,,2h,penalty,,facebook,https://www.facebook.com/share/p/1EtXH6ZDMs/,,2026-07-26T22:47:22+00:00,confirmed,,
MW_CRFA_2627_G-0054,MW_CRFA_2627_035,MW_MPFC_M1,Richard Esau,,CAF_MW_000375,87,,2h,,,facebook,https://www.facebook.com/share/p/1EtXH6ZDMs/,,2026-07-26T22:47:24+00:00,confirmed,,
MW_CRFA_2627_G-0055,MW_CRFA_2627_040,MW_AB_M1,Sulintha Robert,,CAF_MW_000325,11,,1h,,,facebook,https://www.facebook.com/share/p/18tmXUkTVg/,,2026-07-26T22:48:47+00:00,confirmed,,
MW_CRFA_2627_G-0056,MW_CRFA_2627_040,MW_AB_M1,Chimwemwe Mkule,,CAF_MW_000376,53,,2h,,,facebook,https://www.facebook.com/share/p/18tmXUkTVg/,,2026-07-26T22:48:49+00:00,confirmed,,
MW_CRFA_2627_G-0057,MW_CRFA_2627_040,MW_SS_M2,Blessings Phiri,,CAF_MW_000377,72,,2h,,,facebook,https://www.facebook.com/share/p/18tmXUkTVg/,,2026-07-26T22:48:50+00:00,confirmed,,
MW_CRFA_2627_G-0058,MW_CRFA_2627_040,MW_SS_M2,Blessings Phiri,,CAF_MW_000377,73,,2h,,,facebook,https://www.facebook.com/share/p/18tmXUkTVg/,,2026-07-26T22:48:52+00:00,confirmed,,
MW_CRFA_2627_G-0059,MW_CRFA_2627_039,MW_PFC_M1,Gift Macheso,,CAF_MW_000378,35,,1h,penalty,,facebook,https://www.facebook.com/share/p/1CybeK6Fj8/,,2026-07-26T22:49:44+00:00,confirmed,,
MW_CRFA_2627_G-0060,MW_CRFA_2627_037,MW_BLUE_M2,Austin Malamia,,CAF_MW_000379,45,1,1h,,,facebook,https://www.facebook.com/share/p/1APBjbGJCA/,,2026-07-26T22:51:01+00:00,confirmed,,
MW_CRFA_2627_G-0061,MW_CRFA_2627_037,MW_BLUE_M2,Steve Msiska,,CAF_MW_000229,49,,2h,,,facebook,https://www.facebook.com/share/p/1APBjbGJCA/,,2026-07-26T22:51:05+00:00,confirmed,,
MW_CRFA_2627_G-0062,MW_CRFA_2627_019,MW_SS_M2,Alufeyo Nyirenda,,CAF_MW_000381,,,,,,facebook,https://www.facebook.com/share/p/1AGTQK4Ldq/,,2026-07-26T22:56:45+00:00,confirmed,,
MW_NRFA_2627_G-0049,MW_NRFA_2627_018,MW_EKW_M1,Jolly Mfune,,CAF_MW_000382,,,,,,facebook,https://www.facebook.com/share/p/1SSyieyYS2/,,2026-07-26T23:01:06+00:00,confirmed,,
MW_NRFA_2627_G-0050,MW_NRFA_2627_018,MW_EKW_M1,Mphatso Kumwenda,,CAF_MW_000305,,,,,,facebook,https://www.facebook.com/share/p/1SSyieyYS2/,,2026-07-26T23:01:09+00:00,confirmed,,
MW_NRFA_2627_G-0051,MW_NRFA_2627_018,MW_EKW_M1,Mphatso Kumwenda,,CAF_MW_000305,,,,,,facebook,https://www.facebook.com/share/p/1SSyieyYS2/,,2026-07-26T23:01:21+00:00,confirmed,,
MW_NRFA_2627_G-0052,MW_NRFA_2627_017,MW_CHIN_M1,Stuart Longwe,,CAF_MW_000383,,,,,,facebook,https://www.facebook.com/share/p/1SSyieyYS2/,,2026-07-26T23:02:33+00:00,confirmed,,
MW_NRFA_2627_G-0053,MW_NRFA_2627_017,MW_CHIN_M1,Esau Dobie,,CAF_MW_000384,,,,,,facebook,https://www.facebook.com/share/p/1SSyieyYS2/,,2026-07-26T23:02:34+00:00,confirmed,,
MW_NRFA_2627_G-0054,MW_NRFA_2627_017,MW_CHIN_M1,Esau Dobie,,CAF_MW_000384,,,,,,facebook,https://www.facebook.com/share/p/1SSyieyYS2/,,2026-07-26T23:02:37+00:00,confirmed,,
MW_NRFA_2627_G-0055,MW_NRFA_2627_019,MW_CRS_M1,Sam Sale,,CAF_MW_000385,,,,,,facebook,https://www.facebook.com/share/p/1D4WMwv94L/,,2026-07-26T23:03:54+00:00,confirmed,,
MW_NRFA_2627_G-0056,MW_NRFA_2627_019,MW_CRS_M1,Henderson Kanjika,,CAF_MW_000312,,,,,,facebook,https://www.facebook.com/share/p/1D4WMwv94L/,,2026-07-26T23:03:57+00:00,confirmed,,
MW_NRFA_2627_G-0057,MW_NRFA_2627_019,MW_CRS_M1,Henderson Kanjika,,CAF_MW_000312,,,,,,facebook,https://www.facebook.com/share/p/1D4WMwv94L/,,2026-07-26T23:04:01+00:00,confirmed,,
MW_NRFA_2627_G-0058,MW_NRFA_2627_019,MW_CRS_M1,Henderson Kanjika,,CAF_MW_000312,,,,,,facebook,https://www.facebook.com/share/p/1D4WMwv94L/,,2026-07-26T23:04:04+00:00,confirmed,,
MW_NRFA_2627_G-0059,MW_NRFA_2627_019,MW_CRS_M1,Henderson Kanjika,,CAF_MW_000312,,,,,,facebook,https://www.facebook.com/share/p/1D4WMwv94L/,,2026-07-26T23:04:11+00:00,confirmed,,
MW_NRFA_2627_G-0060,MW_NRFA_2627_019,MW_CRS_M1,Kingsley Mvula,,CAF_MW_000386,,,,,,facebook,https://www.facebook.com/share/p/1D4WMwv94L/,,2026-07-26T23:04:18+00:00,confirmed,,
MW_NRFA_2627_G-0061,MW_NRFA_2627_021,MW_MMW_M1,Luke Jere,,CAF_MW_000387,,,,,,facebook,https://www.facebook.com/share/p/1D4WMwv94L/,,2026-07-26T23:05:22+00:00,confirmed,,
MW_NRFA_2627_G-0062,MW_NRFA_2627_021,MW_CHIP_M1,Tyson Kaunda,,CAF_MW_000388,,,,,,facebook,https://www.facebook.com/share/p/1D4WMwv94L/,,2026-07-26T23:05:25+00:00,confirmed,,
MW_CRFA2_2627_G-0001,MW_CRFA2_2627_001,MW_LIKUNI_M1,Mustafa Tandwe,,CAF_MW_000389,,,,,,facebook,https://www.facebook.com/share/p/1C97EALDN1/,,2026-07-29T15:44:00+00:00,confirmed,,
MW_CRFA2_2627_G-0002,MW_CRFA2_2627_002,MW_GANN_M1,Dziwani Kulemeka,,CAF_MW_000390,,,,,,facebook,https://www.facebook.com/share/p/1C97EALDN1/,,2026-07-29T15:47:09+00:00,confirmed,,
MW_CRFA2_2627_G-0003,MW_CRFA2_2627_002,MW_CS_M2,Prince Banda,,CAF_MW_000391,,,,,,facebook,https://www.facebook.com/share/p/1C97EALDN1/,,2026-07-29T15:47:12+00:00,confirmed,,
MW_CRFA2_2627_G-0004,MW_CRFA2_2627_002,MW_CS_M2,William Bwemba,,CAF_MW_000392,,,,,,facebook,https://www.facebook.com/share/p/1C97EALDN1/,,2026-07-29T15:47:14+00:00,confirmed,,
MW_CRFA2_2627_G-0005,MW_CRFA2_2627_002,MW_CS_M2,Jackson Wahita,,CAF_MW_000393,,,,,,facebook,https://www.facebook.com/share/p/1C97EALDN1/,,2026-07-29T15:47:18+00:00,confirmed,,
MW_CRFA2_2627_G-0006,MW_CRFA2_2627_002,MW_CS_M2,Henry Manduwa,,CAF_MW_000395,,,,,,facebook,https://www.facebook.com/share/p/1C97EALDN1/,,2026-07-29T15:47:21+00:00,confirmed,,
MW_CRFA2_2627_G-0007,MW_CRFA2_2627_004,MW_SALSPA_M1,Blessings Jackson,,CAF_MW_000396,,,,,,facebook,https://www.facebook.com/share/p/1C97EALDN1/,,2026-07-29T15:48:08+00:00,confirmed,,
MW_CRFA2_2627_G-0008,MW_CRFA2_2627_004,MW_SALSPA_M1,Hope Kasinja,,CAF_MW_000397,,,,,,facebook,https://www.facebook.com/share/p/1C97EALDN1/,,2026-07-29T15:48:11+00:00,confirmed,,
MW_CRFA2_2627_G-0009,MW_CRFA2_2627_005,MW_SIMBI_M1,Jolamu Joseph,,CAF_MW_000398,,,,,,facebook,https://www.facebook.com/share/p/1C97EALDN1/,,2026-07-29T15:50:13+00:00,confirmed,,
MW_CRFA2_2627_G-0010,MW_CRFA2_2627_005,MW_SIMBI_M1,Alufale Chande,,CAF_MW_000399,,,,,,facebook,https://www.facebook.com/share/p/1C97EALDN1/,,2026-07-29T15:50:16+00:00,confirmed,,
MW_CRFA2_2627_G-0011,MW_CRFA2_2627_007,MW_MTHUN_M1,Noah Hunt,,CAF_MW_000400,,,,,,facebook,https://www.facebook.com/share/p/1C97EALDN1/,,2026-07-29T15:51:02+00:00,confirmed,,
MW_CRFA2_2627_G-0012,MW_CRFA2_2627_007,MW_MTHUN_M1,George Mboma,,CAF_MW_000401,,,,,,facebook,https://www.facebook.com/share/p/1C97EALDN1/,,2026-07-29T15:51:04+00:00,confirmed,,
MW_CRFA_2627_G-0063,MW_CRFA_2627_041,MW_BLUE_M2,Blessings Makhula,,CAF_MW_000022,75,,2h,,,facebook,https://www.facebook.com/share/p/1BmCJPgVLb/,,2026-07-31T08:07:10+00:00,confirmed,,
MW_CRFA_2627_G-0064,MW_CRFA_2627_041,MW_AR_M1,Madalitso Chisale,,CAF_MW_000368,89,,2h,,,facebook,https://www.facebook.com/share/p/1BmCJPgVLb/,,2026-07-31T08:07:13+00:00,confirmed,,
MW_TOP8_2627_G-0001,MW_TOP8_2627_002,MW_BULL_M1,George Chaomba,,CAF_MW_000081,46,,2h,,,facebook,https://www.instagram.com/p/DZiJ7p_jfFD/,,2026-07-31T08:22:38+00:00,confirmed,,
MW_TOP8_2627_G-0002,MW_TOP8_2627_002,MW_EFC_M1,Allen Chihana,,CAF_MW_000009,70,,2h,,,facebook,https://www.instagram.com/p/DZiJ7p_jfFD/,,2026-07-31T08:22:42+00:00,confirmed,,
MW_TOP8_2627_G-0003,MW_TOP8_2627_003,MW_MW_M1,Blessings Mwalilino,,CAF_MW_000026,47,,2h,,,facebook,https://www.instagram.com/p/DZke3JCjRpz/,,2026-07-31T08:24:10+00:00,confirmed,,
MW_TOP8_2627_G-0004,MW_TOP8_2627_003,MW_MW_M1,Lameck Mithi,,CAF_MW_000134,49,,2h,,,facebook,https://www.instagram.com/p/DZke3JCjRpz/,,2026-07-31T08:24:12+00:00,confirmed,,
MW_TOP8_2627_G-0007,MW_TOP8_2627_005,MW_EFC_M1,Allen Chihana,,CAF_MW_000009,45,,1h,,,facebook,https://www.instagram.com/p/DaqEHCdDbJ_/,,2026-07-31T08:26:16+00:00,confirmed,,
MW_TOP8_2627_G-0008,MW_TOP8_2627_005,MW_BULL_M1,Peter Banda,,CAF_MW_000402,57,,2h,,,facebook,https://www.instagram.com/p/DaqEHCdDbJ_/,,2026-07-31T08:26:19+00:00,confirmed,,
MW_TOP8_2627_G-0009,MW_TOP8_2627_006,MW_CSU_M1,Saulos Moyo,,CAF_MW_000403,29,,1h,,,facebook,https://www.instagram.com/p/DaqAwmODRh1/,,2026-07-31T08:27:19+00:00,confirmed,,
MW_TOP8_2627_G-0010,MW_TOP8_2627_006,MW_BLUE_M1,Micium Mhone,,CAF_MW_000173,46,,2h,,,facebook,https://www.instagram.com/p/DaqAwmODRh1/,,2026-07-31T08:27:21+00:00,confirmed,,
MW_TOP8_2627_G-0011,MW_TOP8_2627_007,MW_CS_M1,Ramadan Mtafu,,CAF_MW_000205,14,,1h,,,facebook,https://www.instagram.com/p/DaskmTnjSsB/,,2026-07-31T08:28:23+00:00,confirmed,,
MW_TOP8_2627_G-0012,MW_TOP8_2627_007,MW_MW_M1,Sama Thierry Tanjong,,CAF_MW_000404,55,,2h,,,facebook,https://www.instagram.com/p/DaskmTnjSsB/,,2026-07-31T08:28:26+00:00,confirmed,,
MW_NRFA_2627_G-0063,MW_NRFA_2627_023,MW_CHIP_M1,Clement Kaseka,,CAF_MW_000405,8,,1h,,,facebook,,,2026-08-01T22:04:09+00:00,confirmed,,
MW_NRFA_2627_G-0064,MW_NRFA_2627_023,MW_CHB_M1,Newman Mwamusamale,,CAF_MW_000406,11,,1h,,,facebook,,,2026-08-01T22:04:12+00:00,confirmed,,
MW_NRFA_2627_G-0065,MW_NRFA_2627_023,MW_CHIP_M1,Jerphason Kanyenda,,CAF_MW_000409,85,,2h,,,facebook,,,2026-08-01T22:04:15+00:00,confirmed,,
MW_NRFA_2627_G-0066,MW_NRFA_2627_024,MW_VSA_M1,Blessings Mfune,,CAF_MW_000408,15,,1h,,,facebook,,,2026-08-01T22:04:21+00:00,confirmed,,
MW_NRFA_2627_G-0067,MW_NRFA_2627_024,MW_EV_M1,Daniel Chisokwe,,CAF_MW_000321,33,,1h,,,facebook,,,2026-08-01T22:04:23+00:00,confirmed,,
MW_NRFA_2627_G-0068,MW_NRFA_2627_024,MW_EV_M1,Daniel Chisokwe,,CAF_MW_000321,,,,,,facebook,,,2026-08-01T22:04:25+00:00,confirmed,,
MW_NRFA_2627_G-0069,MW_NRFA_2627_024,MW_VSA_M1,Nathan Msiska,,CAF_MW_000314,53,,2h,,,facebook,,,2026-08-01T22:04:27+00:00,confirmed,,
MW_NRFA_2627_G-0070,MW_NRFA_2627_024,MW_EV_M1,Solomon Nkosi,,CAF_MW_000308,84,,2h,,,facebook,,,2026-08-01T22:04:29+00:00,confirmed,,
MW_NRFA_2627_G-0071,MW_NRFA_2627_024,MW_EV_M1,Jason Moyo,,CAF_MW_000410,90,4,2h,,,facebook,,,2026-08-01T22:04:31+00:00,confirmed,,
MW_TOP8_2627_G-0016,MW_TOP8_2627_009,MW_EFC_M1,Allen Chihana,,CAF_MW_000009,43,,1h,,,facebook,https://www.facebook.com/share/p/14doLv5cgLP/,,2026-08-01T22:47:34+00:00,confirmed,,
MW_TOP8_2627_G-0017,MW_TOP8_2627_009,MW_KU_M1,Lennox Kiwambe,,CAF_MW_000138,49,,2h,penalty,,facebook,https://www.facebook.com/share/p/14doLv5cgLP/,,2026-08-01T22:47:36+00:00,confirmed,,
MW_TOP8_2627_G-0018,MW_TOP8_2627_009,MW_EFC_M1,Chimwemwe Chunga,,CAF_MW_000041,73,,2h,,,facebook,https://www.facebook.com/share/p/14doLv5cgLP/,,2026-08-01T22:47:38+00:00,confirmed,,
MW_TOP8_2627_G-0019,MW_TOP8_2627_010,MW_MW_M1,Lameck Mithi,,CAF_MW_000134,5,,1h,penalty,,facebook,https://www.facebook.com/share/p/1BSWHx3zn6/,,2026-08-02T20:19:27+00:00,confirmed,,
MW_TOP8_2627_G-0020,MW_TOP8_2627_010,MW_BLUE_M1,Christian Maluwa,,CAF_MW_000411,26,,1h,penalty,,facebook,https://www.facebook.com/share/p/1BSWHx3zn6/,,2026-08-02T20:19:31+00:00,confirmed,,
MW_SRFA_2627_G-0153,MW_SRFA_2627_074,MW_EFC_M2,Grant Chibalo,,CAF_MW_000087,,,,,,facebook,https://www.facebook.com/share/p/19DD9Ty6jE/,,2026-08-02T20:33:08+00:00,confirmed,,
MW_SRFA_2627_G-0154,MW_SRFA_2627_074,MW_EFC_M2,Grant Chibalo,,CAF_MW_000087,,,,,,facebook,https://www.facebook.com/share/p/19DD9Ty6jE/,,2026-08-02T20:33:11+00:00,confirmed,,
MW_SRFA_2627_G-0155,MW_SRFA_2627_075,MW_CFC_M1,Nicholas Oscar,,CAF_MW_000255,,,,,,facebook,https://www.facebook.com/share/p/19DD9Ty6jE/,,2026-08-02T20:33:17+00:00,confirmed,,
MW_SRFA_2627_G-0156,MW_SRFA_2627_075,MW_CFC_M1,Ulunji Zgambo,,CAF_MW_000412,,,,,,facebook,https://www.facebook.com/share/p/19DD9Ty6jE/,,2026-08-02T20:33:19+00:00,confirmed,,
MW_CRFA_2627_G-0065,MW_CRFA_2627_042,MW_MCHS_M1,Rodrick Maluzu,,CAF_MW_000413,20,,1h,,,facebook,https://www.facebook.com/share/p/1EoJD2SpkD/,,2026-08-02T20:48:42+00:00,confirmed,,
MW_CRFA_2627_G-0066,MW_CRFA_2627_042,MW_BLUE_M2,Fatsani Chiusiwa,,CAF_MW_000414,24,,1h,,,facebook,https://www.facebook.com/share/p/1EoJD2SpkD/,,2026-08-02T20:48:44+00:00,confirmed,,
MW_CRFA_2627_G-0067,MW_CRFA_2627_042,MW_BLUE_M2,Yanbo Kambalu,,CAF_MW_000415,86,,2h,,,facebook,https://www.facebook.com/share/p/1EoJD2SpkD/,,2026-08-02T20:48:45+00:00,confirmed,,
MW_CRFA_2627_G-0068,MW_CRFA_2627_043,MW_SS_M2,Francis Kadango,,CAF_MW_000416,20,,1h,,,facebook,https://www.facebook.com/share/p/1EoJD2SpkD/,,2026-08-02T20:48:53+00:00,confirmed,,
MW_CRFA_2627_G-0069,MW_CRFA_2627_044,MW_MPFC_M1,Richard Esau,,CAF_MW_000375,3,,1h,,,facebook,https://www.facebook.com/share/p/1EoJD2SpkD/,,2026-08-02T20:49:01+00:00,confirmed,,
MW_CRFA_2627_G-0070,MW_CRFA_2627_045,MW_CSFC_M1,Zaha M'bawa,,CAF_MW_000418,,,,,,facebook,https://www.facebook.com/share/p/1EoJD2SpkD/,,2026-08-02T20:49:07+00:00,confirmed,,
MW_CRFA_2627_G-0071,MW_CRFA_2627_045,MW_CSFC_M1,Ishmael Saidi,,CAF_MW_000419,,,,,,facebook,https://www.facebook.com/share/p/1EoJD2SpkD/,,2026-08-02T20:49:10+00:00,confirmed,,
MW_CRFA_2627_G-0072,MW_CRFA_2627_045,MW_CSFC_M1,Aaron Yohane,,CAF_MW_000420,,,,,,facebook,https://www.facebook.com/share/p/1EoJD2SpkD/,,2026-08-02T20:49:11+00:00,confirmed,,
MW_CRFA_2627_G-0073,MW_CRFA_2627_045,MW_MC_M1,Anafi Alick,,CAF_MW_000372,,,,,,facebook,https://www.facebook.com/share/p/1EoJD2SpkD/,,2026-08-02T20:49:13+00:00,confirmed,,
MW_CRFA_2627_G-0074,MW_CRFA_2627_045,MW_MC_M1,Anafi Alick,,CAF_MW_000372,,,,,,facebook,https://www.facebook.com/share/p/1EoJD2SpkD/,,2026-08-02T20:49:15+00:00,confirmed,,
MW_CRFA_2627_G-0075,MW_CRFA_2627_046,MW_TNS_M1,Gift Gomez,,CAF_MW_000426,,,,,,facebook,https://www.facebook.com/share/p/1EoJD2SpkD/,,2026-08-02T20:49:21+00:00,confirmed,,
MW_CRFA_2627_G-0076,MW_CRFA_2627_046,MW_TNS_M1,Chisomo Saenda,,CAF_MW_000427,,,,,,facebook,https://www.facebook.com/share/p/1EoJD2SpkD/,,2026-08-02T20:49:23+00:00,confirmed,,
MW_CRFA_2627_G-0077,MW_CRFA_2627_047,MW_NAA_M1,Aubrey Nkhoma,,CAF_MW_000371,14,,1h,,,facebook,https://www.facebook.com/share/p/1EoJD2SpkD/,,2026-08-02T20:49:29+00:00,confirmed,,
MW_CRFA_2627_G-0078,MW_CRFA_2627_047,MW_NAA_M1,Yelemiya Phiri,,CAF_MW_000424,33,,1h,,,facebook,https://www.facebook.com/share/p/1EoJD2SpkD/,,2026-08-02T20:49:31+00:00,confirmed,,
MW_CRFA_2627_G-0079,MW_CRFA_2627_047,MW_NAA_M1,Yelemiya Phiri,,CAF_MW_000424,45,,1h,penalty,,facebook,https://www.facebook.com/share/p/1EoJD2SpkD/,,2026-08-02T20:49:33+00:00,confirmed,,
MW_CRFA_2627_G-0080,MW_CRFA_2627_047,MW_NAA_M1,Yelemiya Phiri,,CAF_MW_000424,87,,2h,,,facebook,https://www.facebook.com/share/p/1EoJD2SpkD/,,2026-08-02T20:49:35+00:00,confirmed,,
MW_CRFA_2627_G-0081,MW_CRFA_2627_047,MW_NAA_M1,Benson Moses,,CAF_MW_000425,72,,2h,,,facebook,https://www.facebook.com/share/p/1EoJD2SpkD/,,2026-08-02T20:49:37+00:00,confirmed,,
MW_NRFA_2627_G-0072,MW_NRFA_2627_025,MW_EKW_M1,Davie Mwanza,,CAF_MW_000428,,,,penalty,,facebook,https://www.facebook.com/share/p/1dG7eDSjBh/,,2026-08-02T20:54:12+00:00,confirmed,,
MW_NRFA_2627_G-0073,MW_NRFA_2627_026,MW_RFC_M1,Kondwani Chirwa,,CAF_MW_000316,,,,,,facebook,https://www.facebook.com/share/p/1dG7eDSjBh/,,2026-08-02T20:54:19+00:00,confirmed,,
MW_NRFA_2627_G-0074,MW_NRFA_2627_026,MW_RFC_M1,Kondwani Chirwa,,CAF_MW_000316,,,,,,facebook,https://www.facebook.com/share/p/1dG7eDSjBh/,,2026-08-02T20:54:22+00:00,confirmed,,
MW_NRFA_2627_G-0075,MW_NRFA_2627_026,MW_RFC_M1,Zakaria Mphamba,,CAF_MW_000341,,,,,,facebook,https://www.facebook.com/share/p/1dG7eDSjBh/,,2026-08-02T20:54:24+00:00,confirmed,,
MW_NRFA_2627_G-0076,MW_NRFA_2627_026,MW_RFC_M1,Zakaria Mphamba,,CAF_MW_000341,,,,,,facebook,https://www.facebook.com/share/p/1dG7eDSjBh/,,2026-08-02T20:54:25+00:00,confirmed,,
MW_NRFA_2627_G-0077,MW_NRFA_2627_026,MW_RFC_M1,Gracious Yasin,,CAF_MW_000429,,,,,,facebook,https://www.facebook.com/share/p/1dG7eDSjBh/,,2026-08-02T20:54:27+00:00,confirmed,,
MW_NRFA_2627_G-0078,MW_NRFA_2627_026,MW_RFC_M1,Limbani Kamanga,,CAF_MW_000430,,,,penalty,,facebook,https://www.facebook.com/share/p/1dG7eDSjBh/,,2026-08-02T20:54:29+00:00,confirmed,,
MW_NRFA_2627_G-0079,MW_NRFA_2627_026,MW_RFC_M1,Pearson Nyirenda,,CAF_MW_000315,,,,,,facebook,https://www.facebook.com/share/p/1dG7eDSjBh/,,2026-08-02T20:54:31+00:00,confirmed,,
MW_NRFA_2627_G-0080,MW_NRFA_2627_027,MW_JU_M1,Chisomo Mygha,,CAF_MW_000431,,,,,,facebook,https://www.facebook.com/share/p/1dG7eDSjBh/,,2026-08-02T20:54:39+00:00,confirmed,,
MW_CRFA_2627_G-0082,MW_CRFA_2627_048,MW_CSFC_M1,Clifton Lemos,,CAF_MW_000432,5,,1h,,,facebook,https://www.facebook.com/share/p/1Y5PBqfqvd/,,2026-08-05T20:23:42+00:00,confirmed,,
MW_CRFA_2627_G-0083,MW_CRFA_2627_048,MW_CSFC_M1,Ishmael Saidi,,CAF_MW_000419,14,,1h,,,facebook,https://www.facebook.com/share/p/1Y5PBqfqvd/,,2026-08-05T20:23:44+00:00,confirmed,,
MW_SL_2627_G-0192,MW_SL_2627_089,MW_BLUE_M1,Tonic Viyuyi,,CAF_MW_000237,65,,2h,,,facebook,https://www.facebook.com/share/p/1Jq7NKw2pj/,,2026-08-08T22:13:51+00:00,confirmed,,
MW_SL_2627_G-0193,MW_SL_2627_090,MW_EFC_M1,Blessings Malinda,,CAF_MW_000023,38,,1h,,,facebook,https://www.facebook.com/share/p/1Jq7NKw2pj/,,2026-08-08T22:13:59+00:00,confirmed,,
MW_SL_2627_G-0194,MW_SL_2627_090,MW_DD_M1,Marko Chiwaya,,CAF_MW_000155,77,,2h,,,facebook,https://www.facebook.com/share/p/1Jq7NKw2pj/,,2026-08-08T22:14:01+00:00,confirmed,,
MW_SL_2627_G-0196,MW_SL_2627_091,MW_MW_M1,Gaddie Chirwa,,CAF_MW_000433,7,,1h,,,facebook,https://www.facebook.com/share/p/1Jq7NKw2pj/,,2026-08-08T22:14:11+00:00,confirmed,,
MW_NDL_2627_G-0127,MW_NDL_2627_055,MW_CB_M1,Happy Henderson,,CAF_MW_000435,4,,1h,,,facebook,https://www.facebook.com/share/p/1CxcSFTFDm/,,2026-08-08T22:16:19+00:00,confirmed,,
MW_NDL_2627_G-0128,MW_NDL_2627_055,MW_CB_M1,Gift Phiri,,CAF_MW_000436,67,,2h,,,facebook,https://www.facebook.com/share/p/1CxcSFTFDm/,,2026-08-08T22:16:21+00:00,confirmed,,
MW_NDL_2627_G-0129,MW_NDL_2627_055,MW_MCH_M1,Precious Phiri,,CAF_MW_000336,34,,1h,,,facebook,https://www.facebook.com/share/p/1CxcSFTFDm/,,2026-08-08T22:16:23+00:00,confirmed,,
MW_NDL_2627_G-0130,MW_NDL_2627_055,MW_MCH_M1,Precious Phiri,,CAF_MW_000336,84,,2h,,,facebook,https://www.facebook.com/share/p/1CxcSFTFDm/,,2026-08-08T22:16:25+00:00,confirmed,,
MW_NDL_2627_G-0131,MW_NDL_2627_055,MW_MCH_M1,Madalitso Mwachumu,,CAF_MW_000153,41,,1h,,,facebook,https://www.facebook.com/share/p/1CxcSFTFDm/,,2026-08-08T22:16:26+00:00,confirmed,,
MW_NDL_2627_G-0132,MW_NDL_2627_055,MW_MCH_M1,Madalitso Mwachumu,,CAF_MW_000153,58,,2h,,,facebook,https://www.facebook.com/share/p/1CxcSFTFDm/,,2026-08-08T22:16:29+00:00,confirmed,,
MW_NDL_2627_G-0133,MW_NDL_2627_055,MW_MCH_M1,Christopher Chulu,,CAF_MW_000047,78,,2h,,,facebook,https://www.facebook.com/share/p/1CxcSFTFDm/,,2026-08-08T22:16:32+00:00,confirmed,,
MW_NRFA_2627_G-0081,MW_NRFA_2627_030,MW_MAFU_M1,Wongani Kamanga,,CAF_MW_000437,,,,penalty,,facebook,https://www.facebook.com/share/p/1DBe4UKr6Z/,,2026-08-08T22:24:08+00:00,confirmed,,
MW_NRFA_2627_G-0082,MW_NRFA_2627_030,MW_RFC_M1,Zakaria Mphamba,,CAF_MW_000341,,,,,,facebook,https://www.facebook.com/share/p/1DBe4UKr6Z/,,2026-08-08T22:24:11+00:00,confirmed,,
MW_SL_2627_G-0200,MW_SL_2627_095,MW_LM_M1,Rashid Daah,,CAF_MW_000438,53,,2h,,,facebook,https://www.facebook.com/share/p/1DhD1pCtV2/,,2026-08-09T14:58:25+00:00,confirmed,,
MW_SL_2627_G-0201,MW_SL_2627_095,MW_LM_M1,Nicholas Kalondole,,CAF_MW_000439,90,3,2h,,,facebook,https://www.facebook.com/share/p/1DhD1pCtV2/,,2026-08-09T14:58:27+00:00,confirmed,,
MW_SL_2627_G-0202,MW_SL_2627_095,MW_KU_M1,Yusuf Adesola,,CAF_MW_000440,55,,2h,,,facebook,https://www.facebook.com/share/p/1DhD1pCtV2/,,2026-08-09T14:58:31+00:00,confirmed,,
MW_SL_2627_G-0203,MW_SL_2627_096,MW_MFC_M1,Phillimon Ndhlove,,CAF_MW_000193,68,,2h,,,facebook,https://www.facebook.com/share/p/1DhD1pCtV2/,,2026-08-09T14:58:38+00:00,confirmed,,
MW_NDL_2627_G-0134,MW_NDL_2627_056,MW_NZ_M1,Precious Manduwa,,CAF_MW_000196,51,,2h,,,facebook,https://www.facebook.com/share/p/18pYBMCyuy/,,2026-08-09T14:59:14+00:00,confirmed,,
MW_NRFA_2627_G-0083,MW_NRFA_2627_031,MW_CAS_M1,Kennedy Seme,,CAF_MW_000289,,,,,,facebook,https://www.facebook.com/share/p/1Bmx2jLZSG/,,2026-08-09T22:22:46+00:00,confirmed,,
MW_NRFA_2627_G-0084,MW_NRFA_2627_031,MW_CAS_M1,Kennedy Seme,,CAF_MW_000289,,,,,,facebook,https://www.facebook.com/share/p/1Bmx2jLZSG/,,2026-08-09T22:22:50+00:00,confirmed,,
MW_NRFA_2627_G-0085,MW_NRFA_2627_031,MW_CAS_M1,Baba Nkhoma,,CAF_MW_000441,,,,,,facebook,https://www.facebook.com/share/p/1Bmx2jLZSG/,,2026-08-09T22:22:54+00:00,confirmed,,
MW_NRFA_2627_G-0086,MW_NRFA_2627_031,MW_CAS_M1,Samani Nyirenda,,CAF_MW_000442,,,,,,facebook,https://www.facebook.com/share/p/1Bmx2jLZSG/,,2026-08-09T22:22:57+00:00,confirmed,,
MW_NRFA_2627_G-0087,MW_NRFA_2627_031,MW_LUMA_M1,Frank Mwale,,CAF_MW_000443,,,,,,facebook,https://www.facebook.com/share/p/1Bmx2jLZSG/,,2026-08-09T22:23:01+00:00,confirmed,,
MW_NRFA_2627_G-0088,MW_NRFA_2627_031,MW_LUMA_M1,Mapalo Gumbo,,CAF_MW_000337,,,,,,facebook,https://www.facebook.com/share/p/1Bmx2jLZSG/,,2026-08-09T22:23:04+00:00,confirmed,,
MW_NRFA_2627_G-0089,MW_NRFA_2627_032,MW_CHIN_M1,Essau Ngwira,,CAF_MW_000444,,,,,,facebook,https://www.facebook.com/share/p/1Bmx2jLZSG/,,2026-08-09T22:23:12+00:00,confirmed,,
MW_NRFA_2627_G-0090,MW_NRFA_2627_032,MW_CHIN_M1,Esau Dobie,,CAF_MW_000384,,,,,,facebook,https://www.facebook.com/share/p/1Bmx2jLZSG/,,2026-08-09T22:23:15+00:00,confirmed,,
MW_NRFA_2627_G-0091,MW_NRFA_2627_033,MW_VSA_M1,Chikondi Saka,,CAF_MW_000445,,,,,,facebook,https://www.facebook.com/share/p/1Bmx2jLZSG/,,2026-08-09T22:23:21+00:00,confirmed,,
MW_NRFA_2627_G-0092,MW_NRFA_2627_033,MW_VSA_M1,Chikondi Saka,,CAF_MW_000445,,,,,,facebook,https://www.facebook.com/share/p/1Bmx2jLZSG/,,2026-08-09T22:23:24+00:00,confirmed,,
MW_NRFA_2627_G-0093,MW_NRFA_2627_033,MW_JU_M1,Chikondi Nyirenda,,CAF_MW_000446,,,,,,facebook,https://www.facebook.com/share/p/1Bmx2jLZSG/,,2026-08-09T22:23:26+00:00,confirmed,,
MW_NRFA_2627_G-0094,MW_NRFA_2627_033,MW_JU_M1,Edwin Nyirenda,,CAF_MW_000447,,,,,,facebook,https://www.facebook.com/share/p/1Bmx2jLZSG/,,2026-08-09T22:23:28+00:00,confirmed,,
MW_NRFA_2627_G-0095,MW_NRFA_2627_033,MW_JU_M1,Edwin Nyirenda,,CAF_MW_000447,,,,,,facebook,https://www.facebook.com/share/p/1Bmx2jLZSG/,,2026-08-09T22:23:30+00:00,confirmed,,
MW_NRFA_2627_G-0096,MW_NRFA_2627_033,MW_JU_M1,Duncan Mpoha,,CAF_MW_000448,,,,,,facebook,https://www.facebook.com/share/p/1Bmx2jLZSG/,,2026-08-09T22:23:32+00:00,confirmed,,
MW_NRFA_2627_G-0097,MW_NRFA_2627_034,MW_CRS_M1,Henderson Kanjika,,CAF_MW_000312,,,,,,facebook,https://www.facebook.com/share/p/1Bmx2jLZSG/,,2026-08-09T22:23:40+00:00,confirmed,,
MW_NRFA_2627_G-0098,MW_NRFA_2627_034,MW_CRS_M1,Sydney Mhone,,CAF_MW_000449,,,,,,facebook,https://www.facebook.com/share/p/1Bmx2jLZSG/,,2026-08-09T22:23:42+00:00,confirmed,,
MW_NRFA_2627_G-0099,MW_NRFA_2627_034,MW_CRS_M1,Issa Hassan,,CAF_MW_000450,,,,,,facebook,https://www.facebook.com/share/p/1Bmx2jLZSG/,,2026-08-09T22:23:45+00:00,confirmed,,
MW_NRFA_2627_G-0100,MW_NRFA_2627_034,MW_CRS_M1,Austine Ngoma,,CAF_MW_000451,,,,,,facebook,https://www.facebook.com/share/p/1Bmx2jLZSG/,,2026-08-09T22:23:47+00:00,confirmed,,
MW_NRFA_2627_G-0101,MW_NRFA_2627_034,MW_CHIP_M1,Clement Mthali,,CAF_MW_000318,,,,,,facebook,https://www.facebook.com/share/p/1Bmx2jLZSG/,,2026-08-09T22:23:50+00:00,confirmed,,
MW_NRFA_2627_G-0102,MW_NRFA_2627_035,MW_CHB_M1,Benjamin Mapunda,,CAF_MW_000303,,,,,,facebook,https://www.facebook.com/share/p/1Bmx2jLZSG/,,2026-08-09T22:23:58+00:00,confirmed,,
MW_NRFA_2627_G-0103,MW_NRFA_2627_029,MW_CZU_M1,Steven Phiri,,CAF_MW_000452,68,,2h,,,facebook,https://www.facebook.com/share/p/19945XwprP/,,2026-08-11T21:11:47+00:00,confirmed,,
MW_NRFA_2627_G-0104,MW_NRFA_2627_029,MW_CZU_M1,Kumbukani Chibaka,,CAF_MW_000293,90,5,2h,,,facebook,https://www.facebook.com/share/p/19945XwprP/,,2026-08-11T21:11:50+00:00,confirmed,,
MW_NDL_2627_G-0135,MW_NDL_2627_057,MW_BAS_M1,Lyson Nkhoma,,CAF_MW_000145,4,,1h,,,facebook,https://www.facebook.com/share/p/18vGDRKe9J/,,2026-08-12T21:34:03+00:00,confirmed,,
MW_NDL_2627_G-0136,MW_NDL_2627_057,MW_NU_M1,Hussein Sanudi,,CAF_MW_000104,30,,1h,,,facebook,https://www.facebook.com/share/p/18vGDRKe9J/,,2026-08-12T21:34:05+00:00,confirmed,,
MW_NDL_2627_G-0137,MW_NDL_2627_057,MW_NU_M1,Hussein Sanudi,,CAF_MW_000104,80,,2h,,,facebook,https://www.facebook.com/share/p/18vGDRKe9J/,,2026-08-12T21:34:08+00:00,confirmed,,
MW_SRFA_2627_G-0157,MW_SRFA_2627_080,MW_EFC_M2,Yusuf Namtunga,,CAF_MW_000250,,,,,,facebook,https://www.facebook.com/share/p/191sP5bTaT/,,2026-08-13T17:56:03+00:00,confirmed,,
MW_SRFA_2627_G-0158,MW_SRFA_2627_080,MW_EFC_M2,Yusuf Namtunga,,CAF_MW_000250,,,,,,facebook,https://www.facebook.com/share/p/191sP5bTaT/,,2026-08-13T17:56:06+00:00,confirmed,,
MW_SRFA_2627_G-0159,MW_SRFA_2627_080,MW_EFC_M2,Hestings Malinda,,CAF_MW_000256,,,,,,facebook,https://www.facebook.com/share/p/191sP5bTaT/,,2026-08-13T17:56:08+00:00,confirmed,,
MW_SRFA_2627_G-0160,MW_SRFA_2627_080,MW_NY_M1,Eric Sadia,,CAF_MW_000070,,,,,,facebook,https://www.facebook.com/share/p/191sP5bTaT/,,2026-08-13T17:56:11+00:00,confirmed,,
MW_SRFA_2627_G-0162,MW_SRFA_2627_081,MW_TB_M1,Emmanuel Nkawa,,CAF_MW_000065,,,,,,facebook,https://www.facebook.com/share/p/191sP5bTaT/,,2026-08-13T17:58:45+00:00,confirmed,,
MW_SRFA_2627_G-0163,MW_SRFA_2627_081,MW_TB_M1,Yamikani kazembe,,CAF_MW_000246,,,,,,facebook,https://www.facebook.com/share/p/191sP5bTaT/,,2026-08-13T17:58:52+00:00,confirmed,,
MW_SRFA_2627_G-0164,MW_SRFA_2627_081,MW_TB_M1,Justice Mahilasi,,CAF_MW_000454,,,,,,facebook,https://www.facebook.com/share/p/191sP5bTaT/,,2026-08-13T17:58:56+00:00,confirmed,,
MW_SRFA_2627_G-0165,MW_SRFA_2627_081,MW_TB_M1,Frank Mlimanjira,,CAF_MW_000455,,,,,,facebook,https://www.facebook.com/share/p/191sP5bTaT/,,2026-08-13T17:59:01+00:00,confirmed,,
MW_SRFA_2627_G-0166,MW_SRFA_2627_083,MW_MS_M1,Chikumbutso Makoloni,,CAF_MW_000456,,,,,,facebook,https://www.facebook.com/share/p/191sP5bTaT/,,2026-08-13T18:00:21+00:00,confirmed,,
MW_SRFA_2627_G-0167,MW_SRFA_2627_083,MW_MS_M1,Henry Justin,,CAF_MW_000457,,,,,,facebook,https://www.facebook.com/share/p/191sP5bTaT/,,2026-08-13T18:00:23+00:00,confirmed,,
MW_SRFA_2627_G-0168,MW_SRFA_2627_083,MW_CFC_M1,Nicholas Oscar,,CAF_MW_000255,,,,,,facebook,https://www.facebook.com/share/p/191sP5bTaT/,,2026-08-13T18:00:26+00:00,confirmed,,
MW_SRFA_2627_G-0169,MW_SRFA_2627_082,MW_NCH_M1,Grey Dickson,,CAF_MW_000458,,,,,,facebook,https://www.facebook.com/share/p/191sP5bTaT/,,2026-08-13T18:01:40+00:00,confirmed,,
MW_SRFA_2627_G-0170,MW_SRFA_2627_082,MW_NFC_M1,Chikumbutso Burton,,CAF_MW_000040,,,,,,facebook,https://www.facebook.com/share/p/191sP5bTaT/,,2026-08-13T18:01:43+00:00,confirmed,,
MW_SRFA_2627_G-0171,MW_SRFA_2627_082,MW_NFC_M1,Chikumbutso Burton,,CAF_MW_000040,,,,,,facebook,https://www.facebook.com/share/p/191sP5bTaT/,,2026-08-13T18:01:47+00:00,confirmed,,
MW_SRFA_2627_G-0172,MW_SRFA_2627_085,MW_QAS_M1,George Makoko,,CAF_MW_000082,,,,,,facebook,https://www.facebook.com/share/p/191sP5bTaT/,,2026-08-13T18:03:13+00:00,confirmed,,
MW_SRFA_2627_G-0173,MW_SRFA_2627_085,MW_QAS_M1,George Makoko,,CAF_MW_000082,,,,,,facebook,https://www.facebook.com/share/p/191sP5bTaT/,,2026-08-13T18:03:17+00:00,confirmed,,
MW_SRFA_2627_G-0174,MW_SRFA_2627_085,MW_QAS_M1,George Makoko,,CAF_MW_000082,,,,,,facebook,https://www.facebook.com/share/p/191sP5bTaT/,,2026-08-13T18:03:20+00:00,confirmed,,
MW_SRFA_2627_G-0175,MW_SRFA_2627_085,MW_QAS_M1,George Makoko,,CAF_MW_000082,,,,,,facebook,https://www.facebook.com/share/p/191sP5bTaT/,,2026-08-13T18:03:22+00:00,confirmed,,
MW_SRFA_2627_G-0176,MW_SRFA_2627_085,MW_QAS_M1,Thomas Selemani,,CAF_MW_000460,,,,,,facebook,https://www.facebook.com/share/p/191sP5bTaT/,,2026-08-13T18:03:25+00:00,confirmed,,
MW_SRFA_2627_G-0177,MW_SRFA_2627_084,MW_MW_M2,Amin Yusuf,,CAF_MW_000010,,,,,,facebook,https://www.facebook.com/share/p/191sP5bTaT/,,2026-08-13T18:04:00+00:00,confirmed,,
MW_SRFA_2627_G-0178,MW_SRFA_2627_084,MW_MW_M2,Amin Yusuf,,CAF_MW_000010,,,,,,facebook,https://www.facebook.com/share/p/191sP5bTaT/,,2026-08-13T18:04:03+00:00,confirmed,,
MW_SRFA_2627_G-0179,MW_SRFA_2627_084,MW_ZU_M1,Yohane Mambo,,CAF_MW_000249,,,,,,facebook,https://www.facebook.com/share/p/191sP5bTaT/,,2026-08-13T18:04:07+00:00,confirmed,,
MW_SL_2627_G-0204,MW_SL_2627_097,MW_CU_M1,Olamba Ngese,,CAF_MW_000183,60,,2h,penalty,,facebook,https://www.facebook.com/share/p/1EZ3ksBHns/,,2026-08-15T16:01:11+00:00,confirmed,,
MW_SL_2627_G-0209,MW_SL_2627_100,MW_MAFC_M1,Chifundo Molosen,,CAF_MW_000462,75,,2h,,,facebook,https://www.facebook.com/share/p/1EZ3ksBHns/,,2026-08-15T16:01:41+00:00,confirmed,,
MW_SL_2627_G-0210,MW_SL_2627_100,MW_MFC_M1,Luke Chima,,CAF_MW_000463,25,,1h,,,facebook,https://www.facebook.com/share/p/1EZ3ksBHns/,,2026-08-15T16:01:46+00:00,confirmed,,
MW_NDL_2627_G-0138,MW_NDL_2627_060,MW_EXFC_M1,Mathews Mtalakwesi,,CAF_MW_000158,4,,1h,,,facebook,https://www.facebook.com/share/p/18qatGsBFM/,,2026-08-15T16:03:13+00:00,confirmed,,
MW_NDL_2627_G-0139,MW_NDL_2627_060,MW_EXFC_M1,Mathews Mtalakwesi,,CAF_MW_000158,42,,1h,,,facebook,https://www.facebook.com/share/p/18qatGsBFM/,,2026-08-15T16:03:16+00:00,confirmed,,
MW_SRFA_2627_G-0180,MW_SRFA_2627_087,MW_LBTY_M1,Mario Mkhoma,,CAF_MW_000154,,,,,,facebook,https://www.facebook.com/share/p/1DnM5XyRuA/,,2026-08-15T16:07:03+00:00,confirmed,,
MW_SRFA_2627_G-0181,MW_SRFA_2627_087,MW_LBTY_M1,Boniface Ndamera,,CAF_MW_000464,,,,,,facebook,https://www.facebook.com/share/p/1DnM5XyRuA/,,2026-08-15T16:07:06+00:00,confirmed,,
MW_SRFA_2627_G-0182,MW_SRFA_2627_087,MW_LBTY_M1,Ibrahim Mitochi,,CAF_MW_000465,,,,,,facebook,https://www.facebook.com/share/p/1DnM5XyRuA/,,2026-08-15T16:07:09+00:00,confirmed,,
MW_SRFA_2627_G-0183,MW_SRFA_2627_088,MW_ZU_M1,Yohane Mambo,,CAF_MW_000249,,,,,,facebook,https://www.facebook.com/share/p/1DnM5XyRuA/,,2026-08-15T16:07:16+00:00,confirmed,,
MW_CRFA_2627_G-0084,MW_CRFA_2627_050,MW_SS_M2,Archangel Maloya,,CAF_MW_000466,54,,2h,,,facebook,https://www.facebook.com/share/p/1DtBPMLPjP/,,2026-08-15T16:09:47+00:00,confirmed,,
MW_CRFA_2627_G-0085,MW_CRFA_2627_049,MW_MU_M1,Figo Chilindiza,,CAF_MW_000467,78,,2h,,,facebook,https://www.facebook.com/share/p/18x4cgt1rA/,,2026-08-15T16:10:34+00:00,confirmed,,
MW_CRFA_2627_G-0086,MW_CRFA_2627_049,MW_MU_M1,Hamza Owen,,CAF_MW_000278,90,,2h,,,facebook,https://www.facebook.com/share/p/18x4cgt1rA/,,2026-08-15T16:10:37+00:00,confirmed,,
MW_CRFA_2627_G-0087,MW_CRFA_2627_052,MW_BLUE_M2,Blessings Makhula,,CAF_MW_000022,11,,1h,,,facebook,https://www.facebook.com/share/p/19WBCsbtjQ/,,2026-08-15T16:14:01+00:00,confirmed,,
MW_CRFA_2627_G-0088,MW_CRFA_2627_052,MW_BLUE_M2,Samuel Viyuyi,,CAF_MW_000216,30,,1h,,,facebook,https://www.facebook.com/share/p/19WBCsbtjQ/,,2026-08-15T16:14:04+00:00,confirmed,,
MW_CRFA_2627_G-0089,MW_CRFA_2627_052,MW_BLUE_M2,Andrew Mapemba,,CAF_MW_000469,90,,2h,,,facebook,https://www.facebook.com/share/p/19WBCsbtjQ/,,2026-08-15T16:14:07+00:00,confirmed,,
MW_CRFA_2627_G-0090,MW_CRFA_2627_052,MW_TNS_M1,Allie Amadu,,CAF_MW_000468,70,,2h,,,facebook,https://www.facebook.com/share/p/19WBCsbtjQ/,,2026-08-15T16:14:10+00:00,confirmed,,
MW_NRFA_2627_G-0105,MW_NRFA_2627_037,MW_CHIP_M1,Clement Mthali,,CAF_MW_000318,,,,,,facebook,https://www.facebook.com/share/p/1SAm51ZjN7/,,2026-08-15T16:20:38+00:00,confirmed,,
MW_NRFA_2627_G-0106,MW_NRFA_2627_037,MW_CHIP_M1,Rodrick Kasudza,,CAF_MW_000470,,,,,,facebook,https://www.facebook.com/share/p/1SAm51ZjN7/,,2026-08-15T16:20:41+00:00,confirmed,,
MW_NRFA_2627_G-0107,MW_NRFA_2627_037,MW_VSA_M1,George Masewo,,CAF_MW_000471,,,,,,facebook,https://www.facebook.com/share/p/1SAm51ZjN7/,,2026-08-15T16:20:43+00:00,confirmed,,
MW_KU19_2627_034_G1,MW_KU19_2627_034,MW_EFC_U19,,Dapay Banda,CAF_MW_UNKNOWN,,,,,,reporter,,MW_REP_001,2026-08-16T07:50:26.695752+00:00,unconfirmed,,
MW_KU19_2627_034_G2,MW_KU19_2627_034,MW_EFC_U19,,Dapay Banda,CAF_MW_UNKNOWN,,,,,,reporter,,MW_REP_001,2026-08-16T07:50:41.279996+00:00,unconfirmed,,
MW_SL_2627_102_G1,MW_SL_2627_102,MW_DD_M1,,Tathedwa Willard,CAF_MW_000472,37,,,,,reporter,,MW_REP_001,2026-08-16T15:29:24.976948+00:00,unconfirmed,,
MW_SL_2627_103_G1,MW_SL_2627_103,MW_MW_M1,,Sama Thierry Tanjong,CAF_MW_000404,13,,,,,reporter,,MW_REP_001,2026-08-16T15:30:27.891387+00:00,unconfirmed,,
MW_SL_2627_103_G2,MW_SL_2627_103,MW_MW_M1,,Emmanuel Nyirenda,CAF_MW_000475,45+2,,,,,reporter,,MW_REP_001,2026-08-16T15:30:50.14428+00:00,unconfirmed,,
MW_SL_2627_104_G1,MW_SL_2627_104,MW_BLUE_M1,,Enock Jobo,CAF_MW_000067,18,,,,,reporter,,MW_REP_001,2026-08-16T15:31:15.49405+00:00,unconfirmed,,
MW_SL_2627_104_G2,MW_SL_2627_104,MW_CSU_M1,,Joseph Ziwa,CAF_MW_000476,37,,,,,reporter,,MW_REP_001,2026-08-16T15:31:27.14295+00:00,unconfirmed,,
MW_SL_2627_104_G3,MW_SL_2627_104,MW_CSU_M1,,Saulos Moyo,CAF_MW_000403,47,,,,,reporter,,MW_REP_001,2026-08-16T15:31:33.713383+00:00,unconfirmed,,
MW_SL_2627_102_G2,MW_SL_2627_102,MW_CS_M1,,Hassan Hussein,CAF_MW_000473,89,,,,,reporter,,MW_REP_001,2026-08-16T15:32:35.793592+00:00,unconfirmed,,
MW_NRFA_2627_038_G1,MW_NRFA_2627_038,MW_LVFC_M1,,Tyson Soko,CAF_MW_000477,,,,,,reporter,,MW_REP_001,2026-08-16T15:36:16.775674+00:00,unconfirmed,,
MW_NRFA_2627_038_G2,MW_NRFA_2627_038,MW_LVFC_M1,,Kingsley Mkandawire,CAF_MW_000478,,,,,,reporter,,MW_REP_001,2026-08-16T15:36:32.749909+00:00,unconfirmed,,
MW_NRFA_2627_038_G3,MW_NRFA_2627_038,MW_LVFC_M1,,Abraham Mvula,CAF_MW_000479,,,,,,reporter,,MW_REP_001,2026-08-16T15:36:59.402208+00:00,unconfirmed,,
MW_NRFA_2627_042_G1,MW_NRFA_2627_042,MW_LUMA_M1,,Charles Kamanga,CAF_MW_000481,,,,,,reporter,,MW_REP_001,2026-08-16T15:37:47.103763+00:00,unconfirmed,,
MW_NRFA_2627_042_G2,MW_NRFA_2627_042,MW_LUMA_M1,,Mapalo Gumbo,CAF_MW_000337,,,,,,reporter,,MW_REP_001,2026-08-16T15:37:53.487944+00:00,unconfirmed,,
MW_NRFA_2627_042_G3,MW_NRFA_2627_042,MW_MAFU_M1,,Wanangwa Gama,CAF_MW_000482,,,,,,reporter,,MW_REP_001,2026-08-16T15:38:03.100617+00:00,unconfirmed,,
MW_NRFA_2627_039_G1,MW_NRFA_2627_039,MW_JU_M1,,Chisomo Mygha,CAF_MW_000431,,,,,,reporter,,MW_REP_001,2026-08-16T15:38:23.826796+00:00,unconfirmed,,
MW_NRFA_2627_039_G2,MW_NRFA_2627_039,MW_CHIN_M1,,Temwa Ndhlovu,CAF_MW_000235,,,,,,reporter,,MW_REP_001,2026-08-16T15:38:32.67839+00:00,unconfirmed,,
MW_NRFA_2627_040_G1,MW_NRFA_2627_040,MW_EV_M1,,Joseph Banda,CAF_MW_000290,,,,,,reporter,,MW_REP_001,2026-08-16T15:39:03.029353+00:00,unconfirmed,,
MW_NRFA_2627_041_G1,MW_NRFA_2627_041,MW_EKW_M1,,Mphatso Kumwenda,CAF_MW_000305,,,,,,reporter,,MW_REP_001,2026-08-16T15:39:19.074734+00:00,unconfirmed,,
MW_NRFA_2627_041_G2,MW_NRFA_2627_041,MW_CAS_M1,,James Zonga,CAF_MW_000483,,,,,,reporter,,MW_REP_001,2026-08-16T15:39:25.297112+00:00,unconfirmed,,
MW_NDL_2627_058_G1,MW_NDL_2627_058,MW_CBWE_M1,,Madalitso Haji,CAF_MW_000151,45,,,,,reporter,,MW_REP_001,2026-08-17T08:44:35.538906+00:00,unconfirmed,,
MW_NDL_2627_058_G2,MW_NDL_2627_058,MW_CBWE_M1,,Kondwani Siliya,CAF_MW_000131,64,,,,,reporter,,MW_REP_001,2026-08-17T08:44:35.599554+00:00,unconfirmed,,
MW_NDL_2627_058_G3,MW_NDL_2627_058,MW_NS_M1,,Moses Gunde,CAF_MW_000175,2,,,,,reporter,,MW_REP_001,2026-08-17T08:44:35.652338+00:00,unconfirmed,,
MW_NDL_2627_058_G4,MW_NDL_2627_058,MW_NS_M1,,Madalitso Jeffrey,CAF_MW_000484,10,,,,,reporter,,MW_REP_001,2026-08-17T08:44:35.70994+00:00,unconfirmed,,
MW_CRFA2_2627_016_G1,MW_CRFA2_2627_016,MW_SALSPA_M1,,Chinsinsi Twaya,CAF_MW_000485,57,,,penalty,,reporter,,MW_REP_001,2026-08-18T11:01:28.368987+00:00,unconfirmed,,
MW_CRFA2_2627_016_G2,MW_CRFA2_2627_016,MW_SALSPA_M1,,Gift Mwale,CAF_MW_000486,62,,,,,reporter,,MW_REP_001,2026-08-18T11:01:28.44008+00:00,unconfirmed,,
MW_CRFA2_2627_015_G1,MW_CRFA2_2627_015,MW_LIKUNI_M1,,Tadala Masina,CAF_MW_000487,47,,,,,reporter,,MW_REP_001,2026-08-18T11:02:01.315791+00:00,unconfirmed,,
MW_CRFA2_2627_015_G2,MW_CRFA2_2627_015,MW_DWANGWA_M1,,Yassin Salima,CAF_MW_000488,40,,,,,reporter,,MW_REP_001,2026-08-18T11:02:01.372255+00:00,unconfirmed,,
MW_CRFA2_2627_017_G1,MW_CRFA2_2627_017,MW_MSPIRATE_M1,,Wongani Phiri,CAF_MW_000489,,,,,,reporter,,MW_REP_001,2026-08-18T11:02:24.551868+00:00,unconfirmed,,
MW_CRFA2_2627_018_G1,MW_CRFA2_2627_018,MW_SIMBI_M1,,Noah Hunt,CAF_MW_000400,,,,own_goal,,reporter,,MW_REP_001,2026-08-18T11:03:22.516006+00:00,unconfirmed,,
MW_CRFA2_2627_018_G2,MW_CRFA2_2627_018,MW_SIMBI_M1,,Samuel Nyanda,CAF_MW_000490,,,,,,reporter,,MW_REP_001,2026-08-18T11:03:22.576426+00:00,unconfirmed,,
MW_CRFA2_2627_018_G3,MW_CRFA2_2627_018,MW_MTHUN_M1,,Victor Kafuwa,CAF_MW_000491,,,,,,reporter,,MW_REP_001,2026-08-18T11:03:22.635904+00:00,unconfirmed,,
MW_CRFA2_2627_022_G1,MW_CRFA2_2627_022,MW_MPHA_M1,,Shafie Asima,CAF_MW_000492,,,,,,reporter,,MW_REP_001,2026-08-18T11:03:40.65681+00:00,unconfirmed,,
MW_SL_2627_098_G1,MW_SL_2627_098,MW_SS_M1,,Zebron Kalima,CAF_MW_000353,59,,,,CAF_MW_000013,reporter,,MW_REP_001,2026-08-18T19:45:10.57492+00:00,unconfirmed,,
MW_SL_2627_098_G2,MW_SL_2627_098,MW_SS_M1,,Zebron Kalima,CAF_MW_000353,60,,,,CAF_MW_000545,reporter,,MW_REP_001,2026-08-18T19:45:38.370598+00:00,unconfirmed,,
MW_SL_2627_092_G1,MW_SL_2627_092,MW_SS_M1,,Nickson Mwase,CAF_MW_000434,23,,,,,reporter,,MW_REP_001,2026-08-18T20:50:19.054215+00:00,unconfirmed,,
MW_SL_2627_098_G3,MW_SL_2627_098,MW_SS_M1,,Emmanuel Allan,CAF_MW_000547,90+2,,,header,,reporter,,MW_REP_001,2026-08-18T21:10:26.206838+00:00,unconfirmed,,
MW_SL_2627_082_G1,MW_SL_2627_082,MW_SS_M1,,Zebron Kalima,CAF_MW_000353,12,,,,CAF_MW_000013,reporter,,MW_REP_001,2026-08-18T21:34:16.067609+00:00,unconfirmed,,
MW_SL_2627_082_G2,MW_SL_2627_082,MW_LM_M1,,Samson Phiri,CAF_MW_000352,31,,,,CAF_MW_000557,reporter,,MW_REP_001,2026-08-18T21:34:42.624989+00:00,unconfirmed,,
MW_BDU14_2627_001_G1,MW_BDU14_2627_001,MW_HEBW_M1,,Praise Macholowe,CAF_MW_000558,4,,,,,reporter,,MW_REP_001,2026-08-18T22:14:29.047398+00:00,unconfirmed,,
MW_BDU14_2627_001_G2,MW_BDU14_2627_001,MW_HEBW_M1,,Praise Macholowe,CAF_MW_000558,15,,,,,reporter,,MW_REP_001,2026-08-18T22:14:55.237015+00:00,unconfirmed,,
MW_BDU14_2627_001_G3,MW_BDU14_2627_001,MW_HEBW_M1,,Hasan Shaib,CAF_MW_000559,38,,,,,reporter,,MW_REP_001,2026-08-18T22:17:48.236981+00:00,unconfirmed,,
MW_SL_2627_080_G1,MW_SL_2627_080,MW_SS_M1,,Lasuli Jali,CAF_MW_000334,51,,,,,reporter,,MW_REP_001,2026-08-18T22:52:12.844991+00:00,unconfirmed,,
MW_SL_2627_080_G2,MW_SL_2627_080,MW_SS_M1,,Innocent Shema,CAF_MW_000109,53,,,header,CAF_MW_000043,reporter,,MW_REP_001,2026-08-18T22:52:38.384327+00:00,unconfirmed,,
MW_SL_2627_080_G3,MW_SL_2627_080,MW_SS_M1,,Chinsisi Maonga,CAF_MW_000043,59,,,,CAF_MW_000353,reporter,,MW_REP_001,2026-08-18T22:53:21.834204+00:00,unconfirmed,,
MW_SL_2627_080_G4,MW_SL_2627_080,MW_KU_M1,,Lennox Kiwambe,CAF_MW_000138,75,,,penalty,,reporter,,MW_REP_001,2026-08-18T22:54:00.70454+00:00,unconfirmed,,
MW_SL_2627_080_G5,MW_SL_2627_080,MW_SS_M1,,Charles Chipala,CAF_MW_000032,84,,,,CAF_MW_000552,reporter,,MW_REP_001,2026-08-18T22:54:26.428968+00:00,unconfirmed,,
MW_TOP8_2627_008_G1,MW_TOP8_2627_008,MW_KU_M1,,Lennox Kiwambe,CAF_MW_000138,61,,,,,reporter,,MW_REP_001,2026-08-18T23:02:56.04395+00:00,unconfirmed,,
MW_TOP8_2627_008_G2,MW_TOP8_2627_008,MW_KU_M1,,Godfrey Sibale,CAF_MW_000085,68,,,,,reporter,,MW_REP_001,2026-08-18T23:03:13.206282+00:00,unconfirmed,,
MW_TOP8_2627_008_G3,MW_TOP8_2627_008,MW_KU_M1,,Lennox Kiwambe,CAF_MW_000138,83,,,,,reporter,,MW_REP_001,2026-08-18T23:03:32.619327+00:00,unconfirmed,,
MW_TOP8_2627_004_G1,MW_TOP8_2627_004,MW_SS_M1,,Charles Chipala,CAF_MW_000032,12,,,,CAF_MW_000074,reporter,,MW_REP_001,2026-08-18T23:09:10.773211+00:00,unconfirmed,,
MW_TOP8_2627_004_G2,MW_TOP8_2627_004,MW_SS_M1,,Charles Chipala,CAF_MW_000032,34,,,,CAF_MW_000169,reporter,,MW_REP_001,2026-08-18T23:09:40.747052+00:00,unconfirmed,,
MW_SL_2627_060_G1,MW_SL_2627_060,MW_SS_M1,,Innocent Shema,CAF_MW_000109,14,,,free_kick,,reporter,,MW_REP_001,2026-08-18T23:20:10.884763+00:00,unconfirmed,,
MW_SL_2627_060_G2,MW_SL_2627_060,MW_SS_M1,,Innocent Shema,CAF_MW_000109,17,,,header,CAF_MW_000544,reporter,,MW_REP_001,2026-08-18T23:20:30.653875+00:00,unconfirmed,,
MW_SL_2627_060_G3,MW_SL_2627_060,MW_SS_M1,,Festus Duwe,CAF_MW_000074,79,,,,CAF_MW_000547,reporter,,MW_REP_001,2026-08-18T23:21:02.918755+00:00,unconfirmed,,
MW_SL_2627_050_G1,MW_SL_2627_050,MW_CSU_M1,,Righteous Banda,CAF_MW_000210,15,,,,CAF_MW_000124,reporter,,MW_REP_001,2026-08-18T23:25:47.142592+00:00,unconfirmed,,
MW_SL_2627_050_G2,MW_SL_2627_050,MW_SS_M1,,Charles Chipala,CAF_MW_000032,66,,,,,reporter,,MW_REP_001,2026-08-18T23:26:12.504091+00:00,unconfirmed,,
MW_SL_2627_101_G1,MW_SL_2627_101,MW_BULL_M1,,Ephraim Kondowe,CAF_MW_000069,38,,,,CAF_MW_000579,reporter,,MW_REP_001,2026-08-19T00:11:40.075078+00:00,unconfirmed,,
MW_SRFA_2627_090_G1,MW_SRFA_2627_090,MW_BULL_M2,,Verson Mudu,CAF_MW_000240,36,,,,CAF_MW_000266,reporter,,MW_REP_001,2026-08-19T00:23:02.887126+00:00,unconfirmed,,
MW_SRFA_2627_090_G2,MW_SRFA_2627_090,MW_EFC_M2,,Dominic Kayamba,CAF_MW_000055,42,,,header,CAF_MW_000098,reporter,,MW_REP_001,2026-08-19T00:23:30.28097+00:00,unconfirmed,,
MW_SRFA_2627_090_G3,MW_SRFA_2627_090,MW_BULL_M2,,Limbitso Chimanjamanja,CAF_MW_000363,82,,,,CAF_MW_000076,reporter,,MW_REP_001,2026-08-19T00:23:58.225631+00:00,unconfirmed,,
MW_KU19_2627_030_G1,MW_KU19_2627_030,MW_BULL_U19,,Ahmad Ayami,CAF_MW_000645,19,,,,CAF_MW_000652,reporter,,MW_REP_001,2026-08-19T00:34:02.359847+00:00,unconfirmed,,
MW_KU19_2627_030_G2,MW_KU19_2627_030,MW_CCS_MU19,,Amidu Yahaya,CAF_MW_000663,25,,,,CAF_MW_000664,reporter,,MW_REP_001,2026-08-19T00:34:02.441772+00:00,unconfirmed,,
MW_KU19_2627_030_G3,MW_KU19_2627_030,MW_BULL_U19,,Osman George,CAF_MW_000643,50,,,penalty,,reporter,,MW_REP_001,2026-08-19T00:34:02.50238+00:00,unconfirmed,,
MW_SL_2627_093_G1,MW_SL_2627_093,MW_BULL_M1,,Blessings Mpokera,CAF_MW_000025,81,,,penalty,,reporter,,MW_REP_001,2026-08-19T00:49:35.745747+00:00,unconfirmed,,
MW_SL_2627_093_G2,MW_SL_2627_093,MW_BULL_M1,,Clever Kalambo,CAF_MW_000050,83,,,,CAF_MW_000584,reporter,,MW_REP_001,2026-08-19T00:50:16.25951+00:00,unconfirmed,,
MW_SRFA_2627_079_G1,MW_SRFA_2627_079,MW_BULL_M2,,Kondwani Chaula,CAF_MW_000362,44,,,,CAF_MW_000611,reporter,,MW_REP_001,2026-08-19T01:00:22.975792+00:00,unconfirmed,,
MW_KU19_2627_031_G1,MW_KU19_2627_031,MW_EFC_U19,,Maxwell Simfukwe,CAF_MW_000712,20,,,,CAF_MW_000713,reporter,,MW_REP_003,2026-08-19T08:17:06.362556+00:00,unconfirmed,,
MW_KU19_2627_031_G2,MW_KU19_2627_031,MW_EFC_U19,,Depay Banda,CAF_MW_000713,32,,,,,reporter,,MW_REP_003,2026-08-19T08:18:33.598554+00:00,unconfirmed,,
MW_KU19_2627_031_G3,MW_KU19_2627_031,MW_EFC_U19,,Depay Banda,CAF_MW_000713,37,,,,,reporter,,MW_REP_003,2026-08-19T08:19:36.561201+00:00,unconfirmed,,
MW_SL_2627_041_G1,MW_SL_2627_041,MW_SS_M1,,Ernest Petro,CAF_MW_000071,50,,,,CAF_MW_000169,reporter,,MW_REP_001,2026-08-19T12:43:47.861404+00:00,unconfirmed,,
MW_SL_2627_030_G1,MW_SL_2627_030,MW_SS_M1,,Andrew Joseph,CAF_MW_000013,22,,,header,CAF_MW_000169,reporter,,MW_REP_001,2026-08-19T13:25:44.438225+00:00,unconfirmed,,
MW_SL_2627_030_G2,MW_SL_2627_030,MW_SS_M1,,Festus Duwe,CAF_MW_000074,40,,,penalty,,reporter,,MW_REP_001,2026-08-19T13:25:57.759737+00:00,unconfirmed,,
MW_SL_2627_030_G3,MW_SL_2627_030,MW_SS_M1,,Mcdonald Lameck,CAF_MW_000169,90+3,,,,,reporter,,MW_REP_001,2026-08-19T13:28:47.153685+00:00,unconfirmed,,
MW_SL_2627_011_G1,MW_SL_2627_011,MW_SS_M1,,Andrew Joseph,CAF_MW_000013,38,,,,,reporter,,MW_REP_001,2026-08-19T13:44:59.211728+00:00,unconfirmed,,
MW_SL_2627_011_G2,MW_SL_2627_011,MW_SS_M1,,Andrew Joseph,CAF_MW_000013,51,,,,,reporter,,MW_REP_001,2026-08-19T13:45:26.418226+00:00,unconfirmed,,
MW_SL_2627_011_G3,MW_SL_2627_011,MW_MB_M1,,Charles Nkhoma,CAF_MW_000034,56,,,header,,reporter,,MW_REP_001,2026-08-19T13:45:58.941411+00:00,unconfirmed,,
MW_SL_2627_011_G4,MW_SL_2627_011,MW_SS_M1,,Festus Duwe,CAF_MW_000074,68,,,,CAF_MW_000169,reporter,,MW_REP_001,2026-08-19T13:46:25.039417+00:00,unconfirmed,,
MW_SL_2627_011_G5,MW_SL_2627_011,MW_SS_M1,,Chinsisi Maonga,CAF_MW_000043,74,,,,,reporter,,MW_REP_001,2026-08-19T13:46:43.143975+00:00,unconfirmed,,
MW_SL_2627_003_G1,MW_SL_2627_003,MW_SS_M1,,Festus Duwe,CAF_MW_000074,4,,,,,reporter,,MW_REP_001,2026-08-19T14:03:02.870055+00:00,unconfirmed,,
MW_SL_2627_003_G2,MW_SL_2627_003,MW_SS_M1,,Festus Duwe,CAF_MW_000074,34,,,,CAF_MW_000353,reporter,,MW_REP_001,2026-08-19T14:04:54.799547+00:00,unconfirmed,,
MW_SRFA_2627_091_G1,MW_SRFA_2627_091,MW_MWU_M1,,Yankho Mafuta,CAF_MW_000248,40,,,header,,reporter,,MW_REP_001,2026-08-20T12:37:36.164744+00:00,unconfirmed,,
MW_SRFA_2627_091_G2,MW_SRFA_2627_091,MW_MWU_M1,,Jussa Samson,CAF_MW_000732,46,,,penalty,,reporter,,MW_REP_001,2026-08-20T12:38:04.805997+00:00,unconfirmed,,
MW_SRFA2_2627_028_G1,MW_SRFA2_2627_028,MW_LIM_M1,,Robert Kapinga,CAF_MW_000750,72,,,header,CAF_MW_000757,reporter,,MW_REP_001,2026-08-20T12:55:47.108654+00:00,unconfirmed,,
MW_SL_2627_099_G1,MW_SL_2627_099,MW_REDL_M1,,Mphatso Magaleta,CAF_MW_000178,50,,,penalty,,reporter,,MW_REP_001,2026-08-20T13:17:07.082552+00:00,unconfirmed,,
MW_SL_2627_091_G1,MW_SL_2627_091,MW_MB_M1,,Lucky Mkandawire,CAF_MW_000143,85,,,,,reporter,,MW_REP_001,2026-08-20T14:51:49.565568+00:00,unconfirmed,,
MW_CRFA_2627_018_G1,MW_CRFA_2627_018,MW_MC_M1,,Anafi Alick,CAF_MW_000372,9,,,,,reporter,,MW_REP_001,2026-08-20T19:30:34.024204+00:00,unconfirmed,,
MW_CRFA_2627_018_G2,MW_CRFA_2627_018,MW_MC_M1,,Christopher Gomani,CAF_MW_000048,27,,,,,reporter,,MW_REP_001,2026-08-20T19:32:11.369332+00:00,unconfirmed,,
MW_CRFA_2627_018_G3,MW_CRFA_2627_018,MW_MC_M1,,Christopher Gomani,CAF_MW_000048,50,,,,CAF_MW_000273,reporter,,MW_REP_001,2026-08-20T19:32:27.52435+00:00,unconfirmed,,
MW_CRFA_2627_018_G4,MW_CRFA_2627_018,MW_MV_M1,,Michael Ng'oma,CAF_MW_000839,1,,,,,reporter,,MW_REP_001,2026-08-20T19:36:04.188798+00:00,unconfirmed,,
MW_CRFA_2627_018_G5,MW_CRFA_2627_018,MW_MV_M1,,Bright Ngonga,CAF_MW_000028,35,,,,CAF_MW_000839,reporter,,MW_REP_001,2026-08-20T19:37:32.519598+00:00,unconfirmed,,
MW_CRFA_2627_018_G6,MW_CRFA_2627_018,MW_MV_M1,,Bright Ngonga,CAF_MW_000028,70,,,penalty,,reporter,,MW_REP_001,2026-08-20T19:39:12.494236+00:00,unconfirmed,,
MW_CRFA_2627_016_G1,MW_CRFA_2627_016,MW_NAA_M1,,Yelemiya Phiri,CAF_MW_000424,15,,,,,reporter,,MW_REP_001,2026-08-21T08:36:10.248862+00:00,unconfirmed,,
MW_CRFA2_2627_003_G1,MW_CRFA2_2627_003,MW_YOUNGT_M1,,Kamzati Lawrence,CAF_MW_000872,,,,penalty,,reporter,,MW_REP_001,2026-08-21T08:55:07.94472+00:00,unconfirmed,,
MW_CRFA2_2627_003_G2,MW_CRFA2_2627_003,MW_DWANGWA_M1,,Kondwani Joseph,CAF_MW_000873,,,,,,reporter,,MW_REP_001,2026-08-21T08:55:08.008824+00:00,unconfirmed,,
MW_CRFA2_2627_030_G1,MW_CRFA2_2627_030,MW_ERGO_M1,,Potifer Banda,CAF_MW_000874,65,,,,,reporter,,MW_REP_001,2026-08-21T08:58:59.14692+00:00,unconfirmed,,
MW_CRFA2_2627_030_G2,MW_CRFA2_2627_030,MW_ERGO_M1,,Amos Banda,CAF_MW_000875,73,,,,,reporter,,MW_REP_001,2026-08-21T08:58:59.205105+00:00,unconfirmed,,
MW_CRFA2_2627_030_G3,MW_CRFA2_2627_030,MW_ERGO_M1,,Billy Makonokaya,CAF_MW_000876,,,,,,reporter,,MW_REP_001,2026-08-21T08:58:59.269036+00:00,unconfirmed,,
MW_CRFA2_2627_030_G4,MW_CRFA2_2627_030,MW_MPHA_M1,,Jeffrey Tika,CAF_MW_000877,,,,,,reporter,,MW_REP_001,2026-08-21T08:58:59.335047+00:00,unconfirmed,,
MW_CRFA_2627_056_G1,MW_CRFA_2627_056,MW_MC_M1,,Anafi Alick,CAF_MW_000372,63,,,,,reporter,,MW_REP_001,2026-08-21T09:07:02.739905+00:00,unconfirmed,,
MW_CRFA_2627_055_G1,MW_CRFA_2627_055,MW_AB_M1,,Chisomo Nkhungwa,CAF_MW_000878,,,,,,reporter,,MW_REP_001,2026-08-21T09:10:11.472178+00:00,unconfirmed,,
MW_CRFA_2627_053_G1,MW_CRFA_2627_053,MW_AR_M1,,Chifuniro Dave,CAF_MW_000879,,,,,,reporter,,MW_REP_001,2026-08-21T09:11:47.475613+00:00,unconfirmed,,
MW_MDU20_2627_003_G1,MW_MDU20_2627_003,MW_VA_M1,,Elias Lehman,CAF_MW_000880,13,,,,,reporter,,MW_REP_001,2026-08-21T12:45:54.82667+00:00,unconfirmed,,
MW_MDU20_2627_003_G2,MW_MDU20_2627_003,MW_VA_M1,,Elias Lehman,CAF_MW_000880,,,,,,reporter,,MW_REP_001,2026-08-21T12:45:54.906771+00:00,unconfirmed,,
MW_MDU20_2627_003_G3,MW_MDU20_2627_003,MW_VA_M1,,Elias Lehman,CAF_MW_000880,,,,,,reporter,,MW_REP_001,2026-08-21T12:45:54.992414+00:00,unconfirmed,,
MW_MDU20_2627_001_G1,MW_MDU20_2627_001,MW_CRS2_M1,,Precious Msofi,CAF_MW_000881,,,,,,reporter,,MW_REP_001,2026-08-21T12:46:38.98+00:00,unconfirmed,,
MW_MDU20_2627_001_G2,MW_MDU20_2627_001,MW_CRS2_M1,,Peter Kapepe,CAF_MW_000882,,,,,,reporter,,MW_REP_001,2026-08-21T12:46:39.034964+00:00,unconfirmed,,
MW_MDU20_2627_004_G1,MW_MDU20_2627_004,MW_CU2_M1,,Chisomo Kajani,CAF_MW_000883,,,,,,reporter,,MW_REP_001,2026-08-21T12:48:36.687802+00:00,unconfirmed,,
MW_MDU20_2627_004_G2,MW_MDU20_2627_004,MW_CU2_M1,,Ahad Mpapalika,CAF_MW_000884,,,,,,reporter,,MW_REP_001,2026-08-21T12:48:36.747066+00:00,unconfirmed,,
MW_MDU20_2627_004_G5,MW_MDU20_2627_004,MW_MMM_M1,,Khumbo Msiska,CAF_MW_000885,,,,,,reporter,,MW_REP_001,2026-08-21T12:48:36.909714+00:00,unconfirmed,,
MW_MDU20_2627_004_G6,MW_MDU20_2627_004,MW_MMM_M1,,Khumbo Msiska,CAF_MW_000885,,,,,,reporter,,MW_REP_001,2026-08-21T12:48:36.958965+00:00,unconfirmed,,
MW_MDU20_2627_004_G7,MW_MDU20_2627_004,MW_MMM_M1,,Khumbo Msiska,CAF_MW_000885,,,,,,reporter,,MW_REP_001,2026-08-21T12:48:37.008621+00:00,unconfirmed,,
MW_MDU20_2627_004_G8,MW_MDU20_2627_004,MW_MMM_M1,,Gift Phiri,CAF_MW_000971,,,,,,reporter,,MW_REP_001,2026-08-21T12:58:38.182057+00:00,unconfirmed,,
MW_MDU20_2627_004_G9,MW_MDU20_2627_004,MW_MMM_M1,,Gift Phiri,CAF_MW_000971,,,,,,reporter,,MW_REP_001,2026-08-21T12:58:41.719875+00:00,unconfirmed,,
MW_MDU20_2627_005_G1,MW_MDU20_2627_005,MW_A1A_M1,,Chifundo Banda,CAF_MW_000886,,,,,,reporter,,MW_REP_001,2026-08-21T14:12:39.127455+00:00,unconfirmed,,
MW_MDU20_2627_005_G2,MW_MDU20_2627_005,MW_A1A_M1,,Joseph Msowoya,CAF_MW_000887,,,,,,reporter,,MW_REP_001,2026-08-21T14:12:39.194+00:00,unconfirmed,,
MW_MDU20_2627_005_G3,MW_MDU20_2627_005,MW_A1A_M1,,Gracious Chavula,CAF_MW_000888,,,,,,reporter,,MW_REP_001,2026-08-21T14:12:39.250971+00:00,unconfirmed,,
MW_MDU20_2627_005_G4,MW_MDU20_2627_005,MW_A1A_M1,,Joshua Gondwe,CAF_MW_000889,,,,,,reporter,,MW_REP_001,2026-08-21T14:12:39.304073+00:00,unconfirmed,,
MW_MDU20_2627_005_G5,MW_MDU20_2627_005,MW_YB_M1,,Smith Kadenge,CAF_MW_000890,,,,,,reporter,,MW_REP_001,2026-08-21T14:12:39.359048+00:00,unconfirmed,,
MW_MDU20_2627_005_G6,MW_MDU20_2627_005,MW_YB_M1,,Moses Mtambo,CAF_MW_000891,,,,,,reporter,,MW_REP_001,2026-08-21T14:12:39.407066+00:00,unconfirmed,,
MW_MDU20_2627_005_G7,MW_MDU20_2627_005,MW_YB_M1,,Moses Mtambo,CAF_MW_000891,,,,,,reporter,,MW_REP_001,2026-08-21T14:12:39.460834+00:00,unconfirmed,,
MW_MDU20_2627_006_G1,MW_MDU20_2627_006,MW_VFA_M1,,Opportunity Kalua,CAF_MW_000892,,,,,,reporter,,MW_REP_001,2026-08-21T14:14:47.761642+00:00,unconfirmed,,
MW_MDU20_2627_006_G2,MW_MDU20_2627_006,MW_VFA_M1,,Wayson Mwanza,CAF_MW_000893,,,,,,reporter,,MW_REP_001,2026-08-21T14:14:47.816974+00:00,unconfirmed,,
MW_MDU20_2627_006_G3,MW_MDU20_2627_006,MW_VFA_M1,,Blessings Chigo,CAF_MW_000894,,,,,,reporter,,MW_REP_001,2026-08-21T14:14:47.872789+00:00,unconfirmed,,
MW_MDU20_2627_006_G4,MW_MDU20_2627_006,MW_MT2_M1,,Chimwemwe Khonje,CAF_MW_000895,,,,,,reporter,,MW_REP_001,2026-08-21T14:14:47.931999+00:00,unconfirmed,,
MW_MDU20_2627_006_G5,MW_MDU20_2627_006,MW_MT2_M1,,Chimwemwe Khonje,CAF_MW_000895,,,,,,reporter,,MW_REP_001,2026-08-21T14:14:47.986474+00:00,unconfirmed,,
MW_MDU20_2627_007_G1,MW_MDU20_2627_007,MW_MWH_M1,,Innocent Chipofya,CAF_MW_000896,,,,,,reporter,,MW_REP_001,2026-08-21T14:16:05.581049+00:00,unconfirmed,,
MW_MDU20_2627_007_G2,MW_MDU20_2627_007,MW_MWH_M1,,Joseph Msiska,CAF_MW_000897,,,,,,reporter,,MW_REP_001,2026-08-21T14:16:05.642214+00:00,unconfirmed,,
MW_NRFA_2627_049_G1,MW_NRFA_2627_049,MW_CZU_M1,,Steven Phiri,CAF_MW_000452,,,,,,reporter,,MW_REP_001,2026-08-22T10:50:06.052366+00:00,unconfirmed,,
MW_NRFA_2627_049_G2,MW_NRFA_2627_049,MW_CZU_M1,,Dickies Nyirenda,CAF_MW_000287,,,,,,reporter,,MW_REP_001,2026-08-22T10:50:12.548104+00:00,unconfirmed,,
MW_NRFA_2627_049_G3,MW_NRFA_2627_049,MW_CZU_M1,,Benjamin Nyirenda,CAF_MW_000904,,,,,,reporter,,MW_REP_001,2026-08-22T10:50:23.366614+00:00,unconfirmed,,
MW_NRFA_2627_049_G4,MW_NRFA_2627_049,MW_CZU_M1,,Timothy Katapa,CAF_MW_000906,,,,,,reporter,,MW_REP_001,2026-08-22T10:50:31.56361+00:00,unconfirmed,,
MW_MDU20_2627_012_G1,MW_MDU20_2627_012,MW_MA2_M1,,Hadji Mabvuto,CAF_MW_000915,,,,,,reporter,,MW_REP_001,2026-08-22T15:11:20.300102+00:00,unconfirmed,,
MW_MDU20_2627_012_G2,MW_MDU20_2627_012,MW_VA_M1,,Elias Lehman,CAF_MW_000880,,,,,,reporter,,MW_REP_001,2026-08-22T15:11:20.369643+00:00,unconfirmed,,
MW_MDU20_2627_012_G3,MW_MDU20_2627_012,MW_VA_M1,,Elias Lehman,CAF_MW_000880,,,,,,reporter,,MW_REP_001,2026-08-22T15:11:20.420079+00:00,unconfirmed,,
MW_MDU20_2627_012_G4,MW_MDU20_2627_012,MW_VA_M1,,France Mwalwanda,CAF_MW_000916,,,,,,reporter,,MW_REP_001,2026-08-22T15:11:20.474938+00:00,unconfirmed,,
MW_MDU20_2627_009_G1,MW_MDU20_2627_009,MW_TA_M1,,Julie Stokyo,CAF_MW_000917,,,,,,reporter,,MW_REP_001,2026-08-22T15:12:28.12089+00:00,unconfirmed,,
MW_MDU20_2627_009_G2,MW_MDU20_2627_009,MW_TA_M1,,Julie Stokyo,CAF_MW_000917,,,,,,reporter,,MW_REP_001,2026-08-22T15:12:28.19454+00:00,unconfirmed,,
MW_MDU20_2627_009_G3,MW_MDU20_2627_009,MW_GS2_M1,,Precious Nyirenda,CAF_MW_000918,,,,,,reporter,,MW_REP_001,2026-08-22T15:12:28.28748+00:00,unconfirmed,,
MW_MDU20_2627_009_G4,MW_MDU20_2627_009,MW_GS2_M1,,Precious Nyirenda,CAF_MW_000918,,,,,,reporter,,MW_REP_001,2026-08-22T15:12:28.362655+00:00,unconfirmed,,
MW_MDU20_2627_010_G1,MW_MDU20_2627_010,MW_MWH_M1,,Innocent Chirwa,CAF_MW_000919,,,,,,reporter,,MW_REP_001,2026-08-22T15:13:29.612729+00:00,unconfirmed,,
MW_MDU20_2627_011_G1,MW_MDU20_2627_011,MW_MMM_M1,,Gift Phiri,CAF_MW_000971,,,,,,reporter,,MW_REP_001,2026-08-22T15:14:34.6787+00:00,unconfirmed,,
MW_MDU20_2627_011_G2,MW_MDU20_2627_011,MW_MMM_M1,,Gift Phiri,CAF_MW_000971,,,,,,reporter,,MW_REP_001,2026-08-22T15:14:34.72785+00:00,unconfirmed,,
MW_MDU20_2627_011_G3,MW_MDU20_2627_011,MW_MMM_M1,,Gift Phiri,CAF_MW_000971,,,,,,reporter,,MW_REP_001,2026-08-22T15:14:34.7878+00:00,unconfirmed,,
MW_MDU20_2627_011_G4,MW_MDU20_2627_011,MW_MMM_M1,,Khumbo Msiska,CAF_MW_000885,,,,,,reporter,,MW_REP_001,2026-08-22T15:14:34.850126+00:00,unconfirmed,,
MW_MDU20_2627_011_G5,MW_MDU20_2627_011,MW_MMM_M1,,Simon Gama,CAF_MW_000920,,,,,,reporter,,MW_REP_001,2026-08-22T15:14:34.895797+00:00,unconfirmed,,
MW_MDU20_2627_011_G6,MW_MDU20_2627_011,MW_MCHY_M1,,Amos Nyirenda,CAF_MW_000921,,,,,,reporter,,MW_REP_001,2026-08-22T15:14:34.965566+00:00,unconfirmed,,
MW_MDU20_2627_013_G1,MW_MDU20_2627_013,MW_MT2_M1,,Lameck Tchuwa,CAF_MW_000922,,,,,,reporter,,MW_REP_001,2026-08-22T15:17:01.967225+00:00,unconfirmed,,
MW_MDU20_2627_014_G1,MW_MDU20_2627_014,MW_VFA_M1,,Opportunity Kalua,CAF_MW_000892,,,,,,reporter,,MW_REP_001,2026-08-22T15:18:15.593043+00:00,unconfirmed,,
MW_MDU20_2627_014_G2,MW_MDU20_2627_014,MW_VFA_M1,,Joshua Ziba,CAF_MW_000923,,,,,,reporter,,MW_REP_001,2026-08-22T15:18:15.652263+00:00,unconfirmed,,
MW_MDU20_2627_014_G3,MW_MDU20_2627_014,MW_VFA_M1,,Blessings Chigonjetso,CAF_MW_000924,,,,,,reporter,,MW_REP_001,2026-08-22T15:18:15.712688+00:00,unconfirmed,,
MW_MDU20_2627_014_G4,MW_MDU20_2627_014,MW_VFA_M1,,Lameck Thindwa,CAF_MW_000925,,,,,,reporter,,MW_REP_001,2026-08-22T15:18:15.77127+00:00,unconfirmed,,
MW_MDU20_2627_014_G5,MW_MDU20_2627_014,MW_CRS2_M1,,Daniel Chirwa,CAF_MW_000926,,,,,,reporter,,MW_REP_001,2026-08-22T15:18:15.826205+00:00,unconfirmed,,
MW_MDU20_2627_015_G1,MW_MDU20_2627_015,MW_YB_M1,,James Gama,CAF_MW_000927,,,,,,reporter,,MW_REP_001,2026-08-22T15:18:44.51675+00:00,unconfirmed,,
MW_MDU20_2627_015_G2,MW_MDU20_2627_015,MW_YB_M1,,Smith Kadenge Luhanga,CAF_MW_000928,,,,,,reporter,,MW_REP_001,2026-08-22T15:18:44.569995+00:00,unconfirmed,,
MW_MDU20_2627_016_G1,MW_MDU20_2627_016,MW_MA_M1,,Okyster Kanyenda,CAF_MW_000929,,,,,,reporter,,MW_REP_001,2026-08-22T15:19:24.293636+00:00,unconfirmed,,
MW_MDU20_2627_016_G2,MW_MDU20_2627_016,MW_A1A_M1,,Joseph Msowoya,CAF_MW_000887,,,,,,reporter,,MW_REP_001,2026-08-22T15:19:24.353814+00:00,unconfirmed,,
MW_MDU20_2627_016_G3,MW_MDU20_2627_016,MW_A1A_M1,,Gracious Chavula,CAF_MW_000888,,,,,,reporter,,MW_REP_001,2026-08-22T15:20:57.103457+00:00,unconfirmed,,
MW_MDU20_2627_017_G1,MW_MDU20_2627_017,MW_CRS2_M1,,Joshua Lukhere,CAF_MW_000931,,,,,,reporter,,MW_REP_001,2026-08-22T15:25:24.348433+00:00,unconfirmed,,
MW_MDU20_2627_017_G2,MW_MDU20_2627_017,MW_CRS2_M1,,Joshua Lukhere,CAF_MW_000931,,,,,,reporter,,MW_REP_001,2026-08-22T15:25:24.408821+00:00,unconfirmed,,
MW_MDU20_2627_017_G3,MW_MDU20_2627_017,MW_GS2_M1,,Joseph Gondwe,CAF_MW_000932,,,,,,reporter,,MW_REP_001,2026-08-22T15:25:24.461525+00:00,unconfirmed,,
MW_MDU20_2627_017_G4,MW_MDU20_2627_017,MW_GS2_M1,,Jasper Nyirenda,CAF_MW_000933,,,,,,reporter,,MW_REP_001,2026-08-22T15:25:24.515709+00:00,unconfirmed,,
MW_MDU20_2627_017_G5,MW_MDU20_2627_017,MW_GS2_M1,,Isaac Mvula,CAF_MW_000934,,,,,,reporter,,MW_REP_001,2026-08-22T15:25:24.569018+00:00,unconfirmed,,
MW_MDU20_2627_018_G1,MW_MDU20_2627_018,MW_MCHY_M1,,Maganizo Chunga,CAF_MW_000935,,,,,,reporter,,MW_REP_001,2026-08-22T15:27:35.14102+00:00,unconfirmed,,
MW_MDU20_2627_018_G2,MW_MDU20_2627_018,MW_MCHY_M1,,Steven Phiri,CAF_MW_000972,,,,,,reporter,,MW_REP_001,2026-08-22T15:27:35.22764+00:00,unconfirmed,,
MW_MDU20_2627_018_G3,MW_MDU20_2627_018,MW_MCHY_M1,,Steven Phiri,CAF_MW_000972,,,,,,reporter,,MW_REP_001,2026-08-22T15:27:35.304969+00:00,unconfirmed,,
MW_MDU20_2627_018_G4,MW_MDU20_2627_018,MW_MT2_M1,,Edson Banda,CAF_MW_000936,,,,,,reporter,,MW_REP_001,2026-08-22T15:27:35.362782+00:00,unconfirmed,,
MW_MDU20_2627_019_G1,MW_MDU20_2627_019,MW_CP_M1,,Jackson Mgemezulu,CAF_MW_000937,,,,,,reporter,,MW_REP_001,2026-08-22T15:28:40.51019+00:00,unconfirmed,,
MW_MDU20_2627_019_G2,MW_MDU20_2627_019,MW_MA_M1,,Okyster Kanyenda,CAF_MW_000929,,,,,,reporter,,MW_REP_001,2026-08-22T15:28:40.558103+00:00,unconfirmed,,
MW_MDU20_2627_019_G3,MW_MDU20_2627_019,MW_MA_M1,,Okyster Kanyenda,CAF_MW_000929,,,,,,reporter,,MW_REP_001,2026-08-22T15:28:40.605708+00:00,unconfirmed,,
MW_MDU20_2627_019_G4,MW_MDU20_2627_019,MW_MA_M1,,Umali Ali,CAF_MW_000938,,,,,,reporter,,MW_REP_001,2026-08-22T15:28:40.660467+00:00,unconfirmed,,
MW_MDU20_2627_019_G5,MW_MDU20_2627_019,MW_MA_M1,,Lazarus Ng'ambi,CAF_MW_000939,,,,,,reporter,,MW_REP_001,2026-08-22T15:28:40.709164+00:00,unconfirmed,,
MW_MDU20_2627_019_G6,MW_MDU20_2627_019,MW_MA_M1,,Jackson Mgemezulu,CAF_MW_000937,,,,own_goal,,reporter,,MW_REP_001,2026-08-22T15:28:40.75243+00:00,unconfirmed,,
MW_MDU20_2627_020_G1,MW_MDU20_2627_020,MW_MWH_M1,,Precious Mwenda,CAF_MW_000940,,,,,,reporter,,MW_REP_001,2026-08-22T15:29:19.83535+00:00,unconfirmed,,
MW_MDU20_2627_020_G2,MW_MDU20_2627_020,MW_MWH_M1,,Precious Mwenda,CAF_MW_000940,,,,,,reporter,,MW_REP_001,2026-08-22T15:29:19.88137+00:00,unconfirmed,,
MW_MDU20_2627_020_G3,MW_MDU20_2627_020,MW_MA2_M1,,Denis Kayira,CAF_MW_000941,,,,,,reporter,,MW_REP_001,2026-08-22T15:29:19.934781+00:00,unconfirmed,,
MW_MDU20_2627_021_G1,MW_MDU20_2627_021,MW_A1A_M1,,Emmanuel Kosamu,CAF_MW_000942,,,,,,reporter,,MW_REP_001,2026-08-22T15:30:07.2457+00:00,unconfirmed,,
MW_MDU20_2627_021_G2,MW_MDU20_2627_021,MW_A1A_M1,,Noel Mtika,CAF_MW_000943,,,,,,reporter,,MW_REP_001,2026-08-22T15:30:07.302037+00:00,unconfirmed,,
MW_MDU20_2627_021_G3,MW_MDU20_2627_021,MW_MMM_M1,,Khumbo Msiska,CAF_MW_000885,,,,,,reporter,,MW_REP_001,2026-08-22T15:30:07.351005+00:00,unconfirmed,,
MW_MDU20_2627_022_G1,MW_MDU20_2627_022,MW_VA_M1,,Elias Lehman,CAF_MW_000880,,,,,,reporter,,MW_REP_001,2026-08-22T15:30:49.526572+00:00,unconfirmed,,
MW_MDU20_2627_022_G2,MW_MDU20_2627_022,MW_VA_M1,,Steven Mhango,CAF_MW_000944,,,,,,reporter,,MW_REP_001,2026-08-22T15:30:49.580989+00:00,unconfirmed,,
MW_MDU20_2627_022_G3,MW_MDU20_2627_022,MW_TA_M1,,Trust Namwira,CAF_MW_000945,,,,,,reporter,,MW_REP_001,2026-08-22T15:30:49.62822+00:00,unconfirmed,,
MW_MDU20_2627_023_G1,MW_MDU20_2627_023,MW_CU2_M1,,Falili Mwambuli,CAF_MW_000946,,,,,,reporter,,MW_REP_001,2026-08-22T15:32:06.232412+00:00,unconfirmed,,
MW_MDU20_2627_023_G2,MW_MDU20_2627_023,MW_VFA_M1,,Kazembe Mlenga,CAF_MW_000947,,,,,,reporter,,MW_REP_001,2026-08-22T15:32:06.303539+00:00,unconfirmed,,
MW_MDU20_2627_023_G3,MW_MDU20_2627_023,MW_VFA_M1,,Kazembe Mlenga,CAF_MW_000947,,,,,,reporter,,MW_REP_001,2026-08-22T15:32:06.389472+00:00,unconfirmed,,
MW_MDU20_2627_023_G4,MW_MDU20_2627_023,MW_VFA_M1,,Opportunity Kalua,CAF_MW_000892,,,,,,reporter,,MW_REP_001,2026-08-22T15:32:06.456969+00:00,unconfirmed,,
MW_MDU20_2627_023_G5,MW_MDU20_2627_023,MW_VFA_M1,,Wayson Mwanza,CAF_MW_000893,,,,,,reporter,,MW_REP_001,2026-08-22T15:32:06.518645+00:00,unconfirmed,,
MW_MDU20_2627_023_G6,MW_MDU20_2627_023,MW_VFA_M1,,Blessings Chigo,CAF_MW_000894,,,,,,reporter,,MW_REP_001,2026-08-22T15:32:06.567709+00:00,unconfirmed,,
MW_MDU20_2627_023_G7,MW_MDU20_2627_023,MW_VFA_M1,,Patrick Kasimba,CAF_MW_000948,,,,,,reporter,,MW_REP_001,2026-08-22T15:32:06.61776+00:00,unconfirmed,,
MW_MDU20_2627_024_G1,MW_MDU20_2627_024,MW_YB_M1,,Osman Mfune,CAF_MW_000949,,,,,,reporter,,MW_REP_001,2026-08-22T15:33:01.874133+00:00,unconfirmed,,
MW_MDU20_2627_024_G2,MW_MDU20_2627_024,MW_YB_M1,,Osman Mfune,CAF_MW_000949,,,,,,reporter,,MW_REP_001,2026-08-22T15:33:01.923214+00:00,unconfirmed,,
MW_MDU20_2627_024_G3,MW_MDU20_2627_024,MW_YB_M1,,Smith Kadenge,CAF_MW_000890,,,,,,reporter,,MW_REP_001,2026-08-22T15:33:01.984396+00:00,unconfirmed,,
MW_MDU20_2627_024_G4,MW_MDU20_2627_024,MW_YB_M1,,Jonathan Nyasulu,CAF_MW_000950,,,,,,reporter,,MW_REP_001,2026-08-22T15:33:02.044025+00:00,unconfirmed,,
MW_MDU20_2627_024_G5,MW_MDU20_2627_024,MW_KU2_M1,,Louis Chunga,CAF_MW_000951,,,,,,reporter,,MW_REP_001,2026-08-22T15:33:02.103073+00:00,unconfirmed,,
MW_MDU20_2627_025_G1,MW_MDU20_2627_025,MW_GS2_M1,,Gift Mbughi,CAF_MW_000952,,,,,,reporter,,MW_REP_001,2026-08-22T15:51:15.504273+00:00,unconfirmed,,
MW_MDU20_2627_025_G2,MW_MDU20_2627_025,MW_GS2_M1,,Jasper Nyirenda,CAF_MW_000933,,,,,,reporter,,MW_REP_001,2026-08-22T15:51:15.560249+00:00,unconfirmed,,
MW_MDU20_2627_025_G3,MW_MDU20_2627_025,MW_GS2_M1,,Joseph Nyirenda,CAF_MW_000953,,,,,,reporter,,MW_REP_001,2026-08-22T15:51:15.617178+00:00,unconfirmed,,
MW_MDU20_2627_025_G4,MW_MDU20_2627_025,MW_VA_M1,,Elias Lehman,CAF_MW_000880,,,,,,reporter,,MW_REP_001,2026-08-22T15:51:15.668884+00:00,unconfirmed,,
MW_MDU20_2627_025_G5,MW_MDU20_2627_025,MW_VA_M1,,Elias Lehman,CAF_MW_000880,,,,,,reporter,,MW_REP_001,2026-08-22T15:51:15.719846+00:00,unconfirmed,,
MW_MDU20_2627_025_G6,MW_MDU20_2627_025,MW_VA_M1,,Elias Lehman,CAF_MW_000880,,,,,,reporter,,MW_REP_001,2026-08-22T15:51:15.768936+00:00,unconfirmed,,
MW_MDU20_2627_025_G7,MW_MDU20_2627_025,MW_VA_M1,,France Mwalwanda,CAF_MW_000916,,,,,,reporter,,MW_REP_001,2026-08-22T15:51:15.8161+00:00,unconfirmed,,
MW_MDU20_2627_025_G8,MW_MDU20_2627_025,MW_VA_M1,,Benjamin Mtegha,CAF_MW_000954,,,,,,reporter,,MW_REP_001,2026-08-22T15:51:15.863621+00:00,unconfirmed,,
MW_MDU20_2627_026_G1,MW_MDU20_2627_026,MW_MT2_M1,,Chimwemwe Khonje,CAF_MW_000895,,,,,,reporter,,MW_REP_001,2026-08-22T15:52:10.047105+00:00,unconfirmed,,
MW_MDU20_2627_026_G2,MW_MDU20_2627_026,MW_MT2_M1,,Phinius Mwafulirwa,CAF_MW_000955,,,,,,reporter,,MW_REP_001,2026-08-22T15:52:10.126352+00:00,unconfirmed,,
MW_MDU20_2627_026_G3,MW_MDU20_2627_026,MW_A1A_M1,,Jonathan Mumba,CAF_MW_000956,,,,,,reporter,,MW_REP_001,2026-08-22T15:52:10.184822+00:00,unconfirmed,,
MW_MDU20_2627_026_G4,MW_MDU20_2627_026,MW_A1A_M1,,Yankho Harawa,CAF_MW_000957,,,,,,reporter,,MW_REP_001,2026-08-22T15:52:10.232563+00:00,unconfirmed,,
MW_MDU20_2627_027_G1,MW_MDU20_2627_027,MW_CRS2_M1,,Daniel Chirwa,CAF_MW_000926,,,,,,reporter,,MW_REP_001,2026-08-22T15:53:38.454382+00:00,unconfirmed,,
MW_MDU20_2627_027_G2,MW_MDU20_2627_027,MW_CRS2_M1,,Daniel Chirwa,CAF_MW_000926,,,,,,reporter,,MW_REP_001,2026-08-22T15:53:38.511645+00:00,unconfirmed,,
MW_MDU20_2627_027_G3,MW_MDU20_2627_027,MW_CRS2_M1,,Daniel Chirwa,CAF_MW_000926,,,,,,reporter,,MW_REP_001,2026-08-22T15:53:38.573599+00:00,unconfirmed,,
MW_MDU20_2627_027_G4,MW_MDU20_2627_027,MW_CRS2_M1,,Daniel Chirwa,CAF_MW_000926,,,,,,reporter,,MW_REP_001,2026-08-22T15:53:38.626227+00:00,unconfirmed,,
MW_MDU20_2627_027_G5,MW_MDU20_2627_027,MW_CRS2_M1,,Daniel Chirwa,CAF_MW_000926,,,,,,reporter,,MW_REP_001,2026-08-22T15:53:38.682948+00:00,unconfirmed,,
MW_MDU20_2627_027_G6,MW_MDU20_2627_027,MW_CRS2_M1,,Wyson Nyirenda,CAF_MW_000309,,,,,,reporter,,MW_REP_001,2026-08-22T15:53:38.732315+00:00,unconfirmed,,
MW_MDU20_2627_027_G7,MW_MDU20_2627_027,MW_CRS2_M1,,Wyson Nyirenda,CAF_MW_000309,,,,,,reporter,,MW_REP_001,2026-08-22T15:53:38.783964+00:00,unconfirmed,,
MW_MDU20_2627_027_G8,MW_MDU20_2627_027,MW_CRS2_M1,,Precious Msofi,CAF_MW_000881,,,,,,reporter,,MW_REP_001,2026-08-22T15:53:38.832037+00:00,unconfirmed,,
MW_MDU20_2627_027_G9,MW_MDU20_2627_027,MW_CRS2_M1,,Jones Zimba,CAF_MW_000958,,,,,,reporter,,MW_REP_001,2026-08-22T15:53:38.881282+00:00,unconfirmed,,
MW_MDU20_2627_028_G1,MW_MDU20_2627_028,MW_VFA_M1,,Kazembe Mlenga,CAF_MW_000947,,,,,,reporter,,MW_REP_001,2026-08-22T15:54:26.576169+00:00,unconfirmed,,
MW_MDU20_2627_028_G2,MW_MDU20_2627_028,MW_VFA_M1,,Paul Thupa,CAF_MW_000959,,,,,,reporter,,MW_REP_001,2026-08-22T15:54:26.824601+00:00,unconfirmed,,
MW_MDU20_2627_028_G3,MW_MDU20_2627_028,MW_MCHY_M1,,Amos Nyirenda,CAF_MW_000921,,,,,,reporter,,MW_REP_001,2026-08-22T15:54:26.949652+00:00,unconfirmed,,
MW_MDU20_2627_028_G4,MW_MDU20_2627_028,MW_MCHY_M1,,Oscar Hara,CAF_MW_000960,,,,,,reporter,,MW_REP_001,2026-08-22T15:54:27.072767+00:00,unconfirmed,,
MW_MDU20_2627_029_G1,MW_MDU20_2627_029,MW_MA2_M1,,Alex Kanyema,CAF_MW_000961,,,,,,reporter,,MW_REP_001,2026-08-22T15:56:51.726704+00:00,unconfirmed,,
MW_MDU20_2627_029_G2,MW_MDU20_2627_029,MW_MA2_M1,,Alex Kanyema,CAF_MW_000961,,,,,,reporter,,MW_REP_001,2026-08-22T15:56:51.791193+00:00,unconfirmed,,
MW_MDU20_2627_029_G3,MW_MDU20_2627_029,MW_MA2_M1,,Denis Mwakionja,CAF_MW_000962,,,,,,reporter,,MW_REP_001,2026-08-22T15:56:51.851976+00:00,unconfirmed,,
MW_MDU20_2627_029_G4,MW_MDU20_2627_029,MW_MA2_M1,,Matias Nkhata,CAF_MW_000963,,,,,,reporter,,MW_REP_001,2026-08-22T15:56:51.907247+00:00,unconfirmed,,
MW_MDU20_2627_029_G5,MW_MDU20_2627_029,MW_YB_M1,,Samuel Mbewe,CAF_MW_000964,,,,,,reporter,,MW_REP_001,2026-08-22T15:56:51.956564+00:00,unconfirmed,,
MW_MDU20_2627_029_G6,MW_MDU20_2627_029,MW_YB_M1,,Hastings Tchuwa,CAF_MW_000965,,,,,,reporter,,MW_REP_001,2026-08-22T15:56:52.003622+00:00,unconfirmed,,
MW_MDU20_2627_029_G7,MW_MDU20_2627_029,MW_YB_M1,,Denis Simfukwe,CAF_MW_000966,,,,,,reporter,,MW_REP_001,2026-08-22T15:56:52.04847+00:00,unconfirmed,,
MW_MDU20_2627_029_G8,MW_MDU20_2627_029,MW_YB_M1,,John Chavula,CAF_MW_000967,,,,,,reporter,,MW_REP_001,2026-08-22T15:56:52.096849+00:00,unconfirmed,,
MW_MDU20_2627_029_G9,MW_MDU20_2627_029,MW_YB_M1,,Osman Mfune,CAF_MW_000949,,,,,,reporter,,MW_REP_001,2026-08-22T15:56:52.148875+00:00,unconfirmed,,
MW_MDU20_2627_030_G1,MW_MDU20_2627_030,MW_KU2_M1,,John Banda,CAF_MW_UNKNOWN,,,,,,reporter,,MW_REP_001,2026-08-22T15:58:35.79742+00:00,unconfirmed,,
MW_MDU20_2627_030_G2,MW_MDU20_2627_030,MW_KU2_M1,,John Banda,CAF_MW_UNKNOWN,,,,,,reporter,,MW_REP_001,2026-08-22T15:58:35.846291+00:00,unconfirmed,,
MW_MDU20_2627_030_G3,MW_MDU20_2627_030,MW_KU2_M1,,Frank Mughogho,CAF_MW_000968,,,,,,reporter,,MW_REP_001,2026-08-22T15:58:35.896401+00:00,unconfirmed,,
MW_MDU20_2627_030_G4,MW_MDU20_2627_030,MW_MA_M1,,Okyster Kanyenda,CAF_MW_000929,,,,,,reporter,,MW_REP_001,2026-08-22T15:58:35.946894+00:00,unconfirmed,,
MW_MDU20_2627_030_G5,MW_MDU20_2627_030,MW_MA_M1,,Okyster Kanyenda,CAF_MW_000929,,,,,,reporter,,MW_REP_001,2026-08-22T15:58:35.99768+00:00,unconfirmed,,
MW_MDU20_2627_030_G6,MW_MDU20_2627_030,MW_MA_M1,,Okyster Kanyenda,CAF_MW_000929,,,,,,reporter,,MW_REP_001,2026-08-22T15:58:36.048344+00:00,unconfirmed,,
MW_MDU20_2627_030_G7,MW_MDU20_2627_030,MW_MA_M1,,Kelvin Singini,CAF_MW_000969,,,,,,reporter,,MW_REP_001,2026-08-22T15:58:36.097893+00:00,unconfirmed,,
MW_MDU20_2627_030_G8,MW_MDU20_2627_030,MW_MA_M1,,Kelvin Singini,CAF_MW_000969,,,,,,reporter,,MW_REP_001,2026-08-22T15:58:36.145961+00:00,unconfirmed,,
MW_MDU20_2627_030_G9,MW_MDU20_2627_030,MW_MA_M1,,Yankho Gondwe,CAF_MW_000970,,,,,,reporter,,MW_REP_001,2026-08-22T15:58:36.20524+00:00,unconfirmed,,
MW_SL_2627_105_G1,MW_SL_2627_105,MW_MW_M1,,Clement Nyondo,CAF_MW_000049,45,,,,,reporter,,MW_REP_001,2026-08-22T16:33:46.870174+00:00,unconfirmed,,
MW_SL_2627_105_G2,MW_SL_2627_105,MW_MW_M1,,Mphatso Kamanga,CAF_MW_000973,61,,,,,reporter,,MW_REP_001,2026-08-22T16:33:46.928712+00:00,unconfirmed,,
MW_SL_2627_105_G3,MW_SL_2627_105,MW_REDL_M1,,Shukurani Mussa,CAF_MW_000349,7,,,,,reporter,,MW_REP_001,2026-08-22T16:33:47.011319+00:00,unconfirmed,,
MW_SL_2627_106_G1,MW_SL_2627_106,MW_MB_M1,,Lucky Mkandawire,CAF_MW_000143,17,,,,,reporter,,MW_REP_001,2026-08-22T16:34:34.780072+00:00,unconfirmed,,
MW_SL_2627_106_G2,MW_SL_2627_106,MW_MB_M1,,Ephraim Chinula,CAF_MW_000974,55,,,,,reporter,,MW_REP_001,2026-08-22T16:34:34.892208+00:00,unconfirmed,,
MW_SL_2627_106_G3,MW_SL_2627_106,MW_KB_M1,,Rashid Chiromo,CAF_MW_000207,48,,,,,reporter,,MW_REP_001,2026-08-22T16:34:34.966164+00:00,unconfirmed,,
MW_SL_2627_106_G4,MW_SL_2627_106,MW_KB_M1,,Olson Kanjira,CAF_MW_000184,60,,,,,reporter,,MW_REP_001,2026-08-22T16:34:35.043445+00:00,unconfirmed,,
MW_SL_2627_107_G1,MW_SL_2627_107,MW_MFC_M1,,Frank Sanudi,CAF_MW_000975,82,,,penalty,,reporter,,MW_REP_001,2026-08-22T16:35:18.155928+00:00,unconfirmed,,
MW_SL_2627_107_G2,MW_SL_2627_107,MW_BLUE_M1,,Pius Saka,CAF_MW_000195,2,,,,,reporter,,MW_REP_001,2026-08-22T16:35:18.207448+00:00,unconfirmed,,
MW_SL_2627_107_G3,MW_SL_2627_107,MW_BLUE_M1,,Enock Jobo,CAF_MW_000067,67,,,,,reporter,,MW_REP_001,2026-08-22T16:35:18.259244+00:00,unconfirmed,,
MW_SL_2627_108_G1,MW_SL_2627_108,MW_CS_M1,,Clever Chikwata,CAF_MW_000976,58,,,penalty,,reporter,,MW_REP_001,2026-08-22T16:36:18.810202+00:00,unconfirmed,,
MW_SL_2627_108_G2,MW_SL_2627_108,MW_CS_M1,,Clever Chikwata,CAF_MW_000976,89,,,,,reporter,,MW_REP_001,2026-08-22T16:36:18.854123+00:00,unconfirmed,,
MW_SL_2627_108_G3,MW_SL_2627_108,MW_CS_M1,,Patrick Mupanzi,CAF_MW_000186,84,,,,,reporter,,MW_REP_001,2026-08-22T16:36:18.901821+00:00,unconfirmed,,
MW_SL_2627_108_G4,MW_SL_2627_108,MW_EFC_M1,,Chimwemwe Chunga,CAF_MW_000041,18,,,,,reporter,,MW_REP_001,2026-08-22T16:36:18.949044+00:00,unconfirmed,,
MW_SL_2627_108_G5,MW_SL_2627_108,MW_EFC_M1,,Chimwemwe Chunga,CAF_MW_000041,27,,,,,reporter,,MW_REP_001,2026-08-22T16:36:18.99364+00:00,unconfirmed,,
MW_CRFA_2627_060_G1,MW_CRFA_2627_060,MW_PFC_M1,,Andrew Chilemba,CAF_MW_000285,,,,,,reporter,,MW_REP_001,2026-08-22T16:46:50.272802+00:00,unconfirmed,,
MW_CRFA_2627_060_G2,MW_CRFA_2627_060,MW_MPFC_M1,,Yamikan Alick,CAF_MW_000977,,,,,,reporter,,MW_REP_001,2026-08-22T16:46:50.32996+00:00,unconfirmed,,
MW_CRFA_2627_060_G3,MW_CRFA_2627_060,MW_MPFC_M1,,Davie Milazi,CAF_MW_000978,,,,,,reporter,,MW_REP_001,2026-08-22T16:46:50.379614+00:00,unconfirmed,,
MW_CRFA_2627_060_G4,MW_CRFA_2627_060,MW_MPFC_M1,,Chimwemwe Katumwe,CAF_MW_000979,,,,,,reporter,,MW_REP_001,2026-08-22T16:46:50.430794+00:00,unconfirmed,,
MW_NRFA_2627_050_G1,MW_NRFA_2627_050,MW_CHIN_M1,,Temwa Ndhlovu,CAF_MW_000235,,,,,,reporter,,MW_REP_001,2026-08-22T17:46:11.273958+00:00,unconfirmed,,
MW_NRFA_2627_050_G2,MW_NRFA_2627_050,MW_CHIP_M1,,King Nyasulu,CAF_MW_000982,,,,,,reporter,,MW_REP_001,2026-08-22T17:46:19.796725+00:00,unconfirmed,,
MW_NRFA_2627_050_G3,MW_NRFA_2627_050,MW_CHIP_M1,,Mike Luhanga,CAF_MW_000319,,,,,,reporter,,MW_REP_001,2026-08-22T17:46:25.263122+00:00,unconfirmed,,
MW_MDU20_2627_036_G1,MW_MDU20_2627_036,MW_A1A_M1,,Wongani Mtika,CAF_MW_000983,,,,,,reporter,,MW_REP_001,2026-08-23T10:51:46.17993+00:00,unconfirmed,,
MW_MDU20_2627_036_G2,MW_MDU20_2627_036,MW_A1A_M1,,Gracious Chavula,CAF_MW_000888,,,,,,reporter,,MW_REP_001,2026-08-23T10:51:46.244926+00:00,unconfirmed,,
MW_MDU20_2627_036_G3,MW_MDU20_2627_036,MW_A1A_M1,,Emmanuel Mtika,CAF_MW_000984,,,,,,reporter,,MW_REP_001,2026-08-23T10:51:46.301256+00:00,unconfirmed,,
MW_MDU20_2627_036_G4,MW_MDU20_2627_036,MW_VFA_M1,,Kazembe Mlenga,CAF_MW_000947,,,,,,reporter,,MW_REP_001,2026-08-23T10:51:46.357679+00:00,unconfirmed,,
MW_MDU20_2627_037_G1,MW_MDU20_2627_037,MW_MMM_M1,,Angel Manda,CAF_MW_000985,,,,,,reporter,,MW_REP_001,2026-08-23T10:52:49.204999+00:00,unconfirmed,,
MW_MDU20_2627_037_G2,MW_MDU20_2627_037,MW_MMM_M1,,Angel Manda,CAF_MW_000985,,,,,,reporter,,MW_REP_001,2026-08-23T10:52:49.255731+00:00,unconfirmed,,
MW_MDU20_2627_037_G3,MW_MDU20_2627_037,MW_MMM_M1,,Gift Phiri,CAF_MW_000971,,,,,,reporter,,MW_REP_001,2026-08-23T10:52:49.302412+00:00,unconfirmed,,
MW_MDU20_2627_037_G4,MW_MDU20_2627_037,MW_MMM_M1,,Khumbo Msiska,CAF_MW_000885,,,,,,reporter,,MW_REP_001,2026-08-23T10:52:49.354982+00:00,unconfirmed,,
MW_MDU20_2627_037_G5,MW_MDU20_2627_037,MW_MMM_M1,,Chifundo Banda,CAF_MW_000986,,,,,,reporter,,MW_REP_001,2026-08-23T10:52:49.405921+00:00,unconfirmed,,
MW_MDU20_2627_038_G1,MW_MDU20_2627_038,MW_YB_M1,,Moses Mtambo,CAF_MW_000891,,,,,,reporter,,MW_REP_001,2026-08-23T10:53:38.846847+00:00,unconfirmed,,
MW_MDU20_2627_038_G2,MW_MDU20_2627_038,MW_YB_M1,,Smith Kadenge Luhanga,CAF_MW_000928,,,,,,reporter,,MW_REP_001,2026-08-23T10:53:38.893771+00:00,unconfirmed,,
MW_MDU20_2627_038_G3,MW_MDU20_2627_038,MW_TA_M1,,Vuoso Mvula,CAF_MW_000987,,,,,,reporter,,MW_REP_001,2026-08-23T10:53:38.965045+00:00,unconfirmed,,
MW_MDU20_2627_039_G1,MW_MDU20_2627_039,MW_GS2_M1,,Vic Pota,CAF_MW_000988,,,,,,reporter,,MW_REP_001,2026-08-23T10:54:45.067378+00:00,unconfirmed,,
MW_MDU20_2627_039_G2,MW_MDU20_2627_039,MW_MA2_M1,,Happy Chilenje,CAF_MW_000989,,,,,,reporter,,MW_REP_001,2026-08-23T10:54:45.171841+00:00,unconfirmed,,
MW_MDU20_2627_043_G1,MW_MDU20_2627_043,MW_MA_M1,,Okyster Kanyenda,CAF_MW_000929,,,,,,reporter,,MW_REP_001,2026-08-23T11:00:25.559424+00:00,unconfirmed,,
MW_MDU20_2627_043_G2,MW_MDU20_2627_043,MW_MA_M1,,Okyster Kanyenda,CAF_MW_000929,,,,,,reporter,,MW_REP_001,2026-08-23T11:00:25.615768+00:00,unconfirmed,,
MW_MDU20_2627_043_G3,MW_MDU20_2627_043,MW_MA_M1,,Yankho Gondwe,CAF_MW_000970,,,,,,reporter,,MW_REP_001,2026-08-23T11:00:25.66516+00:00,unconfirmed,,
MW_MDU20_2627_043_G4,MW_MDU20_2627_043,MW_TA_M1,,Mikaya Makoloni,CAF_MW_000990,,,,,,reporter,,MW_REP_001,2026-08-23T11:00:25.720843+00:00,unconfirmed,,
MW_MDU20_2627_040_G1,MW_MDU20_2627_040,MW_CRS2_M1,,Jones Zimba,CAF_MW_000958,,,,,,reporter,,MW_REP_001,2026-08-23T11:02:55.996893+00:00,unconfirmed,,
MW_MDU20_2627_040_G2,MW_MDU20_2627_040,MW_MCHY_M1,,Friend Phiri,CAF_MW_000991,,,,,,reporter,,MW_REP_001,2026-08-23T11:02:56.089004+00:00,unconfirmed,,
MW_MDU20_2627_041_G1,MW_MDU20_2627_041,MW_MWH_M1,,Precious Mwenda,CAF_MW_000940,,,,,,reporter,,MW_REP_001,2026-08-23T11:03:28.691433+00:00,unconfirmed,,
MW_MDU20_2627_041_G2,MW_MDU20_2627_041,MW_GS2_M1,,Isaac Mvula,CAF_MW_000934,,,,,,reporter,,MW_REP_001,2026-08-23T11:03:28.742557+00:00,unconfirmed,,
MW_MDU20_2627_042_G1,MW_MDU20_2627_042,MW_MMM_M1,,Gift Phiri,CAF_MW_000971,,,,,,reporter,,MW_REP_001,2026-08-23T11:04:14.00651+00:00,unconfirmed,,
MW_MDU20_2627_042_G2,MW_MDU20_2627_042,MW_MMM_M1,,Junior Laura,CAF_MW_000992,,,,,,reporter,,MW_REP_001,2026-08-23T11:04:14.096518+00:00,unconfirmed,,
MW_MDU20_2627_042_G3,MW_MDU20_2627_042,MW_CP_M1,,Wisdom Mchenga,CAF_MW_000993,,,,,,reporter,,MW_REP_001,2026-08-23T11:04:14.179876+00:00,unconfirmed,,
MW_MDU20_2627_042_G4,MW_MDU20_2627_042,MW_CP_M1,,Petros Mhango,CAF_MW_000994,,,,,,reporter,,MW_REP_001,2026-08-23T11:04:14.235585+00:00,unconfirmed,,
MW_MDU20_2627_047_G1,MW_MDU20_2627_047,MW_GS2_M1,,Khwima Zgambo,CAF_MW_000995,,,,,,reporter,,MW_REP_001,2026-08-23T11:08:50.641806+00:00,unconfirmed,,
MW_MDU20_2627_047_G2,MW_MDU20_2627_047,MW_GS2_M1,,Joseph Gondwe,CAF_MW_000932,,,,,,reporter,,MW_REP_001,2026-08-23T11:08:50.696863+00:00,unconfirmed,,
MW_MDU20_2627_047_G3,MW_MDU20_2627_047,MW_GS2_M1,,Jasper Nyirenda,CAF_MW_000933,,,,,,reporter,,MW_REP_001,2026-08-23T11:08:50.751981+00:00,unconfirmed,,
MW_MDU20_2627_046_G1,MW_MDU20_2627_046,MW_MA2_M1,,Chawanangwa Sichinga,CAF_MW_000996,,,,,,reporter,,MW_REP_001,2026-08-23T11:09:55.018345+00:00,unconfirmed,,
MW_MDU20_2627_046_G2,MW_MDU20_2627_046,MW_MMM_M1,,Moses Phiri,CAF_MW_000997,,,,,,reporter,,MW_REP_001,2026-08-23T11:09:55.067522+00:00,unconfirmed,,
MW_MDU20_2627_046_G3,MW_MDU20_2627_046,MW_MMM_M1,,Moses Phiri,CAF_MW_000997,,,,,,reporter,,MW_REP_001,2026-08-23T11:09:55.120095+00:00,unconfirmed,,
MW_MDU20_2627_046_G4,MW_MDU20_2627_046,MW_MMM_M1,,Angel Manda,CAF_MW_000985,,,,,,reporter,,MW_REP_001,2026-08-23T11:09:55.169922+00:00,unconfirmed,,
MW_MDU20_2627_046_G5,MW_MDU20_2627_046,MW_MMM_M1,,Angel Manda,CAF_MW_000985,,,,,,reporter,,MW_REP_001,2026-08-23T11:09:55.221683+00:00,unconfirmed,,
MW_MDU20_2627_046_G6,MW_MDU20_2627_046,MW_MMM_M1,,Chifundo Banda,CAF_MW_000986,,,,,,reporter,,MW_REP_001,2026-08-23T11:09:55.268714+00:00,unconfirmed,,
MW_MDU20_2627_055_G1,MW_MDU20_2627_055,MW_A1A_M1,,Gracious Chavula,CAF_MW_000888,,,,,,reporter,,MW_REP_001,2026-08-23T11:26:17.78203+00:00,unconfirmed,,
MW_MDU20_2627_055_G2,MW_MDU20_2627_055,MW_A1A_M1,,Matthews Mount,CAF_MW_000998,,,,,,reporter,,MW_REP_001,2026-08-23T11:26:17.845128+00:00,unconfirmed,,
MW_MDU20_2627_055_G3,MW_MDU20_2627_055,MW_A1A_M1,,Emmanuel Kosamu,CAF_MW_000942,,,,,,reporter,,MW_REP_001,2026-08-23T11:26:17.919415+00:00,unconfirmed,,
MW_MDU20_2627_055_G4,MW_MDU20_2627_055,MW_MCHY_M1,,Maganizo Chunga,CAF_MW_000935,,,,,,reporter,,MW_REP_001,2026-08-23T11:26:17.983438+00:00,unconfirmed,,
MW_MDU20_2627_055_G5,MW_MDU20_2627_055,MW_MCHY_M1,,Innocent Chunga,CAF_MW_000999,,,,,,reporter,,MW_REP_001,2026-08-23T11:26:18.0377+00:00,unconfirmed,,
MW_MDU20_2627_055_G6,MW_MDU20_2627_055,MW_MCHY_M1,,Menson Mwakapenda,CAF_MW_001000,,,,,,reporter,,MW_REP_001,2026-08-23T11:26:18.103031+00:00,unconfirmed,,
MW_MDU20_2627_052_G1,MW_MDU20_2627_052,MW_YB_M1,,Osman Mfune,CAF_MW_000949,,,,,,reporter,,MW_REP_001,2026-08-23T11:26:48.745229+00:00,unconfirmed,,
MW_MDU20_2627_052_G2,MW_MDU20_2627_052,MW_YB_M1,,Smith Kadenge Luhanga,CAF_MW_000928,,,,,,reporter,,MW_REP_001,2026-08-23T11:26:48.795964+00:00,unconfirmed,,
MW_MDU20_2627_052_G3,MW_MDU20_2627_052,MW_VA_M1,,Elias Lehman,CAF_MW_000880,,,,,,reporter,,MW_REP_001,2026-08-23T11:26:48.853047+00:00,unconfirmed,,
MW_MDU20_2627_053_G1,MW_MDU20_2627_053,MW_MT2_M1,,Haroon Omar,CAF_MW_001001,,,,,,reporter,,MW_REP_001,2026-08-23T11:27:20.103278+00:00,unconfirmed,,
MW_MDU20_2627_053_G2,MW_MDU20_2627_053,MW_MT2_M1,,Haroon Omar,CAF_MW_001001,,,,,,reporter,,MW_REP_001,2026-08-23T11:27:20.157093+00:00,unconfirmed,,
MW_MDU20_2627_053_G3,MW_MDU20_2627_053,MW_MT2_M1,,Haroon Omar,CAF_MW_001001,,,,,,reporter,,MW_REP_001,2026-08-23T11:27:20.206739+00:00,unconfirmed,,
MW_MDU20_2627_050_G1,MW_MDU20_2627_050,MW_MWH_M1,,Innocent Chisale,CAF_MW_001002,,,,,,reporter,,MW_REP_001,2026-08-23T11:27:48.107985+00:00,unconfirmed,,
MW_MDU20_2627_050_G2,MW_MDU20_2627_050,MW_MWH_M1,,Dickson Mpata,CAF_MW_001003,,,,,,reporter,,MW_REP_001,2026-08-23T11:27:48.152456+00:00,unconfirmed,,
MW_MDU20_2627_051_G1,MW_MDU20_2627_051,MW_MMM_M1,,Gift Phiri,CAF_MW_000971,,,,,,reporter,,MW_REP_001,2026-08-23T11:28:21.100843+00:00,unconfirmed,,
MW_MDU20_2627_051_G2,MW_MDU20_2627_051,MW_MMM_M1,,Gift Phiri,CAF_MW_000971,,,,,,reporter,,MW_REP_001,2026-08-23T11:28:21.147478+00:00,unconfirmed,,
MW_MDU20_2627_051_G3,MW_MDU20_2627_051,MW_MMM_M1,,Rahim Issa,CAF_MW_001004,,,,,,reporter,,MW_REP_001,2026-08-23T11:28:21.198926+00:00,unconfirmed,,
