match_id,competition_id,season_id,stage,matchday,date,kickoff,venue_id,home_team_id,away_team_id,home_goals,away_goals,status,awarded_note,source_type,source_ref,reported_by,reported_at,confidence,verified_by,verified_at,extra_time,home_pens,away_pens,referee,assistant_referee_1,assistant_referee_2,fourth_official,home_coach,away_coach,referee_id,assistant_referee_1_id,assistant_referee_2_id,fourth_official_id,home_coach_id,away_coach_id
MW_CRFA_2627_001,MW_CRFA,MW_2026_27,md_1,1,2026-06-07,,MW_MCJ_003,MW_MV_M1,MW_MCHS_M1,0,0,played,,facebook,,,,confirmed,,,,,,,,,,,,,,,,,
MW_CRFA_2627_002,MW_CRFA,MW_2026_27,md_1,1,2026-06-28,,MW_KAS_001,MW_TNS_M1,MW_MC_M1,1,1,played,,facebook,,,,confirmed,,,,,,,,,,,,,,,,,
MW_CRFA_2627_003,MW_CRFA,MW_2026_27,md_1,1,2026-06-28,,MW_MCJ_003,MW_MCHS_M1,MW_MPFC_M1,2,0,played,,facebook,,,,confirmed,,,,,,,,,,,,,,,,,
MW_CRFA_2627_004,MW_CRFA,MW_2026_27,md_1,1,2026-06-28,,MW_DOW_001,MW_KFC_M1,MW_NAA_M1,2,1,played,,facebook,,,,confirmed,,,,,,,,,,,,,,,,,
MW_CRFA_2627_005,MW_CRFA,MW_2026_27,md_1,1,2026-06-28,,MW_MP_002,MW_SA_M1,MW_LFC_M1,3,1,played,,facebook,,,,confirmed,,,,,,,,,,,,,,,,,
MW_CRFA_2627_006,MW_CRFA,MW_2026_27,md_1,1,2026-06-28,,MW_ADL_G,MW_SS_M2,MW_MV_M1,1,1,played,,facebook,,,,confirmed,,,,,,,,,,,,,,,,,
MW_NRFA_2627_043,MW_NRFA,MW_2026_27,,,,,,MW_CZU_M1,MW_CRS_M1,,,scheduled,,reporter,,,,unconfirmed,,,,,,,,,,,,,,,,,
MW_CRFA_2627_007,MW_CRFA,MW_2026_27,md_1,1,2026-07-01,,MW_BLUE_G,MW_MU_M1,MW_BLUE_M2,2,4,played,,facebook,,,,confirmed,,,,,,,,,,,,,,,,,
MW_CRFA_2627_008,MW_CRFA,MW_2026_27,md_1,1,2026-07-02,,MW_UPPER_B,MW_PFC_M1,MW_AB_M1,1,1,played,,facebook,,,,confirmed,,,,,,,,,,,,,,,,,
MW_KU19_2627_001,MW_KU19,MW_2026_27,md_1,1,2026-07-04,,,MW_YY_MU19,MW_BULL_U19,0,3,played,,facebook,,,,confirmed,,,,,,,,,,,,,,,,,
MW_KU19_2627_002,MW_KU19,MW_2026_27,md_1,1,2026-07-04,,,MW_MM_MU19,MW_CCS_MU19,1,1,played,,facebook,,,,confirmed,,,,,,,,,,,,,,,,,
MW_KU19_2627_003,MW_KU19,MW_2026_27,md_1,1,2026-07-05,,,MW_A_MU19,MW_MW_U19,0,5,played,,facebook,,,,confirmed,,,,,,,,,,,,,,,,,
MW_NRFA_2627_048,MW_NRFA,MW_2026_27,,,,,,MW_CZU_M1,MW_CRS_M1,,,scheduled,,reporter,,,,unconfirmed,,,,,,,,,,,,,,,,,
MW_KU19_2627_004,MW_KU19,MW_2026_27,md_1,1,2026-07-05,,,MW_GS_MU19,MW_NU_MU19,1,1,played,,facebook,,,,confirmed,,,,,,,,,,,,,,,,,
MW_KU19_2627_005,MW_KU19,MW_2026_27,md_1,1,2026-07-04,,,MW_BIA_MU19,MW_EFC_U19,1,1,played,,facebook,,,,confirmed,,,,,,,,,,,,,,,,,
MW_KU19_2627_006,MW_KU19,MW_2026_27,md_1,1,2026-07-04,,,MW_AS_MU19,MW_RU_MU19,2,0,played,,facebook,,,,confirmed,,,,,,,,,,,,,,,,,
MW_KU19_2627_007,MW_KU19,MW_2026_27,md_1,1,2026-07-04,,,MW_ND_MU19,MW_SM_MU19,1,3,played,,facebook,,,,confirmed,,,,,,,,,,,,,,,,,
MW_KU19_2627_008,MW_KU19,MW_2026_27,md_2,2,2026-07-11,,,MW_AS_MU19,MW_BIA_MU19,0,2,played,,reporter,https://www.facebook.com/share/p/1H3P6wnNh8/,MW_REP_001,2026-08-16T00:37:58.988999+00:00,confirmed,MW_REP_001,2026-08-16T00:37:58.988999+00:00,,,,,,,,,,,,,,,
MW_KU19_2627_009,MW_KU19,MW_2026_27,md_2,2,2026-07-11,,,MW_RU_MU19,MW_NU_MU19,0,3,played,,facebook,https://www.facebook.com/share/p/18zw1NJLEU/,,2026-07-16T00:00:00+00:00,confirmed,,,,,,,,,,,,,,,,,
MW_KU19_2627_010,MW_KU19,MW_2026_27,md_2,2,2026-07-11,,,MW_EFC_U19,MW_MM_MU19,1,0,played,,facebook,https://www.facebook.com/share/p/18zw1NJLEU/,,2026-07-16T00:00:00+00:00,confirmed,,,,,,,,,,,,,,,,,
MW_KU19_2627_011,MW_KU19,MW_2026_27,md_2,2,2026-07-11,,,MW_EH_MU19,MW_CCS_MU19,0,1,played,,reporter,https://www.facebook.com/share/p/1H3P6wnNh8/,MW_REP_001,2026-08-16T00:38:47.228179+00:00,confirmed,MW_REP_001,2026-08-16T00:38:47.228179+00:00,,,,,,,,,,,,,,,
MW_KU19_2627_012,MW_KU19,MW_2026_27,md_2,2,2026-07-11,,,MW_A_MU19,MW_SM_MU19,0,2,played,,facebook,https://www.facebook.com/share/p/18zw1NJLEU/,,2026-07-16T00:00:00+00:00,confirmed,,,,,,,,,,,,,,,,,
MW_KU19_2627_013,MW_KU19,MW_2026_27,md_2,2,2026-07-11,,,MW_YY_MU19,MW_MW_U19,0,2,played,,reporter,https://www.facebook.com/share/p/1H3P6wnNh8/,MW_REP_001,2026-08-16T00:39:20.319133+00:00,confirmed,MW_REP_001,2026-08-16T00:39:20.319133+00:00,,,,,,,,,,,,,,,
MW_KU19_2627_014,MW_KU19,MW_2026_27,md_2,2,2026-07-11,,,MW_GS_MU19,MW_BULL_U19,0,2,played,,facebook,https://www.facebook.com/share/p/18zw1NJLEU/,,2026-07-16T00:00:00+00:00,confirmed,,,,,,,,,,,,,,,,,
MW_NDL_2627_001,MW_NDL,MW_2026_27,md_1,1,2026-05-10,,MW_MCJ_002,MW_NZ_M1,MW_EXFC_M1,0,1,played,,facebook,,,,confirmed,,,,,,,,,,,,,,,,,
MW_NDL_2627_002,MW_NDL,MW_2026_27,md_1,1,2026-05-16,,MW_RU_001,MW_MCH_M1,MW_BAS_M1,2,1,played,,facebook,,,,confirmed,,,,,,,,,,,,,,,,,
MW_NDL_2627_003,MW_NDL,MW_2026_27,md_1,1,2026-05-16,,MW_Z_001,MW_CB_M1,MW_EU_M1,0,1,played,,facebook,,,,confirmed,,,,,,,,,,,,,,,,,
MW_NDL_2627_004,MW_NDL,MW_2026_27,md_1,1,2026-05-17,,MW_BAL_001,MW_NU_M1,MW_SBU_M1,2,2,played,,facebook,,,,confirmed,,,,,,,,,,,,,,,,,
MW_NDL_2627_005,MW_NDL,MW_2026_27,md_1,1,2026-05-17,,MW_B_001,MW_MT_M1,MW_CBWE_M1,3,2,played,,facebook,,,,confirmed,,,,,,,,,,,,,,,,,
MW_NDL_2627_006,MW_NDL,MW_2026_27,md_1,1,2026-05-17,,MW_MU_001,MW_FFC_M1,MW_NS_M1,0,0,played,,facebook,,,,confirmed,,,,,,,,,,,,,,,,,
MW_NDL_2627_007,MW_NDL,MW_2026_27,md_2,2,2026-05-22,,MW_B_001,MW_CBWE_M1,MW_FFC_M1,0,0,played,,facebook,,,,confirmed,,,,,,,,,,,,,,,,,
MW_NDL_2627_008,MW_NDL,MW_2026_27,md_2,2,2026-05-23,,MW_B_002,MW_NS_M1,MW_NZ_M1,2,1,played,,facebook,,,,confirmed,,,,,,,,,,,,,,,,,
MW_NDL_2627_009,MW_NDL,MW_2026_27,md_2,2,2026-05-23,,MW_KAR_001,MW_SBU_M1,MW_MCH_M1,1,0,played,,facebook,,,,confirmed,,,,,,,,,,,,,,,,,
MW_NDL_2627_010,MW_NDL,MW_2026_27,md_2,2,2026-05-24,,MW_B_001,MW_BAS_M1,MW_MT_M1,2,2,played,,facebook,,,,confirmed,,,,,,,,,,,,,,,,,
MW_NDL_2627_011,MW_NDL,MW_2026_27,md_2,2,2026-05-24,,MW_RU_001,MW_EU_M1,MW_NU_M1,2,1,played,,facebook,,,,confirmed,,,,,,,,,,,,,,,,,
MW_NDL_2627_012,MW_NDL,MW_2026_27,md_2,2,2026-05-24,,MW_MCJ_002,MW_EXFC_M1,MW_CB_M1,3,0,played,,facebook,,,,confirmed,,,,,,,,,,,,,,,,,
MW_NDL_2627_013,MW_NDL,MW_2026_27,md_3,3,2026-05-30,,MW_RU_001,MW_MCH_M1,MW_EU_M1,0,0,played,,facebook,,,,confirmed,,,,,,,,,,,,,,,,,
MW_NDL_2627_014,MW_NDL,MW_2026_27,md_3,3,2026-05-30,,MW_KAR_001,MW_SBU_M1,MW_BAS_M1,2,1,played,,facebook,,,,confirmed,,,,,,,,,,,,,,,,,
MW_NDL_2627_015,MW_NDL,MW_2026_27,md_3,3,2026-05-30,,MW_Z_001,MW_CB_M1,MW_NS_M1,2,4,played,,facebook,,,,confirmed,,,,,,,,,,,,,,,,,
MW_NDL_2627_016,MW_NDL,MW_2026_27,md_3,3,2026-05-31,,MW_MU_001,MW_FFC_M1,MW_MT_M1,1,0,played,,facebook,,,,confirmed,,,,,,,,,,,,,,,,,
MW_NDL_2627_017,MW_NDL,MW_2026_27,md_3,3,2026-05-31,,MW_BAL_001,MW_NU_M1,MW_EXFC_M1,2,1,played,,facebook,,,,confirmed,,,,,,,,,,,,,,,,,
MW_NDL_2627_018,MW_NDL,MW_2026_27,md_3,3,2026-06-07,,MW_MCJ_002,MW_NZ_M1,MW_CBWE_M1,1,2,played,,facebook,,,,confirmed,,,,,,,,,,,,,,,,,
MW_NDL_2627_019,MW_NDL,MW_2026_27,md_4,4,2026-06-12,,MW_B_001,MW_BAS_M1,MW_FFC_M1,1,1,played,,facebook,,,,confirmed,,,,,,,,,,,,,,,,,
MW_NDL_2627_020,MW_NDL,MW_2026_27,md_4,4,2026-06-13,,MW_RU_001,MW_EU_M1,MW_SBU_M1,1,2,played,,facebook,,,,confirmed,,,,,,,,,,,,,,,,,
MW_NDL_2627_021,MW_NDL,MW_2026_27,md_4,4,2026-06-13,,MW_Z_001,MW_MT_M1,MW_NZ_M1,0,2,played,,facebook,,,,confirmed,,,,,,,,,,,,,,,,,
MW_NDL_2627_022,MW_NDL,MW_2026_27,md_4,4,2026-06-13,,MW_B_001,MW_CBWE_M1,MW_CB_M1,2,2,played,,facebook,,,,confirmed,,,,,,,,,,,,,,,,,
MW_NDL_2627_023,MW_NDL,MW_2026_27,md_4,4,2026-06-14,,MW_MCJ_002,MW_EXFC_M1,MW_MCH_M1,3,2,played,,facebook,,,,confirmed,,,,,,,,,,,,,,,,,
MW_NDL_2627_024,MW_NDL,MW_2026_27,md_4,4,2026-06-15,,MW_B_001,MW_NS_M1,MW_NU_M1,0,0,played,,facebook,,,,confirmed,,,,,,,,,,,,,,,,,
MW_NDL_2627_025,MW_NDL,MW_2026_27,md_5,5,2026-06-19,,MW_RU_001,MW_EU_M1,MW_BAS_M1,2,0,played,,facebook,,,,confirmed,,,,,,,,,,,,,,,,,
MW_NDL_2627_026,MW_NDL,MW_2026_27,md_5,5,2026-06-20,,MW_RU_001,MW_MCH_M1,MW_NS_M1,2,1,played,,facebook,,,,confirmed,,,,,,,,,,,,,,,,,
MW_NDL_2627_027,MW_NDL,MW_2026_27,md_5,5,2026-06-21,,MW_Z_001,MW_CB_M1,MW_MT_M1,3,3,played,,facebook,,,,confirmed,,,,,,,,,,,,,,,,,
MW_NDL_2627_028,MW_NDL,MW_2026_27,md_5,5,2026-06-21,,MW_MCJ_002,MW_NZ_M1,MW_FFC_M1,1,1,played,,facebook,,,,confirmed,,,,,,,,,,,,,,,,,
MW_NDL_2627_029,MW_NDL,MW_2026_27,md_5,5,2026-06-21,,MW_KAR_001,MW_SBU_M1,MW_EXFC_M1,3,1,played,,facebook,,,,confirmed,,,,,,,,,,,,,,,,,
MW_NDL_2627_030,MW_NDL,MW_2026_27,md_5,5,2026-06-21,,MW_BAL_001,MW_NU_M1,MW_CBWE_M1,1,0,played,,facebook,,,,confirmed,,,,,,,,,,,,,,,,,
MW_NDL_2627_031,MW_NDL,MW_2026_27,md_6,6,2026-06-26,,MW_B_001,MW_BAS_M1,MW_NZ_M1,0,1,played,,facebook,,,,confirmed,,,,,,,,,,,,,,,,,
MW_NDL_2627_032,MW_NDL,MW_2026_27,md_6,6,2026-06-27,,MW_Z_001,MW_NS_M1,MW_SBU_M1,1,0,played,,facebook,,,,confirmed,,,,,,,,,,,,,,,,,
MW_NDL_2627_033,MW_NDL,MW_2026_27,md_6,6,2026-06-27,,MW_B_001,MW_MT_M1,MW_NU_M1,0,0,played,,facebook,,,,confirmed,,,,,,,,,,,,,,,,,
MW_NDL_2627_034,MW_NDL,MW_2026_27,md_6,6,2026-06-28,,MW_MU_001,MW_FFC_M1,MW_CB_M1,0,0,played,,facebook,,,,confirmed,,,,,,,,,,,,,,,,,
MW_NDL_2627_035,MW_NDL,MW_2026_27,md_6,6,2026-06-28,,MW_MCJ_002,MW_EXFC_M1,MW_EU_M1,2,1,played,,facebook,,,,confirmed,,,,,,,,,,,,,,,,,
MW_NDL_2627_036,MW_NDL,MW_2026_27,md_6,6,2026-07-01,,MW_B_001,MW_CBWE_M1,MW_MCH_M1,3,0,played,,facebook,,,,confirmed,,,,,,,,,,,,,,,,,
MW_NDL_2627_037,MW_NDL,MW_2026_27,md_7,7,2026-07-04,,MW_MZ_001,MW_EU_M1,MW_NS_M1,2,1,played,,facebook,,,,confirmed,,,,,,,,,,,,,,,,,
MW_NDL_2627_038,MW_NDL,MW_2026_27,md_7,7,2026-07-04,,MW_Z_001,MW_CB_M1,MW_NZ_M1,1,1,played,,facebook,,,,confirmed,,,,,,,,,,,,,,,,,
MW_NDL_2627_039,MW_NDL,MW_2026_27,md_7,7,2026-07-05,,MW_MCJ_002,MW_EXFC_M1,MW_BAS_M1,1,0,played,,facebook,,,,confirmed,,,,,,,,,,,,,,,,,
MW_NDL_2627_040,MW_NDL,MW_2026_27,md_7,7,2026-07-05,,MW_BAL_001,MW_NU_M1,MW_FFC_M1,1,2,played,,facebook,,,,confirmed,,,,,,,,,,,,,,,,,
MW_NDL_2627_041,MW_NDL,MW_2026_27,md_7,7,2026-07-05,,MW_KAR_001,MW_SBU_M1,MW_CBWE_M1,2,0,played,,facebook,,,,confirmed,,,,,,,,,,,,,,,,,
MW_NDL_2627_042,MW_NDL,MW_2026_27,md_7,7,2026-07-05,,MW_RU_001,MW_MCH_M1,MW_MT_M1,4,0,played,,facebook,,,,confirmed,,,,,,,,,,,,,,,,,
MW_NRFA_2627_001,MW_NRFA,MW_2026_27,md_1,1,2026-07-04,,MW_CWZA_G,MW_CHIN_M1,MW_MAFU_M1,2,2,played,,facebook,,,,confirmed,,,,,,,,,,,,,,,,,
MW_NRFA_2627_002,MW_NRFA,MW_2026_27,md_1,1,2026-07-14,14:30:00,MW_CHITE_G,MW_CZU_M1,MW_CAS_M1,3,1,played,,facebook,https://www.facebook.com/share/p/18uEhFeVVz/,,2026-07-16T02:02:00+00:00,confirmed,,,,,,,,,,,,,,,,,
MW_NRFA_2627_004,MW_NRFA,MW_2026_27,md_1,1,2026-07-11,,MW_BOTA_G,MW_VSA_M1,MW_RFC_M1,4,3,played,,facebook,,,,confirmed,,,,,,,,,,,,,,,,,
MW_NRFA_2627_003,MW_NRFA,MW_2026_27,md_1,1,2026-07-11,,MW_CHIB_G,MW_CRS_M1,MW_LUMA_M1,3,0,played,,facebook,,,,confirmed,,,,,,,,,,,,,,,,,
MW_NRFA_2627_005,MW_NRFA,MW_2026_27,md_1,1,2026-07-12,,MW_MAJA_G,MW_CHB_M1,MW_EKW_M1,2,1,played,,facebook,https://www.facebook.com/share/p/1QHBYY6coH/,,,confirmed,,,,,,,,,,,,,,,,,
MW_NRFA_2627_006,MW_NRFA,MW_2026_27,md_1,1,2026-07-12,,MW_CBJ_G,MW_MMW_M1,MW_EV_M1,2,1,played,,facebook,https://www.facebook.com/share/p/1QHBYY6coH/,,,confirmed,,,,,,,,,,,,,,,,,
MW_NRFA_2627_007,MW_NRFA,MW_2026_27,md_1,1,2026-07-12,,MW_LUVI_G,MW_LVFC_M1,MW_JU_M1,0,1,played,,facebook,https://www.facebook.com/share/p/1QHBYY6coH/,,,confirmed,,,,,,,,,,,,,,,,,
MW_SL_2627_001,MW_SL,MW_2026_27,md_1,1,2026-04-25,,MW_L_001,MW_CSU_M1,MW_BULL_M1,2,2,played,,facebook,,,,confirmed,,,,,,,,,,,,,,,,,
MW_KU19_2627_047,MW_KU19,MW_2026_27,md_4,4,2026-07-26,,,MW_GS_MU19,MW_SM_MU19,0,4,played,,reporter,https://www.facebook.com/share/p/1BuNiCNi2H/,MW_REP_001,2026-08-16T07:49:06.237679+00:00,confirmed,MW_REP_001,2026-08-16T07:49:06.237679+00:00,,,,,,,,,,,,,,,
MW_SL_2627_002,MW_SL,MW_2026_27,md_1,1,2026-04-25,,MW_RU_001,MW_MB_M1,MW_DD_M1,0,0,played,,facebook,,,,confirmed,,,,,,,,,,,,,,,,,
MW_KU19_2627_048,MW_KU19,MW_2026_27,md_4,4,2026-07-26,,,MW_ND_MU19,MW_EFC_U19,0,2,played,,reporter,https://www.facebook.com/share/p/1BuNiCNi2H/,MW_REP_001,2026-08-16T00:44:58.406048+00:00,confirmed,MW_REP_001,2026-08-16T00:44:58.406048+00:00,,,,,,,,,,,,,,,
MW_SL_2627_003,MW_SL,MW_2026_27,md_1,1,2026-04-25,,MW_MP_001,MW_KB_M1,MW_SS_M1,0,2,played,,facebook,,,,confirmed,,,,,,,,,,,,,,,,,
MW_KU19_2627_049,MW_KU19,MW_2026_27,md_4,4,2026-07-26,,,MW_A_MU19,MW_CCS_MU19,1,2,played,,reporter,https://www.facebook.com/share/p/1BuNiCNi2H/,MW_REP_001,2026-08-16T00:44:42.140481+00:00,confirmed,MW_REP_001,2026-08-16T00:44:42.140481+00:00,,,,,,,,,,,,,,,
MW_SL_2627_004,MW_SL,MW_2026_27,md_1,1,2026-04-26,,MW_MP_001,MW_MAFC_M1,MW_LM_M1,1,1,played,,facebook,,,,confirmed,,,,,,,,,,,,,,,,,
MW_SL_2627_005,MW_SL,MW_2026_27,md_1,1,2026-04-26,,MW_Z_001,MW_REDL_M1,MW_CS_M1,1,1,played,,facebook,,,,confirmed,,,,,,,,,,,,,,,,,
MW_SL_2627_006,MW_SL,MW_2026_27,md_1,1,2026-04-26,,MW_L_002,MW_BLUE_M1,MW_EFC_M1,2,1,played,,facebook,,,,confirmed,,,,,,,,,,,,,,,,,
MW_SL_2627_007,MW_SL,MW_2026_27,md_1,1,2026-04-26,,MW_L_003,MW_MFC_M1,MW_CU_M1,1,0,played,,facebook,,,,confirmed,,,,,,,,,,,,,,,,,
MW_SL_2627_008,MW_SL,MW_2026_27,md_1,1,2026-05-27,,MW_B_001,MW_MW_M1,MW_KU_M1,4,1,played,,facebook,,,,confirmed,,,,,,,,,,,,,,,,,
MW_SL_2627_009,MW_SL,MW_2026_27,md_2,2,2026-05-02,,MW_D_001,MW_LM_M1,MW_KB_M1,1,0,played,,facebook,,,,confirmed,,,,,,,,,,,,,,,,,
MW_SL_2627_010,MW_SL,MW_2026_27,md_2,2,2026-05-02,,MW_B_002,MW_EFC_M1,MW_REDL_M1,1,1,played,,facebook,,,,confirmed,,,,,,,,,,,,,,,,,
MW_SL_2627_011,MW_SL,MW_2026_27,md_2,2,2026-05-02,,MW_L_004,MW_SS_M1,MW_MB_M1,4,1,played,,facebook,,,,confirmed,,,,,,,,,,,,,,,,,
MW_SL_2627_012,MW_SL,MW_2026_27,md_2,2,2026-05-02,,MW_CHI_001,MW_CU_M1,MW_BLUE_M1,1,0,played,,facebook,,,,confirmed,,,,,,,,,,,,,,,,,
MW_SL_2627_013,MW_SL,MW_2026_27,md_2,2,2026-05-03,,MW_MCJ_001,MW_CS_M1,MW_MW_M1,1,2,played,,facebook,,,,confirmed,,,,,,,,,,,,,,,,,
MW_SL_2627_014,MW_SL,MW_2026_27,md_2,2,2026-05-03,,MW_MW_001,MW_BULL_M1,MW_MAFC_M1,1,0,played,,facebook,,,,confirmed,,,,,,,,,,,,,,,,,
MW_SL_2627_015,MW_SL,MW_2026_27,md_2,2,2026-05-03,,MW_D_001,MW_DD_M1,MW_CSU_M1,0,1,played,,facebook,,,,confirmed,,,,,,,,,,,,,,,,,
MW_SL_2627_016,MW_SL,MW_2026_27,md_2,2,2026-05-03,,MW_KAR_001,MW_KU_M1,MW_MFC_M1,1,2,played,,facebook,,,,confirmed,,,,,,,,,,,,,,,,,
MW_SL_2627_017,MW_SL,MW_2026_27,md_3,3,2026-05-09,,MW_L_001,MW_CSU_M1,MW_EFC_M1,1,0,played,,facebook,,,,confirmed,,,,,,,,,,,,,,,,,
MW_SL_2627_018,MW_SL,MW_2026_27,md_3,3,2026-05-09,,MW_MP_001,MW_MAFC_M1,MW_CS_M1,0,0,played,,facebook,,,,confirmed,,,,,,,,,,,,,,,,,
MW_SL_2627_019,MW_SL,MW_2026_27,md_3,3,2026-05-09,,MW_RU_001,MW_MB_M1,MW_CU_M1,3,2,played,,facebook,,,,confirmed,,,,,,,,,,,,,,,,,
MW_SL_2627_020,MW_SL,MW_2026_27,md_3,3,2026-05-10,,MW_L_001,MW_BLUE_M1,MW_SS_M1,1,0,played,,facebook,,,,confirmed,,,,,,,,,,,,,,,,,
MW_SL_2627_021,MW_SL,MW_2026_27,md_3,3,2026-05-10,,MW_MP_001,MW_KB_M1,MW_KU_M1,1,1,played,,facebook,,,,confirmed,,,,,,,,,,,,,,,,,
MW_SL_2627_022,MW_SL,MW_2026_27,md_3,3,2026-05-10,,MW_Z_001,MW_REDL_M1,MW_DD_M1,3,0,played,,facebook,,,,confirmed,,,,,,,,,,,,,,,,,
MW_SL_2627_023,MW_SL,MW_2026_27,md_3,3,2026-05-10,,MW_L_003,MW_MW_M1,MW_BULL_M1,1,2,played,,facebook,,,,confirmed,,,,,,,,,,,,,,,,,
MW_SL_2627_024,MW_SL,MW_2026_27,md_3,3,2026-05-11,,MW_L_003,MW_MFC_M1,MW_LM_M1,2,0,played,,facebook,,,,confirmed,,,,,,,,,,,,,,,,,
MW_SL_2627_025,MW_SL,MW_2026_27,md_4,4,2026-05-16,,MW_MCJ_001,MW_CS_M1,MW_KB_M1,1,3,played,,facebook,,,,confirmed,,,,,,,,,,,,,,,,,
MW_SL_2627_026,MW_SL,MW_2026_27,md_4,4,2026-05-16,,MW_MCJ_001,MW_LM_M1,MW_MW_M1,0,2,played,,facebook,,,,confirmed,,,,,,,,,,,,,,,,,
MW_SL_2627_027,MW_SL,MW_2026_27,md_4,4,2026-05-16,,MW_B_002,MW_EFC_M1,MW_MB_M1,2,0,played,,facebook,,,,confirmed,,,,,,,,,,,,,,,,,
MW_SL_2627_028,MW_SL,MW_2026_27,md_4,4,2026-05-16,,MW_CHI_001,MW_CU_M1,MW_CSU_M1,1,0,played,,facebook,,,,confirmed,,,,,,,,,,,,,,,,,
MW_SL_2627_029,MW_SL,MW_2026_27,md_4,4,2026-05-17,,MW_MW_001,MW_BULL_M1,MW_REDL_M1,0,0,played,,facebook,,,,confirmed,,,,,,,,,,,,,,,,,
MW_SL_2627_030,MW_SL,MW_2026_27,md_4,4,2026-05-17,,MW_L_004,MW_SS_M1,MW_MFC_M1,3,0,played,,facebook,,,,confirmed,,,,,,,,,,,,,,,,,
MW_SL_2627_031,MW_SL,MW_2026_27,md_4,4,2026-05-17,,MW_KAR_001,MW_KU_M1,MW_MAFC_M1,1,1,played,,facebook,,,,confirmed,,,,,,,,,,,,,,,,,
MW_SL_2627_032,MW_SL,MW_2026_27,md_4,4,2026-05-17,,MW_D_001,MW_DD_M1,MW_BLUE_M1,0,2,played,,facebook,,,,confirmed,,,,,,,,,,,,,,,,,
MW_SL_2627_033,MW_SL,MW_2026_27,md_5,5,2026-05-23,,MW_Z_001,MW_REDL_M1,MW_LM_M1,1,0,played,,facebook,,,,confirmed,,,,,,,,,,,,,,,,,
MW_SL_2627_034,MW_SL,MW_2026_27,md_5,5,2026-05-23,,MW_RU_001,MW_MB_M1,MW_CS_M1,1,0,played,,facebook,,,,confirmed,,,,,,,,,,,,,,,,,
MW_SL_2627_035,MW_SL,MW_2026_27,md_5,5,2026-05-23,,MW_L_001,MW_BLUE_M1,MW_BULL_M1,1,1,played,,facebook,,,,confirmed,,,,,,,,,,,,,,,,,
MW_SL_2627_036,MW_SL,MW_2026_27,md_5,5,2026-05-23,,MW_MP_001,MW_KB_M1,MW_EFC_M1,1,4,played,,facebook,,,,confirmed,,,,,,,,,,,,,,,,,
MW_SL_2627_037,MW_SL,MW_2026_27,md_5,5,2026-05-24,,MW_MP_001,MW_MAFC_M1,MW_CU_M1,2,0,played,,facebook,,,,confirmed,,,,,,,,,,,,,,,,,
MW_SL_2627_038,MW_SL,MW_2026_27,md_5,5,2026-05-24,,MW_L_001,MW_CSU_M1,MW_KU_M1,0,1,played,,facebook,,,,confirmed,,,,,,,,,,,,,,,,,
MW_SL_2627_039,MW_SL,MW_2026_27,md_5,5,2026-05-24,,MW_Z_001,MW_MW_M1,MW_SS_M1,0,0,played,,facebook,,,,confirmed,,,,,,,,,,,,,,,,,
MW_SL_2627_040,MW_SL,MW_2026_27,md_5,5,2026-05-24,,MW_L_003,MW_MFC_M1,MW_DD_M1,4,0,played,,facebook,,,,confirmed,,,,,,,,,,,,,,,,,
MW_SL_2627_041,MW_SL,MW_2026_27,md_6,6,2026-05-30,,MW_L_004,MW_SS_M1,MW_MAFC_M1,1,0,played,,facebook,,,,confirmed,,,,,,,,,,,,,,,,,
MW_SL_2627_042,MW_SL,MW_2026_27,md_6,6,2026-05-30,,MW_B_002,MW_EFC_M1,MW_MFC_M1,2,0,played,,facebook,,,,confirmed,,,,,,,,,,,,,,,,,
MW_SL_2627_043,MW_SL,MW_2026_27,md_6,6,2026-05-30,,MW_MCJ_001,MW_LM_M1,MW_CSU_M1,3,0,played,,facebook,,,,confirmed,,,,,,,,,,,,,,,,,
MW_SL_2627_044,MW_SL,MW_2026_27,md_6,6,2026-05-30,,MW_MCJ_001,MW_CS_M1,MW_BLUE_M1,0,2,played,,facebook,,,,confirmed,,,,,,,,,,,,,,,,,
MW_SL_2627_045,MW_SL,MW_2026_27,md_6,6,2026-05-31,,MW_CHI_001,MW_CU_M1,MW_MW_M1,0,4,played,,facebook,,,,confirmed,,,,,,,,,,,,,,,,,
MW_SL_2627_046,MW_SL,MW_2026_27,md_6,6,2026-05-31,,MW_MW_001,MW_BULL_M1,MW_MB_M1,1,1,played,,facebook,,,,confirmed,,,,,,,,,,,,,,,,,
MW_CRFA_2627_057,MW_CRFA,MW_2026_27,md_8,8,2026-08-22,14:30,MW_ADL_G,MW_SS_M2,MW_MU_M1,,,scheduled,,reporter,https://www.facebook.com/share/p/19ERKz65kD/,,,unconfirmed,,,,,,,,,,,,,,,,,
MW_SL_2627_047,MW_SL,MW_2026_27,md_6,6,2026-05-31,,MW_KAR_001,MW_KU_M1,MW_REDL_M1,1,0,played,,facebook,,,,confirmed,,,,,,,,,,,,,,,,,
MW_CRFA_2627_058,MW_CRFA,MW_2026_27,md_8,8,2026-08-22,14:30,MW_MCJ_004,MW_MV_M1,MW_SA_M1,,,scheduled,,reporter,https://www.facebook.com/share/p/19ERKz65kD/,,,unconfirmed,,,,,,,,,,,,,,,,,
MW_SL_2627_048,MW_SL,MW_2026_27,md_6,6,2026-05-31,,MW_D_001,MW_DD_M1,MW_KB_M1,1,0,played,,facebook,,,,confirmed,,,,,,,,,,,,,,,,,
MW_CRFA_2627_059,MW_CRFA,MW_2026_27,md_8,8,2026-08-22,14:30,MW_CHIVALA,MW_KFC_M1,MW_LFC_M1,,,scheduled,,reporter,https://www.facebook.com/share/p/19ERKz65kD/,,,unconfirmed,,,,,,,,,,,,,,,,,
MW_SL_2627_049,MW_SL,MW_2026_27,md_7,7,2026-06-20,,MW_B_001,MW_MW_M1,MW_EFC_M1,1,1,played,,facebook,,,,confirmed,,,,,,,,,,,,,,,,,
MW_CRFA_2627_060,MW_CRFA,MW_2026_27,md_8,8,2026-08-22,14:30,MW_UPPER_B,MW_PFC_M1,MW_MPFC_M1,,,scheduled,,reporter,https://www.facebook.com/share/p/19ERKz65kD/,,,unconfirmed,,,,,,,,,,,,,,,,,
MW_SL_2627_050,MW_SL,MW_2026_27,md_7,7,2026-06-20,,MW_L_001,MW_CSU_M1,MW_SS_M1,1,1,played,,reporter,https://silverstrikers.mw/2026/06/20/match-report-civil-service-united-1-1-silver-strikers/,MW_REP_001,2026-08-18T23:29:26.31037+00:00,confirmed,MW_REP_001,2026-08-18T23:29:26.31037+00:00,,,,Alfred Chilinda,Yohane Chiutika,Saul Manjawira,Idih Hassan,,Peter Mgangira,MW_OFF_000022,MW_OFF_000024,MW_OFF_000003,MW_OFF_000023,,MW_OFF_000005
MW_CRFA_2627_061,MW_CRFA,MW_2026_27,md_8,8,2026-08-22,14:30,MW_L_002,MW_BLUE_M2,MW_MC_M1,,,scheduled,,reporter,https://www.facebook.com/share/p/19ERKz65kD/,,,unconfirmed,,,,,,,,,,,,,,,,,
MW_SL_2627_051,MW_SL,MW_2026_27,md_7,7,2026-06-20,,MW_MAF_001,MW_MAFC_M1,MW_DD_M1,3,0,played,,facebook,,,,confirmed,,,,,,,,,,,,,,,,,
MW_CRFA_2627_062,MW_CRFA,MW_2026_27,md_8,8,2026-08-23,14:30,MW_LIN_SEC,MW_CSFC_M1,MW_NAA_M1,,,scheduled,,reporter,https://www.facebook.com/share/p/19ERKz65kD/,,,unconfirmed,,,,,,,,,,,,,,,,,
MW_SL_2627_052,MW_SL,MW_2026_27,md_7,7,2026-06-21,,MW_L_001,MW_KB_M1,MW_BULL_M1,1,2,played,,facebook,,,,confirmed,,,,,,,,,,,,,,,,,
MW_CRFA_2627_063,MW_CRFA,MW_2026_27,md_8,8,2026-08-23,14:30,MW_MCJ_004,MW_MCHS_M1,MW_AR_M1,,,scheduled,,reporter,https://www.facebook.com/share/p/19ERKz65kD/,,,unconfirmed,,,,,,,,,,,,,,,,,
MW_SL_2627_053,MW_SL,MW_2026_27,md_7,7,2026-06-21,,MW_L_002,MW_BLUE_M1,MW_KU_M1,3,2,played,,facebook,,,,confirmed,,,,,,,,,,,,,,,,,
MW_CRFA_2627_064,MW_CRFA,MW_2026_27,md_8,8,2026-08-23,14:30,MW_KAS_001,MW_TNS_M1,MW_AB_M1,,,scheduled,,reporter,https://www.facebook.com/share/p/19ERKz65kD/,,,unconfirmed,,,,,,,,,,,,,,,,,
MW_SL_2627_054,MW_SL,MW_2026_27,md_7,7,2026-06-21,,MW_RU_001,MW_MB_M1,MW_LM_M1,2,0,played,,facebook,,,,confirmed,,,,,,,,,,,,,,,,,
MW_CRFA2_2627_008,MW_CRFA2,MW_2026_27,md_5,5,2026-08-22,14:30,MW_LIKUNI,MW_LIKUNI_M1,MW_MSPIRATE_M1,,,scheduled,,reporter,https://www.facebook.com/share/p/16mGHySPrK/,,,unconfirmed,,,,,,,,,,,,,,,,,
MW_SL_2627_055,MW_SL,MW_2026_27,md_7,7,2026-06-21,,MW_Z_001,MW_REDL_M1,MW_CU_M1,1,0,played,,facebook,,,,confirmed,,,,,,,,,,,,,,,,,
MW_CRFA2_2627_009,MW_CRFA2,MW_2026_27,md_5,5,2026-08-22,14:30,MW_MANGO,MW_SALSPA_M1,MW_CSU_M2,,,scheduled,,reporter,https://www.facebook.com/share/p/16mGHySPrK/,,,unconfirmed,,,,,,,,,,,,,,,,,
MW_SL_2627_056,MW_SL,MW_2026_27,md_7,7,2026-06-21,,MW_L_003,MW_MFC_M1,MW_CS_M1,1,3,played,,facebook,,,,confirmed,,,,,,,,,,,,,,,,,
MW_CRFA2_2627_010,MW_CRFA2,MW_2026_27,md_5,5,2026-08-23,14:30,MW_LLW_CG,MW_CS_M2,MW_LOBIYS_M1,,,scheduled,,reporter,https://www.facebook.com/share/p/16mGHySPrK/,,,unconfirmed,,,,,,,,,,,,,,,,,
MW_SL_2627_057,MW_SL,MW_2026_27,md_8,8,2026-06-27,,MW_D_001,MW_LM_M1,MW_BLUE_M1,3,2,played,,facebook,,,,confirmed,,,,,,,,,,,,,,,,,
MW_CRFA2_2627_011,MW_CRFA2,MW_2026_27,md_5,5,2026-08-23,14:30,MW_DAPP,MW_YOUNGT_M1,MW_KASASUN_M1,,,scheduled,,reporter,https://www.facebook.com/share/p/16mGHySPrK/,,,unconfirmed,,,,,,,,,,,,,,,,,
MW_SL_2627_058,MW_SL,MW_2026_27,md_8,8,2026-06-27,,MW_CHI_001,MW_CU_M1,MW_KB_M1,2,1,played,,facebook,,,,confirmed,,,,,,,,,,,,,,,,,
MW_CRFA2_2627_012,MW_CRFA2,MW_2026_27,md_5,5,2026-08-23,14:30,MW_BOPS,MW_BOBOMB_M1,MW_SIMBI_M1,,,scheduled,,reporter,https://www.facebook.com/share/p/16mGHySPrK/,,,unconfirmed,,,,,,,,,,,,,,,,,
MW_SL_2627_059,MW_SL,MW_2026_27,md_8,8,2026-06-28,,MW_MCJ_001,MW_CS_M1,MW_CSU_M1,0,1,played,,facebook,,,,confirmed,,,,,,,,,,,,,,,,,
MW_CRFA2_2627_013,MW_CRFA2,MW_2026_27,md_5,5,2026-08-22,14:30,,MW_APOS_M1,MW_MTHUN_M1,,,scheduled,,reporter,https://www.facebook.com/share/p/1EuctWyPwk/,,,unconfirmed,,,,,,,,,,,,,,,,,
MW_SL_2627_060,MW_SL,MW_2026_27,md_8,8,2026-06-28,,MW_L_004,MW_SS_M1,MW_REDL_M1,3,0,played,,reporter,https://silverstrikers.mw/2026/06/28/match-report-silver-strikers-3-0-red-lions/,MW_REP_001,2026-08-18T23:21:11.259629+00:00,confirmed,MW_REP_001,2026-08-18T23:21:11.259629+00:00,,,,Kondwani Kamwendo,Evance Msonda,Chikumbutso Chimndaka,Alfred Chilinda,Peter Mgangira,,MW_OFF_000009,MW_OFF_000020,MW_OFF_000021,MW_OFF_000022,MW_OFF_000005,
MW_CRFA2_2627_014,MW_CRFA2,MW_2026_27,md_5,5,2026-08-23,14:30,MW_MKANDA,MW_DYER_M1,MW_ERGO_M1,,,scheduled,,reporter,https://www.facebook.com/share/p/1EuctWyPwk/,,,unconfirmed,,,,,,,,,,,,,,,,,
MW_SL_2627_061,MW_SL,MW_2026_27,md_8,8,2026-06-28,,MW_KAR_001,MW_KU_M1,MW_MB_M1,0,0,played,,facebook,,,,confirmed,,,,,,,,,,,,,,,,,
MW_CRFA2_2627_015,MW_CRFA2,MW_2026_27,md_4,4,2026-08-15,14:30,MW_LIKUNI,MW_LIKUNI_M1,MW_DWANGWA_M1,1,1,played,,reporter,https://www.facebook.com/share/p/1BzUySFzby/,MW_REP_001,2026-08-18T11:02:01.189228+00:00,confirmed,MW_REP_001,2026-08-18T11:02:01.189228+00:00,,,,,,,,,,,,,,,
MW_SL_2627_062,MW_SL,MW_2026_27,md_8,8,2026-06-28,,MW_D_001,MW_DD_M1,MW_MW_M1,1,1,played,,facebook,,,,confirmed,,,,,,,,,,,,,,,,,
MW_CRFA2_2627_016,MW_CRFA2,MW_2026_27,md_4,4,2026-08-15,14:30,MW_LLW_CG,MW_CS_M2,MW_SALSPA_M1,0,2,played,,reporter,https://www.facebook.com/share/p/1BzUySFzby/,MW_REP_001,2026-08-18T11:01:28.243542+00:00,confirmed,MW_REP_001,2026-08-18T11:01:28.243542+00:00,,,,,,,,,,,,,,,
MW_SL_2627_063,MW_SL,MW_2026_27,md_8,8,2026-06-28,,MW_B_001,MW_EFC_M1,MW_MAFC_M1,1,0,played,,facebook,,,,confirmed,,,,,,,,,,,,,,,,,
MW_CRFA2_2627_017,MW_CRFA2,MW_2026_27,md_4,4,2026-08-15,14:30,,MW_APOS_M1,MW_MSPIRATE_M1,0,1,played,,reporter,https://www.facebook.com/share/p/1BzUySFzby/,MW_REP_001,2026-08-18T11:02:24.497195+00:00,confirmed,MW_REP_001,2026-08-18T11:02:24.497195+00:00,,,,,,,,,,,,,,,
MW_SL_2627_064,MW_SL,MW_2026_27,md_8,8,2026-06-29,,MW_B_001,MW_BULL_M1,MW_MFC_M1,1,0,played,,facebook,,,,confirmed,,,,,,,,,,,,,,,,,
MW_CRFA2_2627_018,MW_CRFA2,MW_2026_27,md_4,4,2026-08-15,14:30,MW_MKA_G,MW_SIMBI_M1,MW_MTHUN_M1,2,1,played,,reporter,https://www.facebook.com/share/p/1BzUySFzby/,MW_REP_001,2026-08-18T11:03:22.457974+00:00,confirmed,MW_REP_001,2026-08-18T11:03:22.457974+00:00,,,,,,,,,,,,,,,
MW_SL_2627_065,MW_SL,MW_2026_27,md_9,9,2026-07-04,,MW_MW_001,MW_BULL_M1,MW_CS_M1,2,0,played,,facebook,,,,confirmed,,,,,,,,,,,,,,,,,
MW_CRFA2_2627_019,MW_CRFA2,MW_2026_27,md_4,4,2026-08-16,14:30,MW_MKANDA,MW_DYER_M1,MW_CSU_M2,,,scheduled,,reporter,https://www.facebook.com/share/p/18DAGtfKma/,,,unconfirmed,,,,,,,,,,,,,,,,,
MW_SL_2627_066,MW_SL,MW_2026_27,md_9,9,2026-07-04,,MW_L_002,MW_BLUE_M1,MW_MB_M1,1,0,played,,facebook,,,,confirmed,,,,,,,,,,,,,,,,,
MW_CRFA2_2627_020,MW_CRFA2,MW_2026_27,md_4,4,2026-08-16,14:30,MW_BOPS,MW_BOBOMB_M1,MW_LOBIYS_M1,,,scheduled,,reporter,https://www.facebook.com/share/p/18DAGtfKma/,,,unconfirmed,,,,,,,,,,,,,,,,,
MW_SL_2627_067,MW_SL,MW_2026_27,md_9,9,2026-07-04,,MW_KAR_001,MW_KU_M1,MW_DD_M1,1,3,played,,facebook,,,,confirmed,,,,,,,,,,,,,,,,,
MW_CRFA2_2627_021,MW_CRFA2,MW_2026_27,md_4,4,2026-08-16,14:30,MW_KSKA_G,MW_KASASUN_M1,MW_ERGO_M1,,,scheduled,,reporter,https://www.facebook.com/share/p/18DAGtfKma/,,,unconfirmed,,,,,,,,,,,,,,,,,
MW_SL_2627_068,MW_SL,MW_2026_27,md_9,9,2026-07-05,,MW_L_003,MW_MFC_M1,MW_KB_M1,1,0,played,,facebook,,,,confirmed,,,,,,,,,,,,,,,,,
MW_CRFA2_2627_022,MW_CRFA2,MW_2026_27,md_4,4,2026-08-15,14:30,MW_DAPP,MW_YOUNGT_M1,MW_MPHA_M1,0,1,played,,reporter,https://www.facebook.com/share/p/1BzUySFzby/,MW_REP_001,2026-08-18T11:03:40.589438+00:00,confirmed,MW_REP_001,2026-08-18T11:03:40.589438+00:00,,,,,,,,,,,,,,,
MW_SL_2627_069,MW_SL,MW_2026_27,md_9,9,2026-07-05,,MW_CHI_001,MW_CU_M1,MW_SS_M1,0,0,played,,facebook,,,,confirmed,,,,,,,,,,,,,,,,,
MW_SL_2627_105,MW_SL,MW_2026_27,md_14,14,2026-08-22,14:30,MW_B_001,MW_MW_M1,MW_REDL_M1,,,scheduled,,reporter,https://www.facebook.com/share/p/1HjXe5FjyK/,,,unconfirmed,,,,,,,,,,,,,,,,,
MW_SL_2627_070,MW_SL,MW_2026_27,md_9,9,2026-07-05,,MW_MCJ_001,MW_LM_M1,MW_EFC_M1,0,0,played,,facebook,,,,confirmed,,,,,,,,,,,,,,,,,
MW_SL_2627_106,MW_SL,MW_2026_27,md_14,14,2026-08-22,14:30,MW_MZ_001,MW_MB_M1,MW_KB_M1,,,scheduled,,reporter,https://www.facebook.com/share/p/1HjXe5FjyK/,,,unconfirmed,,,,,,,,,,,,,,,,,
MW_SL_2627_071,MW_SL,MW_2026_27,md_9,9,2026-07-05,,MW_Z_001,MW_REDL_M1,MW_CSU_M1,1,0,played,,facebook,,,,confirmed,,,,,,,,,,,,,,,,,
MW_SL_2627_107,MW_SL,MW_2026_27,md_14,14,2026-08-22,14:30,MW_L_001,MW_MFC_M1,MW_BLUE_M1,,,scheduled,,reporter,https://www.facebook.com/share/p/1HjXe5FjyK/,,,unconfirmed,,,,,,,,,,,,,,,,,
MW_SL_2627_072,MW_SL,MW_2026_27,md_9,9,2026-07-05,,MW_Z_001,MW_MW_M1,MW_MAFC_M1,3,0,played,,facebook,,,,confirmed,,,,,,,,,,,,,,,,,
MW_SL_2627_108,MW_SL,MW_2026_27,md_14,14,2026-08-22,14:30,MW_L_002,MW_CS_M1,MW_EFC_M1,,,scheduled,,reporter,https://www.facebook.com/share/p/1HjXe5FjyK/,,,unconfirmed,,,,,,,,,,,,,,,,,
MW_SL_2627_073,MW_SL,MW_2026_27,md_10,10,2026-07-18,14:30:00,MW_L_001,MW_CSU_M1,MW_MW_M1,0,2,played,,facebook,https://www.facebook.com/share/p/1VRQD5akjX/,,2026-07-19T10:00:06+00:00,confirmed,,,,,,,,,,,,,,,,,
MW_SL_2627_109,MW_SL,MW_2026_27,md_14,14,2026-08-23,14:30,MW_D_001,MW_LM_M1,MW_BULL_M1,,,scheduled,,reporter,https://www.facebook.com/share/p/1HjXe5FjyK/,,,unconfirmed,,,,,,,,,,,,,,,,,
MW_SL_2627_074,MW_SL,MW_2026_27,md_10,10,2026-07-19,14:30:00,MW_L_001,MW_KB_M1,MW_BLUE_M1,2,1,played,,facebook,https://www.facebook.com/share/p/1MFDPn9vyh/,,2026-07-19T16:07:09+00:00,confirmed,,,,,,,,,,,,,,,,,
MW_SL_2627_110,MW_SL,MW_2026_27,md_14,14,2026-08-23,14:30,MW_L_001,MW_CSU_M1,MW_MAFC_M1,,,scheduled,,reporter,https://www.facebook.com/share/p/1HjXe5FjyK/,,,unconfirmed,,,,,,,,,,,,,,,,,
MW_SL_2627_075,MW_SL,MW_2026_27,md_10,10,2026-07-18,14:30:00,MW_MZ_001,MW_MB_M1,MW_MFC_M1,2,2,played,,facebook,https://www.facebook.com/share/p/1VRQD5akjX/,,2026-07-19T09:58:23+00:00,confirmed,,,,,,,,,,,,,,,,,
MW_SL_2627_111,MW_SL,MW_2026_27,md_14,14,2026-08-23,14:30,MW_L_004,MW_SS_M1,MW_DD_M1,,,scheduled,,reporter,https://www.facebook.com/share/p/1HjXe5FjyK/,,,unconfirmed,,,,,,,,,,,,,,,,,
MW_SL_2627_076,MW_SL,MW_2026_27,md_10,10,2026-07-18,14:30:00,MW_MCJ_001,MW_CS_M1,MW_LM_M1,0,1,played,,facebook,https://www.facebook.com/share/p/1VRQD5akjX/,,2026-07-19T09:59:07+00:00,confirmed,,,,,,,,,,,,,,,,,
MW_SL_2627_112,MW_SL,MW_2026_27,md_14,14,2026-08-23,14:30,MW_KAR_001,MW_KU_M1,MW_CU_M1,,,scheduled,,reporter,https://www.facebook.com/share/p/1HjXe5FjyK/,,,unconfirmed,,,,,,,,,,,,,,,,,
MW_SL_2627_077,MW_SL,MW_2026_27,md_10,10,2026-07-19,14:30:00,MW_D_001,MW_DD_M1,MW_CU_M1,1,2,played,,facebook,https://www.facebook.com/share/p/1MFDPn9vyh/,,2026-07-19T16:07:58+00:00,confirmed,,,,,,,,,,,,,,,,,
MW_NDL_2627_061,MW_NDL,MW_2026_27,md_11,11,2026-08-23,14:30,MW_RU_001,MW_MCH_M1,MW_NU_M1,,,scheduled,,reporter,https://www.facebook.com/share/p/19JAxwEePf/,,,unconfirmed,,,,,,,,,,,,,,,,,
MW_SL_2627_078,MW_SL,MW_2026_27,md_10,10,2026-07-19,14:30:00,MW_B_001,MW_EFC_M1,MW_BULL_M1,0,0,played,,facebook,https://www.facebook.com/share/p/1MFDPn9vyh/,,2026-07-19T16:08:23+00:00,confirmed,,,,,,,,,,,,,,,,,
MW_NDL_2627_062,MW_NDL,MW_2026_27,md_11,11,2026-08-23,14:30,MW_KAR_001,MW_SBU_M1,MW_CB_M1,,,scheduled,,reporter,https://www.facebook.com/share/p/19JAxwEePf/,,,unconfirmed,,,,,,,,,,,,,,,,,
MW_SL_2627_079,MW_SL,MW_2026_27,md_10,10,2026-07-18,14:30:00,MW_MAF_001,MW_MAFC_M1,MW_REDL_M1,2,0,played,,facebook,https://www.facebook.com/share/p/1VRQD5akjX/,,2026-07-19T10:01:18+00:00,confirmed,,,,,,,,,,,,,,,,,
MW_SL_2627_080,MW_SL,MW_2026_27,md_10,10,2026-07-19,14:30:00,MW_L_004,MW_SS_M1,MW_KU_M1,4,1,played,,reporter,"https://www.facebook.com/share/p/1MFDPn9vyh/, https://silverstrikers.mw/2026/07/19/match-report-silver-strikers-4-1-karonga-united/",MW_REP_001,2026-08-18T22:54:38.669165+00:00,confirmed,MW_REP_001,2026-08-18T22:54:38.669165+00:00,,,,Kondwani Kamwendo,Strauss Magwaza,Zagallo Chimbulumata,Peter Jossam,Peter Mgangira,,MW_OFF_000009,MW_OFF_000010,MW_OFF_000011,MW_OFF_000004,MW_OFF_000005,
MW_NDL_2627_063,MW_NDL,MW_2026_27,md_11,11,2026-08-23,14:30,MW_B_001,MW_CBWE_M1,MW_BAS_M1,,,scheduled,,reporter,https://www.facebook.com/share/p/19JAxwEePf/,,,unconfirmed,,,,,,,,,,,,,,,,,
MW_NDL_2627_064,MW_NDL,MW_2026_27,md_11,11,2026-08-23,14:30,MW_Z_001,MW_NS_M1,MW_MT_M1,,,scheduled,,reporter,https://www.facebook.com/share/p/19JAxwEePf/,,,unconfirmed,,,,,,,,,,,,,,,,,
MW_SL_2627_081,MW_SL,MW_2026_27,md_11,11,2026-07-26,14:30:00,MW_KAR_001,MW_KU_M1,MW_CS_M1,2,1,played,,facebook,https://www.facebook.com/share/p/1CQY7vwVfo/,,2026-07-26T21:36:52+00:00,confirmed,,,,,,,,,,,,,,,,,
MW_SL_2627_082,MW_SL,MW_2026_27,md_11,11,2026-07-26,14:30:00,MW_MCJ_001,MW_LM_M1,MW_SS_M1,1,1,played,,reporter,"https://www.facebook.com/share/p/1CQY7vwVfo/, https://silverstrikers.mw/2026/07/26/match-report-luanar-mitundu-fc-1-1-silver-strikers/",MW_REP_001,2026-08-18T22:32:22.410588+00:00,confirmed,MW_REP_001,2026-08-18T22:32:22.410588+00:00,,,,Godfrey Nkhakananga,Thomas Mang’amba,Saul Manjawira,Peter Jossam,,Peter Mgangira,MW_OFF_000001,MW_OFF_000002,MW_OFF_000003,MW_OFF_000004,,MW_OFF_000005
MW_NDL_2627_065,MW_NDL,MW_2026_27,md_11,11,2026-08-23,14:30,MW_MZ_001,MW_EU_M1,MW_NZ_M1,,,scheduled,,reporter,https://www.facebook.com/share/p/19JAxwEePf/,,,unconfirmed,,,,,,,,,,,,,,,,,
MW_NDL_2627_066,MW_NDL,MW_2026_27,md_11,11,2026-08-23,14:30,MW_MCJ_002,MW_EXFC_M1,MW_FFC_M1,,,scheduled,,reporter,https://www.facebook.com/share/p/19JAxwEePf/,,,unconfirmed,,,,,,,,,,,,,,,,,
MW_SL_2627_083,MW_SL,MW_2026_27,md_11,11,2026-07-25,14:30:00,MW_CHI_001,MW_CU_M1,MW_EFC_M1,1,0,played,,facebook,https://www.facebook.com/share/p/1XqrTggQUv/,,2026-07-26T21:32:37+00:00,confirmed,,,,,,,,,,,,,,,,,
MW_SL_2627_084,MW_SL,MW_2026_27,md_11,11,2026-07-25,14:30:00,MW_L_002,MW_BLUE_M1,MW_REDL_M1,3,2,played,,facebook,https://www.facebook.com/share/p/1XqrTggQUv/,,2026-07-26T21:33:55+00:00,confirmed,,,,,,,,,,,,,,,,,
MW_SL_2627_085,MW_SL,MW_2026_27,md_11,11,2026-07-25,14:30:00,MW_L_001,MW_CSU_M1,MW_MB_M1,0,1,played,,facebook,https://www.facebook.com/share/p/1XqrTggQUv/,,2026-07-26T21:35:00+00:00,confirmed,,,,,,,,,,,,,,,,,
MW_SL_2627_086,MW_SL,MW_2026_27,md_11,11,2026-07-25,14:30:00,MW_D_001,MW_DD_M1,MW_BULL_M1,1,0,played,,facebook,https://www.facebook.com/share/p/1XqrTggQUv/,,2026-07-26T21:35:28+00:00,confirmed,,,,,,,,,,,,,,,,,
MW_SL_2627_087,MW_SL,MW_2026_27,md_11,11,2026-07-26,14:30:00,MW_Z_001,MW_MW_M1,MW_MFC_M1,1,1,played,,facebook,https://www.facebook.com/share/p/1CQY7vwVfo/,,2026-07-26T21:38:19+00:00,confirmed,,,,,,,,,,,,,,,,,
MW_SL_2627_088,MW_SL,MW_2026_27,md_11,11,2026-07-26,14:30:00,MW_MP_001,MW_KB_M1,MW_MAFC_M1,4,1,played,,facebook,https://www.facebook.com/share/p/1CQY7vwVfo/,,2026-07-26T21:40:24+00:00,confirmed,,,,,,,,,,,,,,,,,
MW_SRFA_2627_001,MW_SRFA,MW_2026_27,md_1,1,2026-05-24,,MW_MW_001,MW_MS_M1,MW_BULL_M2,2,3,played,,facebook,,,,confirmed,,,,,,,,,,,,,,,,,
MW_SRFA_2627_002,MW_SRFA,MW_2026_27,md_1,1,2026-05-30,,MW_CRZ_001,MW_CHIR_M1,MW_MS_M1,2,2,played,,facebook,,,,confirmed,,,,,,,,,,,,,,,,,
MW_SRFA_2627_003,MW_SRFA,MW_2026_27,md_1,1,2026-05-30,,MW_B_002,MW_ZU_M1,MW_LBTY_M1,0,1,played,,facebook,,,,confirmed,,,,,,,,,,,,,,,,,
MW_SRFA_2627_004,MW_SRFA,MW_2026_27,md_1,1,2026-05-30,,MW_CHL_001,MW_QAS_M1,MW_NY_M1,0,0,played,,facebook,,,,confirmed,,,,,,,,,,,,,,,,,
MW_SRFA_2627_005,MW_SRFA,MW_2026_27,md_1,1,2026-05-30,,MW_B_001,MW_EFC_M2,MW_TB_M1,2,1,played,,facebook,,,,confirmed,,,,,,,,,,,,,,,,,
MW_SRFA_2627_006,MW_SRFA,MW_2026_27,md_1,1,2026-05-31,,MW_B_001,MW_FCT_M1,MW_BULL_M2,2,0,played,,facebook,,,,confirmed,,,,,,,,,,,,,,,,,
MW_SRFA_2627_007,MW_SRFA,MW_2026_27,md_2,2,2026-06-06,,MW_B_001,MW_EFC_M2,MW_LBTY_M1,0,1,played,,facebook,,,,confirmed,,,,,,,,,,,,,,,,,
MW_SRFA_2627_008,MW_SRFA,MW_2026_27,md_2,2,2026-06-06,,MW_CHL_001,MW_TB_M1,MW_ZU_M1,1,1,played,,facebook,,,,confirmed,,,,,,,,,,,,,,,,,
MW_SRFA_2627_009,MW_SRFA,MW_2026_27,md_2,2,2026-06-06,,MW_THY_001,MW_CHIR_M1,MW_NY_M1,0,4,played,,facebook,,,,confirmed,,,,,,,,,,,,,,,,,
MW_SRFA_2627_010,MW_SRFA,MW_2026_27,md_2,2,2026-06-06,,MW_B_002,MW_BULL_M2,MW_MWU_M1,6,1,played,,facebook,,,,confirmed,,,,,,,,,,,,,,,,,
MW_SRFA_2627_011,MW_SRFA,MW_2026_27,md_2,2,2026-06-07,,MW_THY_001,MW_NCH_M1,MW_MW_M2,0,0,played,,facebook,,,,confirmed,,,,,,,,,,,,,,,,,
MW_SRFA_2627_012,MW_SRFA,MW_2026_27,md_2,2,2026-06-07,,MW_CHL_001,MW_QAS_M1,MW_MS_M1,0,1,played,,facebook,,,,confirmed,,,,,,,,,,,,,,,,,
MW_SRFA_2627_013,MW_SRFA,MW_2026_27,md_2,2,2026-06-07,,MW_B_001,MW_FCT_M1,MW_NFC_M1,4,0,played,,facebook,,,,confirmed,,,,,,,,,,,,,,,,,
MW_SRFA_2627_014,MW_SRFA,MW_2026_27,md_3,3,2026-06-12,,MW_B_001,MW_NFC_M1,MW_TB_M1,1,3,played,,facebook,,,,confirmed,,,,,,,,,,,,,,,,,
MW_SRFA_2627_015,MW_SRFA,MW_2026_27,md_3,3,2026-06-13,,MW_B_001,MW_LBTY_M1,MW_NCH_M1,2,0,played,,facebook,,,,confirmed,,,,,,,,,,,,,,,,,
MW_SRFA_2627_016,MW_SRFA,MW_2026_27,md_3,3,2026-06-13,,MW_CHL_001,MW_CFC_M1,MW_CHIR_M1,0,1,played,,facebook,,,,confirmed,,,,,,,,,,,,,,,,,
MW_SRFA_2627_017,MW_SRFA,MW_2026_27,md_3,3,2026-06-14,,MW_CHL_001,MW_IFC_M1,MW_MS_M1,1,0,played,,facebook,,,,confirmed,,,,,,,,,,,,,,,,,
MW_SRFA_2627_018,MW_SRFA,MW_2026_27,md_3,3,2026-06-14,,MW_B_001,MW_MW_M2,MW_EFC_M2,1,3,played,,facebook,,,,confirmed,,,,,,,,,,,,,,,,,
MW_SRFA_2627_019,MW_SRFA,MW_2026_27,md_3,3,2026-06-14,,MW_MW_001,MW_MWU_M1,MW_ZU_M1,2,0,played,,facebook,,,,confirmed,,,,,,,,,,,,,,,,,
MW_BDU14_2627_001,MW_BDU14,MW_2026_27,md_1,1,2026-08-17,13:00,MW_B_001,MW_KA_M1,MW_HEBW_M1,1,3,played,,reporter,"WhatsApp, https://www.facebook.com/share/p/14mkQs6uLL4/, https://www.facebook.com/share/p/1BjzxZQiMb/, https://www.facebook.com/share/p/1FKXRnrePx/, https://www.facebook.com/share/p/1JHCGufaD4/, https://www.facebook.com/share/p/1Ji22UtHN7/, https://www.facebook.com/share/p/19HX2XHAy6/, https://www.facebook.com/share/p/1M1bZ9KnBx/, https://www.facebook.com/share/p/1987LmAj8u/",MW_REP_001,2026-08-18T22:20:33.432057+00:00,confirmed,MW_REP_001,2026-08-18T22:20:33.432057+00:00,,,,,,,,,,,,,,,
MW_SRFA_2627_020,MW_SRFA,MW_2026_27,md_3,3,2026-06-15,,MW_B_001,MW_FCT_M1,MW_QAS_M1,4,1,played,,facebook,,,,confirmed,,,,,,,,,,,,,,,,,
MW_BDU14_2627_002,MW_BDU14,MW_2026_27,md_1,1,,,,MW_GR_M1,MW_SB_M1,1,1,played,,reporter,WhatsApp,MW_REP_001,2026-08-18T21:53:10.135791+00:00,confirmed,MW_REP_001,2026-08-18T21:53:10.135791+00:00,,,,,,,,,,,,,,,
MW_SRFA_2627_021,MW_SRFA,MW_2026_27,md_3,3,2026-06-18,,MW_CHL_001,MW_IFC_M1,MW_CFC_M1,1,0,played,,facebook,,,,confirmed,,,,,,,,,,,,,,,,,
MW_BDU14_2627_003,MW_BDU14,MW_2026_27,md_1,1,,,,MW_LB_M1,MW_LA_M1,4,1,played,,reporter,WhatsApp,MW_REP_001,2026-08-18T21:53:16.464884+00:00,confirmed,MW_REP_001,2026-08-18T21:53:16.464884+00:00,,,,,,,,,,,,,,,
MW_SRFA_2627_022,MW_SRFA,MW_2026_27,md_4,4,2026-06-20,,MW_B_001,MW_MW_M2,MW_LBTY_M1,1,0,played,,facebook,,,,confirmed,,,,,,,,,,,,,,,,,
MW_BDU14_2627_004,MW_BDU14,MW_2026_27,md_1,1,,,,MW_MTOPWA_M1,MW_NTH_ACA_M1,3,0,played,,reporter,WhatsApp,MW_REP_001,2026-08-18T21:53:21.48034+00:00,confirmed,MW_REP_001,2026-08-18T21:53:21.48034+00:00,,,,,,,,,,,,,,,
MW_SRFA_2627_023,MW_SRFA,MW_2026_27,md_4,4,2026-06-20,,MW_B_004,MW_ZU_M1,MW_CHIR_M1,2,1,played,,facebook,,,,confirmed,,,,,,,,,,,,,,,,,
MW_BDU14_2627_005,MW_BDU14,MW_2026_27,md_1,1,,,,MW_TACH_M1,MW_FU_M1,0,0,played,,reporter,WhatsApp,MW_REP_001,2026-08-18T21:53:24.610895+00:00,confirmed,MW_REP_001,2026-08-18T21:53:24.610895+00:00,,,,,,,,,,,,,,,
MW_SRFA_2627_024,MW_SRFA,MW_2026_27,md_4,4,2026-06-21,,MW_THY_001,MW_NCH_M1,MW_NY_M1,0,1,played,,facebook,,,,confirmed,,,,,,,,,,,,,,,,,
MW_BDU14_2627_006,MW_BDU14,MW_2026_27,md_1,1,,,,MW_ZA_M1,MW_ASSIMA_M1,0,1,played,,reporter,WhatsApp,MW_REP_001,2026-08-18T21:54:46.085467+00:00,confirmed,MW_REP_001,2026-08-18T21:54:46.085467+00:00,,,,,,,,,,,,,,,
MW_SRFA_2627_025,MW_SRFA,MW_2026_27,md_4,4,2026-06-21,,MW_MW_001,MW_MS_M1,MW_MWU_M1,2,1,played,,facebook,,,,confirmed,,,,,,,,,,,,,,,,,
MW_BDU14_2627_007,MW_BDU14,MW_2026_27,md_1,1,,,,MW_JA_M1,MW_BIA_M1,0,6,played,,reporter,WhatsApp,MW_REP_001,2026-08-18T21:54:31.569459+00:00,confirmed,MW_REP_001,2026-08-18T21:54:31.569459+00:00,,,,,,,,,,,,,,,
MW_SRFA_2627_026,MW_SRFA,MW_2026_27,md_4,4,2026-06-21,,MW_B_001,MW_EFC_M2,MW_FCT_M1,2,0,played,,facebook,,,,confirmed,,,,,,,,,,,,,,,,,
MW_BDU14_2627_008,MW_BDU14,MW_2026_27,md_1,1,,,,MW_RE_M1,MW_CHIG_M1,1,4,played,,reporter,WhatsApp,MW_REP_001,2026-08-18T21:54:40.272165+00:00,confirmed,MW_REP_001,2026-08-18T21:54:40.272165+00:00,,,,,,,,,,,,,,,
MW_SRFA_2627_027,MW_SRFA,MW_2026_27,md_4,4,2026-06-21,,MW_B_001,MW_QAS_M1,MW_CFC_M1,2,1,played,,facebook,,,,confirmed,,,,,,,,,,,,,,,,,
MW_BDU14_2627_009,MW_BDU14,MW_2026_27,md_2,2,,,,MW_SB_M1,MW_KA_M1,,,scheduled,,reporter,WhatsApp,,,unconfirmed,,,,,,,,,,,,,,,,,
MW_SRFA_2627_028,MW_SRFA,MW_2026_27,md_4,4,2026-06-22,,MW_CHL_001,MW_IFC_M1,MW_NFC_M1,2,2,played,,facebook,,,,confirmed,,,,,,,,,,,,,,,,,
MW_BDU14_2627_010,MW_BDU14,MW_2026_27,md_2,2,,,,MW_LA_M1,MW_HEBW_M1,,,scheduled,,reporter,WhatsApp,,,unconfirmed,,,,,,,,,,,,,,,,,
MW_SRFA_2627_029,MW_SRFA,MW_2026_27,md_4,4,2026-06-25,,MW_CHL_001,MW_CFC_M1,MW_MW_M2,0,1,played,,facebook,,,,confirmed,,,,,,,,,,,,,,,,,
MW_BDU14_2627_011,MW_BDU14,MW_2026_27,md_2,2,,,,MW_NTH_ACA_M1,MW_GR_M1,,,scheduled,,reporter,WhatsApp,,,unconfirmed,,,,,,,,,,,,,,,,,
MW_SRFA_2627_030,MW_SRFA,MW_2026_27,md_4,4,2026-06-26,,MW_B_001,MW_NFC_M1,MW_MWU_M1,1,1,played,,facebook,,,,confirmed,,,,,,,,,,,,,,,,,
MW_BDU14_2627_012,MW_BDU14,MW_2026_27,md_2,2,,,,MW_FU_M1,MW_LB_M1,,,scheduled,,reporter,WhatsApp,,,unconfirmed,,,,,,,,,,,,,,,,,
MW_SRFA_2627_031,MW_SRFA,MW_2026_27,md_5,5,2026-06-27,,MW_B_001,MW_LBTY_M1,MW_IFC_M1,1,2,played,,facebook,,,,confirmed,,,,,,,,,,,,,,,,,
MW_BDU14_2627_013,MW_BDU14,MW_2026_27,md_2,2,,,,MW_ASSIMA_M1,MW_MTOPWA_M1,,,scheduled,,reporter,WhatsApp,,,unconfirmed,,,,,,,,,,,,,,,,,
MW_SRFA_2627_032,MW_SRFA,MW_2026_27,md_5,5,2026-06-28,,MW_B_001,MW_EFC_M2,MW_ZU_M1,6,1,played,,facebook,,,,confirmed,,,,,,,,,,,,,,,,,
MW_BDU14_2627_014,MW_BDU14,MW_2026_27,md_2,2,,,,MW_CHIG_M1,MW_ZA_M1,,,scheduled,,reporter,WhatsApp,,,unconfirmed,,,,,,,,,,,,,,,,,
MW_SRFA_2627_033,MW_SRFA,MW_2026_27,md_5,5,2026-06-28,,MW_CRZ_001,MW_CHIR_M1,MW_BULL_M2,0,0,played,,facebook,,,,confirmed,,,,,,,,,,,,,,,,,
MW_BDU14_2627_015,MW_BDU14,MW_2026_27,md_2,2,,,,MW_RE_M1,MW_JA_M1,,,scheduled,,reporter,WhatsApp,,,unconfirmed,,,,,,,,,,,,,,,,,
MW_SRFA_2627_034,MW_SRFA,MW_2026_27,md_5,5,2026-06-28,,MW_CHL_001,MW_TB_M1,MW_MW_M2,2,1,played,,facebook,,,,confirmed,,,,,,,,,,,,,,,,,
MW_BDU14_2627_016,MW_BDU14,MW_2026_27,md_2,2,,,,MW_BIA_M1,MW_TACH_M1,,,scheduled,,reporter,WhatsApp,,,unconfirmed,,,,,,,,,,,,,,,,,
MW_SRFA_2627_035,MW_SRFA,MW_2026_27,md_5,5,2026-06-28,,MW_THY_001,MW_NCH_M1,MW_QAS_M1,2,1,played,,facebook,,,,confirmed,,,,,,,,,,,,,,,,,
MW_CRFA2_2627_023,MW_CRFA2,MW_2026_27,md_3,3,2026-08-02,,,MW_SALSPA_M1,MW_APOS_M1,4,1,played,,reporter,https://www.facebook.com/share/p/1JkkB3Sy4i/,MW_REP_001,2026-08-18T16:51:54.247939+00:00,confirmed,MW_REP_001,2026-08-18T16:51:54.247939+00:00,,,,,,,,,,,,,,,
MW_SRFA_2627_036,MW_SRFA,MW_2026_27,md_5,5,2026-06-29,,MW_B_002,MW_FCT_M1,MW_NY_M1,2,2,played,,facebook,,,,confirmed,,,,,,,,,,,,,,,,,
MW_CRFA2_2627_024,MW_CRFA2,MW_2026_27,md_3,3,2026-08-02,,,MW_LOBIYS_M1,MW_KASASUN_M1,3,0,played,,reporter,https://www.facebook.com/share/p/1JkkB3Sy4i/,MW_REP_001,2026-08-18T16:49:15.957037+00:00,confirmed,MW_REP_001,2026-08-18T16:49:15.957037+00:00,,,,,,,,,,,,,,,
MW_SRFA_2627_037,MW_SRFA,MW_2026_27,md_6,6,2026-07-04,,MW_B_004,MW_ZU_M1,MW_QAS_M1,2,1,played,,facebook,,,,confirmed,,,,,,,,,,,,,,,,,
MW_CRFA2_2627_025,MW_CRFA2,MW_2026_27,md_3,3,2026-08-02,,,MW_MPHA_M1,MW_SIMBI_M1,1,3,played,,reporter,https://www.facebook.com/share/p/1JkkB3Sy4i/,MW_REP_001,2026-08-18T16:49:21.503406+00:00,confirmed,MW_REP_001,2026-08-18T16:49:21.503406+00:00,,,,,,,,,,,,,,,
MW_SRFA_2627_038,MW_SRFA,MW_2026_27,md_6,6,2026-07-04,,MW_B_002,MW_NFC_M1,MW_EFC_M2,6,2,played,,facebook,,,,confirmed,,,,,,,,,,,,,,,,,
MW_CRFA2_2627_026,MW_CRFA2,MW_2026_27,md_3,3,2026-08-02,,,MW_MSPIRATE_M1,MW_YOUNGT_M1,2,1,played,,reporter,https://www.facebook.com/share/p/1JkkB3Sy4i/,MW_REP_001,2026-08-18T16:49:25.373292+00:00,confirmed,MW_REP_001,2026-08-18T16:49:25.373292+00:00,,,,,,,,,,,,,,,
MW_SRFA_2627_039,MW_SRFA,MW_2026_27,md_6,6,2026-07-04,,MW_B_001,MW_BULL_M2,MW_NY_M1,0,1,played,,facebook,,,,confirmed,,,,,,,,,,,,,,,,,
MW_CRFA2_2627_027,MW_CRFA2,MW_2026_27,md_3,3,2026-08-02,,,MW_MTHUN_M1,MW_ERGO_M1,3,2,played,,reporter,https://www.facebook.com/share/p/1JkkB3Sy4i/,MW_REP_001,2026-08-18T16:49:31.303975+00:00,confirmed,MW_REP_001,2026-08-18T16:49:31.303975+00:00,,,,,,,,,,,,,,,
MW_SRFA_2627_040,MW_SRFA,MW_2026_27,md_6,6,2026-07-04,,MW_CHL_001,MW_CFC_M1,MW_LBTY_M1,1,1,played,,facebook,,,,confirmed,,,,,,,,,,,,,,,,,
MW_CRFA2_2627_028,MW_CRFA2,MW_2026_27,md_3,3,2026-08-02,,,MW_DWANGWA_M1,MW_DYER_M1,9,2,played,,reporter,https://www.facebook.com/share/p/1JkkB3Sy4i/,MW_REP_001,2026-08-18T16:52:04.208641+00:00,confirmed,MW_REP_001,2026-08-18T16:52:04.208641+00:00,,,,,,,,,,,,,,,
MW_SRFA_2627_041,MW_SRFA,MW_2026_27,md_6,6,2026-07-05,,MW_CHL_001,MW_TB_M1,MW_NCH_M1,0,2,played,,facebook,,,,confirmed,,,,,,,,,,,,,,,,,
MW_CRFA2_2627_029,MW_CRFA2,MW_2026_27,md_3,3,2026-08-02,,,MW_CSU_M2,MW_BOBOMB_M1,4,2,played,,reporter,https://www.facebook.com/share/p/1JkkB3Sy4i/,MW_REP_001,2026-08-18T16:51:42.243906+00:00,confirmed,MW_REP_001,2026-08-18T16:51:42.243906+00:00,,,,,,,,,,,,,,,
MW_SRFA_2627_042,MW_SRFA,MW_2026_27,md_6,6,2026-07-05,,MW_CRZ_001,MW_CHIR_M1,MW_IFC_M1,0,1,played,,facebook,,,,confirmed,,,,,,,,,,,,,,,,,
MW_SRFA_2627_043,MW_SRFA,MW_2026_27,md_6,6,2026-07-05,,MW_B_002,MW_MW_M2,MW_MS_M1,2,3,played,,facebook,,,,confirmed,,,,,,,,,,,,,,,,,
MW_SRFA_2627_044,MW_SRFA,MW_2026_27,md_6,6,2026-07-06,,MW_B_001,MW_FCT_M1,MW_MWU_M1,1,0,played,,facebook,,,,confirmed,,,,,,,,,,,,,,,,,
MW_SRFA_2627_045,MW_SRFA,MW_2026_27,md_6,6,2026-07-08,,MW_CHL_001,MW_IFC_M1,MW_BULL_M2,2,1,played,,facebook,,,,confirmed,,,,,,,,,,,,,,,,,
MW_SRFA_2627_046,MW_SRFA,MW_2026_27,md_6,6,2026-07-09,,MW_B_002,MW_NFC_M1,MW_NY_M1,0,2,played,,facebook,,,,confirmed,,,,,,,,,,,,,,,,,
MW_SRFA_2627_047,MW_SRFA,MW_2026_27,md_6,6,2026-07-09,,MW_THY_001,MW_NCH_M1,MW_CHIR_M1,2,1,played,,facebook,,,,confirmed,,,,,,,,,,,,,,,,,
MW_SRFA_2627_048,MW_SRFA,MW_2026_27,md_7,7,2026-07-11,14:30:00,MW_B_002,MW_LBTY_M1,MW_QAS_M1,2,2,played,,facebook,https://www.facebook.com/share/p/1D2wnG5E9i/,,2026-07-14T00:00:00+00:00,confirmed,,,,,,,,,,,,,,,,,
MW_SRFA_2627_049,MW_SRFA,MW_2026_27,md_7,7,2026-07-11,11:00:00,MW_B_001,MW_EFC_M2,MW_MS_M1,3,0,played,,facebook,https://www.facebook.com/share/p/1D2wnG5E9i/,,2026-07-14T00:00:00+00:00,confirmed,,,,,,,,,,,,,,,,,
MW_SRFA_2627_050,MW_SRFA,MW_2026_27,md_7,7,2026-07-12,14:30:00,MW_B_004,MW_ZU_M1,MW_FCT_M1,0,0,played,,facebook,https://www.facebook.com/share/p/19H8iAq7RQ/,,2026-07-14T00:00:00+00:00,confirmed,,,,,,,,,,,,,,,,,
MW_SRFA_2627_051,MW_SRFA,MW_2026_27,md_7,7,2026-07-11,14:30:00,MW_CHL_001,MW_TB_M1,MW_CFC_M1,0,1,played,,facebook,https://www.facebook.com/share/p/1D2wnG5E9i/,,2026-07-14T00:00:00+00:00,confirmed,,,,,,,,,,,,,,,,,
MW_SRFA_2627_052,MW_SRFA,MW_2026_27,md_7,7,2026-07-12,14:30:00,MW_B_001,MW_BULL_M2,MW_NCH_M1,2,0,played,,facebook,https://www.facebook.com/share/p/19H8iAq7RQ/,,2026-07-14T00:00:00+00:00,confirmed,,,,,,,,,,,,,,,,,
MW_SRFA_2627_053,MW_SRFA,MW_2026_27,md_7,7,2026-07-12,14:30:00,MW_CHL_001,MW_IFC_M1,MW_MWU_M1,2,2,played,,facebook,https://www.facebook.com/share/p/19H8iAq7RQ/,,2026-07-14T00:00:00+00:00,confirmed,,,,,,,,,,,,,,,,,
MW_SRFA_2627_054,MW_SRFA,MW_2026_27,md_7,7,2026-07-12,,MW_CRZ_001,MW_CHIR_M1,MW_NFC_M1,,,postponed,,facebook,,,2026-07-14T00:00:00+00:00,confirmed,,,,,,,,,,,,,,,,,
MW_SRFA_2627_055,MW_SRFA,MW_2026_27,md_7,7,2026-07-13,14:30:00,MW_B_002,MW_NY_M1,MW_MW_M2,1,1,played,,facebook,https://www.facebook.com/share/p/1Lkk8rqp5z/,,2026-07-14T00:00:00+00:00,confirmed,,,,,,,,,,,,,,,,,
MW_SRFA2_2627_001,MW_SRFA2,MW_2026_27,md_1,1,2026-07-12,14:30:00,MW_LUCH_G,MW_MAS_M1,MW_PSS_M1,2,0,played,,facebook,https://www.facebook.com/share/p/1BtLvydany/,,2026-07-16T00:00:00+00:00,confirmed,,,,,,,,,,,,,,,,,
MW_U16_2627_001,MW_U16,MW_2026_27,md_1,1,2026-06-18,,,MW_U16_BLU,MW_U16_LLC,2,1,played,,placeholder,,,,confirmed,,,,,,,,,,,,,,,,,
MW_U16_2627_002,MW_U16,MW_2026_27,md_1,1,2026-06-18,,,MW_U16_MZU,MW_U16_ZOM,0,0,played,,placeholder,,,,confirmed,,,,,,,,,,,,,,,,,
MW_U16_2627_003,MW_U16,MW_2026_27,md_1,1,2026-06-18,,,MW_U16_BFC,MW_U16_SMU,1,1,played,,placeholder,,,,confirmed,,,,,,,,,,,,,,,,,
MW_U16_2627_004,MW_U16,MW_2026_27,md_1,1,2026-06-18,,,MW_U16_ZU,MW_U16_CWW,5,2,played,,placeholder,,,,confirmed,,,,,,,,,,,,,,,,,
MW_U16_2627_005,MW_U16,MW_2026_27,md_1,1,2026-06-18,,,MW_U16_LFC,MW_U16_MU,0,3,played,,placeholder,,,,confirmed,,,,,,,,,,,,,,,,,
MW_U16_2627_006,MW_U16,MW_2026_27,md_1,1,2026-06-18,,,MW_U16_MFC,MW_U16_LA,3,2,played,,placeholder,,,,confirmed,,,,,,,,,,,,,,,,,
MW_WP_2526_001,MW_WP,MW_2025_26,md_1,1,2025-07-26,,,MW_BULL_W1,MW_KNW_W1,0,1,played,,fa,,,,confirmed,,,,,,,,,,,,,,,,,
MW_WP_2526_002,MW_WP,MW_2025_26,md_1,1,2025-07-27,,,MW_MB_W1,MW_MW_W1,0,2,played,,fa,,,,confirmed,,,,,,,,,,,,,,,,,
MW_WP_2526_003,MW_WP,MW_2025_26,md_1,1,2025-07-27,,,MW_MDF_W1,MW_SS_W1,1,2,played,,fa,,,,confirmed,,,,,,,,,,,,,,,,,
MW_WP_2526_004,MW_WP,MW_2025_26,md_1,1,2025-07-27,,,MW_MKA_W1,MW_CSUW_W1,0,0,played,,fa,,,,confirmed,,,,,,,,,,,,,,,,,
MW_WP_2526_005,MW_WP,MW_2025_26,md_1,1,2025-07-27,,,MW_ASA_W1,MW_TA_W1,6,0,played,,fa,,,,confirmed,,,,,,,,,,,,,,,,,
MW_WP_2526_006,MW_WP,MW_2025_26,md_2,2,2025-08-02,,,MW_MW_W1,MW_ASA_W1,0,2,played,,fa,,,,confirmed,,,,,,,,,,,,,,,,,
MW_WP_2526_007,MW_WP,MW_2025_26,md_2,2,2025-08-02,,,MW_KNW_W1,MW_TA_W1,3,0,played,,fa,,,,confirmed,,,,,,,,,,,,,,,,,
MW_WP_2526_008,MW_WP,MW_2025_26,md_2,2,2025-08-03,,,MW_BULL_W1,MW_MKA_W1,3,0,played,,fa,,,,confirmed,,,,,,,,,,,,,,,,,
MW_WP_2526_009,MW_WP,MW_2025_26,md_2,2,2025-08-03,,,MW_CSUW_W1,MW_MDF_W1,0,0,played,,fa,,,,confirmed,,,,,,,,,,,,,,,,,
MW_WP_2526_010,MW_WP,MW_2025_26,md_2,2,2025-08-03,,,MW_SS_W1,MW_MB_W1,4,0,played,,fa,,,,confirmed,,,,,,,,,,,,,,,,,
MW_WP_2526_011,MW_WP,MW_2025_26,md_3,3,2025-08-09,,,MW_MDF_W1,MW_BULL_W1,1,1,played,,fa,,,,confirmed,,,,,,,,,,,,,,,,,
MW_WP_2526_012,MW_WP,MW_2025_26,md_3,3,2025-08-10,,,MW_TA_W1,MW_MW_W1,1,3,played,,fa,,,,confirmed,,,,,,,,,,,,,,,,,
MW_WP_2526_013,MW_WP,MW_2025_26,md_3,3,2025-08-10,,,MW_MB_W1,MW_CSUW_W1,1,1,played,,fa,,,,confirmed,,,,,,,,,,,,,,,,,
MW_WP_2526_014,MW_WP,MW_2025_26,md_3,3,2025-08-10,,,MW_ASA_W1,MW_SS_W1,1,2,played,,fa,,,,confirmed,,,,,,,,,,,,,,,,,
MW_WP_2526_015,MW_WP,MW_2025_26,md_3,3,2025-08-23,,,MW_MKA_W1,MW_KNW_W1,1,2,played,,fa,,,,confirmed,,,,,,,,,,,,,,,,,
MW_WP_2526_016,MW_WP,MW_2025_26,md_4,4,2025-08-15,,,MW_KNW_W1,MW_MW_W1,0,1,played,,fa,,,,confirmed,,,,,,,,,,,,,,,,,
MW_WP_2526_017,MW_WP,MW_2025_26,md_4,4,2025-08-16,,,MW_SS_W1,MW_TA_W1,6,1,played,,fa,,,,confirmed,,,,,,,,,,,,,,,,,
MW_WP_2526_018,MW_WP,MW_2025_26,md_4,4,2025-08-17,,,MW_MKA_W1,MW_MDF_W1,0,2,played,,fa,,,,confirmed,,,,,,,,,,,,,,,,,
MW_WP_2526_019,MW_WP,MW_2025_26,md_4,4,2025-08-17,,,MW_BULL_W1,MW_MB_W1,5,0,played,,fa,,,,confirmed,,,,,,,,,,,,,,,,,
MW_WP_2526_020,MW_WP,MW_2025_26,md_4,4,2025-08-17,,,MW_CSUW_W1,MW_ASA_W1,0,1,played,,fa,,,,confirmed,,,,,,,,,,,,,,,,,
MW_WP_2526_021,MW_WP,MW_2025_26,md_5,5,2025-09-06,,,MW_MB_W1,MW_MKA_W1,4,1,played,,fa,,,,confirmed,,,,,,,,,,,,,,,,,
MW_WP_2526_022,MW_WP,MW_2025_26,md_5,5,2025-09-06,,,MW_MDF_W1,MW_KNW_W1,2,0,played,,fa,,,,confirmed,,,,,,,,,,,,,,,,,
MW_WP_2526_023,MW_WP,MW_2025_26,md_5,5,2025-09-07,,,MW_MW_W1,MW_SS_W1,0,1,played,,fa,,,,confirmed,,,,,,,,,,,,,,,,,
MW_WP_2526_024,MW_WP,MW_2025_26,md_5,5,2025-09-07,,,MW_TA_W1,MW_CSUW_W1,0,4,played,,fa,,,,confirmed,,,,,,,,,,,,,,,,,
MW_WP_2526_025,MW_WP,MW_2025_26,md_5,5,2025-09-07,,,MW_ASA_W1,MW_BULL_W1,3,1,played,,fa,,,,confirmed,,,,,,,,,,,,,,,,,
MW_WP_2526_026,MW_WP,MW_2025_26,md_6,6,2025-09-13,,,MW_KNW_W1,MW_SS_W1,1,3,played,,fa,,,,confirmed,,,,,,,,,,,,,,,,,
MW_WP_2526_027,MW_WP,MW_2025_26,md_6,6,2025-10-04,,,MW_MDF_W1,MW_MB_W1,4,0,played,,fa,,,,confirmed,,,,,,,,,,,,,,,,,
MW_WP_2526_028,MW_WP,MW_2025_26,md_6,6,2025-10-04,,,MW_MKA_W1,MW_ASA_W1,0,0,played,,fa,,,,confirmed,,,,,,,,,,,,,,,,,
MW_WP_2526_029,MW_WP,MW_2025_26,md_6,6,2025-10-05,,,MW_CSUW_W1,MW_MW_W1,0,1,played,,fa,,,,confirmed,,,,,,,,,,,,,,,,,
MW_WP_2526_030,MW_WP,MW_2025_26,md_6,6,2025-10-07,,,MW_BULL_W1,MW_TA_W1,4,0,played,,fa,,,,confirmed,,,,,,,,,,,,,,,,,
MW_WP_2526_031,MW_WP,MW_2025_26,md_7,7,2025-10-11,,,MW_MB_W1,MW_KNW_W1,1,5,played,,fa,,,,confirmed,,,,,,,,,,,,,,,,,
MW_WP_2526_032,MW_WP,MW_2025_26,md_7,7,2025-10-11,,,MW_ASA_W1,MW_MDF_W1,2,0,played,,fa,,,,confirmed,,,,,,,,,,,,,,,,,
MW_WP_2526_033,MW_WP,MW_2025_26,md_7,7,2025-10-12,,,MW_MW_W1,MW_BULL_W1,0,1,played,,fa,,,,confirmed,,,,,,,,,,,,,,,,,
MW_WP_2526_034,MW_WP,MW_2025_26,md_7,7,2025-10-12,,,MW_TA_W1,MW_MKA_W1,1,1,played,,fa,,,,confirmed,,,,,,,,,,,,,,,,,
MW_WP_2526_035,MW_WP,MW_2025_26,md_7,7,2025-10-12,,,MW_SS_W1,MW_CSUW_W1,2,1,played,,fa,,,,confirmed,,,,,,,,,,,,,,,,,
MW_WP_2526_036,MW_WP,MW_2025_26,md_8,8,2025-10-15,,,MW_MB_W1,MW_ASA_W1,1,3,played,,fa,,,,confirmed,,,,,,,,,,,,,,,,,
MW_WP_2526_037,MW_WP,MW_2025_26,md_8,8,2025-10-15,,,MW_MDF_W1,MW_TA_W1,5,0,played,,fa,,,,confirmed,,,,,,,,,,,,,,,,,
MW_WP_2526_038,MW_WP,MW_2025_26,md_8,8,2025-10-15,,,MW_MKA_W1,MW_MW_W1,1,1,played,,fa,,,,confirmed,,,,,,,,,,,,,,,,,
MW_WP_2526_039,MW_WP,MW_2025_26,md_8,8,2025-10-15,,,MW_BULL_W1,MW_SS_W1,0,1,played,,fa,,,,confirmed,,,,,,,,,,,,,,,,,
MW_WP_2526_040,MW_WP,MW_2025_26,md_8,8,2025-10-15,,,MW_KNW_W1,MW_CSUW_W1,0,1,played,,fa,,,,confirmed,,,,,,,,,,,,,,,,,
MW_WP_2526_041,MW_WP,MW_2025_26,md_9,9,2025-11-02,,,MW_CSUW_W1,MW_BULL_W1,1,1,played,,fa,,,,confirmed,,,,,,,,,,,,,,,,,
MW_WP_2526_042,MW_WP,MW_2025_26,md_9,9,2025-11-02,,,MW_MW_W1,MW_MDF_W1,1,1,played,,fa,,,,confirmed,,,,,,,,,,,,,,,,,
MW_WP_2526_043,MW_WP,MW_2025_26,md_9,9,2025-11-02,,,MW_TA_W1,MW_MB_W1,1,1,played,,fa,,,,confirmed,,,,,,,,,,,,,,,,,
MW_WP_2526_044,MW_WP,MW_2025_26,md_9,9,2025-11-02,,,MW_SS_W1,MW_MKA_W1,7,0,played,,fa,,,,confirmed,,,,,,,,,,,,,,,,,
MW_WP_2526_045,MW_WP,MW_2025_26,md_9,9,2025-11-02,,,MW_ASA_W1,MW_KNW_W1,1,1,played,,fa,,,,confirmed,,,,,,,,,,,,,,,,,
MW_WP_2526_046,MW_WP,MW_2025_26,md_10,10,2025-11-15,,,MW_TA_W1,MW_ASA_W1,0,3,played,,fa,,,,confirmed,,,,,,,,,,,,,,,,,
MW_WP_2526_047,MW_WP,MW_2025_26,md_10,10,2025-11-15,,,MW_MW_W1,MW_MB_W1,4,0,played,,fa,,,,confirmed,,,,,,,,,,,,,,,,,
MW_WP_2526_048,MW_WP,MW_2025_26,md_10,10,2025-11-15,,,MW_KNW_W1,MW_BULL_W1,0,0,played,,fa,,,,confirmed,,,,,,,,,,,,,,,,,
MW_WP_2526_049,MW_WP,MW_2025_26,md_10,10,2025-11-15,,,MW_CSUW_W1,MW_MKA_W1,2,0,played,,fa,,,,confirmed,,,,,,,,,,,,,,,,,
MW_WP_2526_050,MW_WP,MW_2025_26,md_10,10,2025-11-17,,,MW_SS_W1,MW_MDF_W1,1,2,played,,fa,,,,confirmed,,,,,,,,,,,,,,,,,
MW_WP_2526_051,MW_WP,MW_2025_26,md_11,11,2025-11-21,,,MW_MKA_W1,MW_BULL_W1,0,2,played,,fa,,,,confirmed,,,,,,,,,,,,,,,,,
MW_WP_2526_052,MW_WP,MW_2025_26,md_11,11,2025-11-22,,,MW_MDF_W1,MW_CSUW_W1,1,2,played,,fa,,,,confirmed,,,,,,,,,,,,,,,,,
MW_WP_2526_053,MW_WP,MW_2025_26,md_11,11,2025-11-22,,,MW_TA_W1,MW_KNW_W1,2,2,played,,fa,,,,confirmed,,,,,,,,,,,,,,,,,
MW_WP_2526_054,MW_WP,MW_2025_26,md_11,11,2025-11-22,,,MW_ASA_W1,MW_MW_W1,3,1,played,,fa,,,,confirmed,,,,,,,,,,,,,,,,,
MW_WP_2526_055,MW_WP,MW_2025_26,md_11,11,2025-11-23,,,MW_MB_W1,MW_SS_W1,0,6,played,,fa,,,,confirmed,,,,,,,,,,,,,,,,,
MW_WP_2526_056,MW_WP,MW_2025_26,md_12,12,2025-12-06,,,MW_KNW_W1,MW_MKA_W1,3,0,played,,fa,,,,confirmed,,,,,,,,,,,,,,,,,
MW_WP_2526_057,MW_WP,MW_2025_26,md_12,12,2025-12-06,,,MW_MW_W1,MW_TA_W1,2,0,played,,fa,,,,confirmed,,,,,,,,,,,,,,,,,
MW_WP_2526_058,MW_WP,MW_2025_26,md_12,12,2025-12-06,,,MW_SS_W1,MW_ASA_W1,2,0,played,,fa,,,,confirmed,,,,,,,,,,,,,,,,,
MW_WP_2526_059,MW_WP,MW_2025_26,md_12,12,2025-12-06,,,MW_CSUW_W1,MW_MB_W1,3,1,played,,fa,,,,confirmed,,,,,,,,,,,,,,,,,
MW_WP_2526_060,MW_WP,MW_2025_26,md_12,12,2025-12-06,,,MW_BULL_W1,MW_MDF_W1,1,1,played,,fa,,,,confirmed,,,,,,,,,,,,,,,,,
MW_WP_2526_061,MW_WP,MW_2025_26,md_13,13,2025-12-13,,,MW_MDF_W1,MW_MKA_W1,3,0,played,,fa,,,,confirmed,,,,,,,,,,,,,,,,,
MW_WP_2526_062,MW_WP,MW_2025_26,md_13,13,2025-12-13,,,MW_MB_W1,MW_BULL_W1,1,2,played,,fa,,,,confirmed,,,,,,,,,,,,,,,,,
MW_WP_2526_063,MW_WP,MW_2025_26,md_13,13,2025-12-13,,,MW_MW_W1,MW_KNW_W1,0,1,played,,fa,,,,confirmed,,,,,,,,,,,,,,,,,
MW_WP_2526_064,MW_WP,MW_2025_26,md_13,13,2025-12-14,,,MW_ASA_W1,MW_CSUW_W1,1,0,played,,fa,,,,confirmed,,,,,,,,,,,,,,,,,
MW_WP_2526_065,MW_WP,MW_2025_26,md_13,13,2025-12-14,,,MW_TA_W1,MW_SS_W1,0,2,played,,fa,,,,confirmed,,,,,,,,,,,,,,,,,
MW_WP_2526_066,MW_WP,MW_2025_26,md_14,14,2025-12-20,,,MW_BULL_W1,MW_ASA_W1,2,1,played,,fa,,,,confirmed,,,,,,,,,,,,,,,,,
MW_WP_2526_067,MW_WP,MW_2025_26,md_14,14,2025-12-20,,,MW_SS_W1,MW_MW_W1,2,0,played,,fa,,,,confirmed,,,,,,,,,,,,,,,,,
MW_WP_2526_068,MW_WP,MW_2025_26,md_14,14,2025-12-20,,,MW_CSUW_W1,MW_TA_W1,2,0,played,,fa,,,,confirmed,,,,,,,,,,,,,,,,,
MW_WP_2526_069,MW_WP,MW_2025_26,md_14,14,2025-12-20,,,MW_MKA_W1,MW_MB_W1,1,0,played,,fa,,,,confirmed,,,,,,,,,,,,,,,,,
MW_WP_2526_070,MW_WP,MW_2025_26,md_14,14,2025-12-21,,,MW_KNW_W1,MW_MDF_W1,2,0,played,,fa,,,,confirmed,,,,,,,,,,,,,,,,,
MW_WP_2526_071,MW_WP,MW_2025_26,md_15,15,2025-12-28,,,MW_MB_W1,MW_MDF_W1,0,4,played,,fa,,,,confirmed,,,,,,,,,,,,,,,,,
MW_WP_2526_072,MW_WP,MW_2025_26,md_15,15,2025-12-28,,,MW_ASA_W1,MW_MKA_W1,3,0,played,,fa,,,,confirmed,,,,,,,,,,,,,,,,,
MW_WP_2526_073,MW_WP,MW_2025_26,md_15,15,2025-12-28,,,MW_TA_W1,MW_BULL_W1,1,2,played,,fa,,,,confirmed,,,,,,,,,,,,,,,,,
MW_WP_2526_074,MW_WP,MW_2025_26,md_15,15,2025-12-28,,,MW_MW_W1,MW_CSUW_W1,2,0,played,,fa,,,,confirmed,,,,,,,,,,,,,,,,,
MW_WP_2526_075,MW_WP,MW_2025_26,md_15,15,2025-12-28,,,MW_SS_W1,MW_KNW_W1,4,0,played,,fa,,,,confirmed,,,,,,,,,,,,,,,,,
MW_WP_2526_076,MW_WP,MW_2025_26,md_16,16,2026-01-03,,,MW_MDF_W1,MW_ASA_W1,0,3,played,,fa,,,,confirmed,,,,,,,,,,,,,,,,,
MW_WP_2526_077,MW_WP,MW_2025_26,md_16,16,2026-01-03,,,MW_KNW_W1,MW_MB_W1,4,0,played,,fa,,,,confirmed,,,,,,,,,,,,,,,,,
MW_WP_2526_078,MW_WP,MW_2025_26,md_16,16,2026-01-03,,,MW_CSUW_W1,MW_SS_W1,2,0,played,,fa,,,,confirmed,,,,,,,,,,,,,,,,,
MW_WP_2526_079,MW_WP,MW_2025_26,md_16,16,2026-01-03,,,MW_BULL_W1,MW_MW_W1,1,0,played,,fa,,,,confirmed,,,,,,,,,,,,,,,,,
MW_WP_2526_080,MW_WP,MW_2025_26,md_16,16,2026-01-03,,,MW_MKA_W1,MW_TA_W1,1,2,played,,fa,,,,confirmed,,,,,,,,,,,,,,,,,
MW_WP_2526_081,MW_WP,MW_2025_26,md_17,17,2026-01-15,,,MW_MB_W1,MW_TA_W1,0,1,played,,fa,,,,confirmed,,,,,,,,,,,,,,,,,
MW_WP_2526_082,MW_WP,MW_2025_26,md_17,17,2026-01-15,,,MW_KNW_W1,MW_ASA_W1,1,3,played,,fa,,,,confirmed,,,,,,,,,,,,,,,,,
MW_WP_2526_083,MW_WP,MW_2025_26,md_17,17,2026-01-15,,,MW_BULL_W1,MW_CSUW_W1,0,1,played,,fa,,,,confirmed,,,,,,,,,,,,,,,,,
MW_WP_2526_084,MW_WP,MW_2025_26,md_17,17,2026-01-15,,,MW_MKA_W1,MW_SS_W1,0,10,played,,fa,,,,confirmed,,,,,,,,,,,,,,,,,
MW_WP_2526_085,MW_WP,MW_2025_26,md_17,17,2026-01-15,,,MW_MDF_W1,MW_MW_W1,1,0,played,,fa,,,,confirmed,,,,,,,,,,,,,,,,,
MW_WP_2526_086,MW_WP,MW_2025_26,md_18,18,2026-01-25,,,MW_ASA_W1,MW_MB_W1,15,0,played,,fa,,,,confirmed,,,,,,,,,,,,,,,,,
MW_WP_2526_087,MW_WP,MW_2025_26,md_18,18,2026-01-25,,,MW_TA_W1,MW_MDF_W1,0,4,played,,fa,,,,confirmed,,,,,,,,,,,,,,,,,
MW_WP_2526_088,MW_WP,MW_2025_26,md_18,18,2026-01-25,,,MW_MW_W1,MW_MKA_W1,3,0,played,,fa,,,,confirmed,,,,,,,,,,,,,,,,,
MW_WP_2526_089,MW_WP,MW_2025_26,md_18,18,2026-01-25,,,MW_SS_W1,MW_BULL_W1,2,1,played,,fa,,,,confirmed,,,,,,,,,,,,,,,,,
MW_WP_2526_090,MW_WP,MW_2025_26,md_18,18,2026-01-25,,,MW_CSUW_W1,MW_KNW_W1,0,0,played,,fa,,,,confirmed,,,,,,,,,,,,,,,,,
MW_NDL_2627_043,MW_NDL,MW_2026_27,md_8,8,2026-07-17,14:30:00,MW_B_001,MW_BAS_M1,MW_CB_M1,2,0,played,,facebook,https://www.facebook.com/share/p/19LQR4ZBQX/,,2026-07-19T10:02:41+00:00,confirmed,,,,,,,,,,,,,,,,,
MW_NDL_2627_044,MW_NDL,MW_2026_27,md_8,8,2026-07-18,14:30:00,MW_Z_001,MW_NS_M1,MW_EXFC_M1,0,0,played,,facebook,https://www.facebook.com/share/p/1BFsMgVzk3/,,2026-07-19T10:03:13+00:00,confirmed,,,,,,,,,,,,,,,,,
MW_NDL_2627_045,MW_NDL,MW_2026_27,md_8,8,2026-07-18,14:30:00,MW_B_001,MW_MT_M1,MW_SBU_M1,1,2,played,,facebook,https://www.facebook.com/share/p/1BFsMgVzk3/,,2026-07-19T10:03:44+00:00,confirmed,,,,,,,,,,,,,,,,,
MW_NDL_2627_046,MW_NDL,MW_2026_27,md_8,8,2026-07-19,14:30:00,MW_MCJ_003,MW_NZ_M1,MW_NU_M1,2,1,played,,facebook,https://www.facebook.com/share/p/1BmtFgaPSh/,,2026-07-19T18:35:38+00:00,confirmed,,,,,,,,,,,,,,,,,
MW_NDL_2627_047,MW_NDL,MW_2026_27,md_8,8,2026-07-19,14:30:00,MW_MU_001,MW_FFC_M1,MW_MCH_M1,1,2,played,,facebook,https://www.facebook.com/share/p/1BmtFgaPSh/,,2026-07-19T18:37:06+00:00,confirmed,,,,,,,,,,,,,,,,,
MW_NDL_2627_048,MW_NDL,MW_2026_27,md_8,8,2026-07-20,14:30:00,MW_B_001,MW_CBWE_M1,MW_EU_M1,3,0,played,,facebook,https://www.facebook.com/share/p/1EBEmYSpGh/,,2026-07-20T17:10:43+00:00,confirmed,,,,,,,,,,,,,,,,,
MW_SRFA2_2627_003,MW_SRFA2,MW_2026_27,md_1,1,2026-07-19,14:30:00,MW_MBULU_1,MW_POYA_M1,MW_MYS_M1,3,1,played,,facebook,https://www.facebook.com/share/p/14qnpMCwqTQ/,,2026-07-19T18:39:08+00:00,confirmed,,,,,,,,,,,,,,,,,
MW_SRFA2_2627_004,MW_SRFA2,MW_2026_27,md_1,1,2026-07-20,14:30:00,MW_B_002,MW_PSS_M1,MW_LIM_M1,2,1,played,,facebook,https://www.facebook.com/share/p/195vpJ3WLr/,,2026-07-20T17:16:12+00:00,confirmed,,,,,,,,,,,,,,,,,
MW_SRFA2_2627_005,MW_SRFA2,MW_2026_27,md_1,1,2026-07-20,11:00:00,MW_B_001,MW_MICH_M1,MW_LUN_M1,2,1,played,,facebook,https://www.facebook.com/share/p/195vpJ3WLr/,,2026-07-20T17:15:51+00:00,confirmed,,,,,,,,,,,,,,,,,
MW_SRFA_2627_056,MW_SRFA,MW_2026_27,md_8,8,2026-07-17,11:00:00,MW_B_001,MW_NFC_M1,MW_MW_M2,1,2,played,,facebook,https://www.facebook.com/share/p/192H3WC6DR/,,2026-07-18T15:49:39+00:00,confirmed,,,,,,,,,,,,,,,,,
MW_SRFA_2627_057,MW_SRFA,MW_2026_27,md_8,8,2026-07-18,14:30:00,MW_B_002,MW_BULL_M2,MW_QAS_M1,4,0,played,,facebook,https://www.facebook.com/share/p/1DbW4CWYXX/,,2026-07-19T09:53:39+00:00,confirmed,,,,,,,,,,,,,,,,,
MW_SRFA_2627_058,MW_SRFA,MW_2026_27,md_8,8,2026-07-18,11:00:00,MW_B_001,MW_LBTY_M1,MW_MWU_M1,3,2,played,,facebook,https://www.facebook.com/share/p/1DbW4CWYXX/,,2026-07-19T09:53:12+00:00,confirmed,,,,,,,,,,,,,,,,,
MW_SRFA_2627_059,MW_SRFA,MW_2026_27,md_8,8,2026-07-18,14:30:00,MW_CRZ_001,MW_CHIR_M1,MW_FCT_M1,0,2,played,,facebook,https://www.facebook.com/share/p/1DbW4CWYXX/,,2026-07-19T09:53:56+00:00,confirmed,,,,,,,,,,,,,,,,,
MW_SRFA_2627_060,MW_SRFA,MW_2026_27,md_8,8,2026-07-19,11:00:00,MW_B_001,MW_EFC_M2,MW_IFC_M1,3,0,played,,facebook,https://www.facebook.com/share/p/19EAXvLbTc/,,2026-07-19T18:40:29+00:00,confirmed,,,,,,,,,,,,,,,,,
MW_SRFA_2627_061,MW_SRFA,MW_2026_27,md_8,8,2026-07-19,14:30:00,MW_THY_001,MW_NCH_M1,MW_MS_M1,1,1,played,,facebook,https://www.facebook.com/share/p/19EAXvLbTc/,,2026-07-19T18:40:45+00:00,confirmed,,,,,,,,,,,,,,,,,
MW_SRFA_2627_062,MW_SRFA,MW_2026_27,md_8,8,2026-07-19,14:30:00,MW_CHL_001,MW_CFC_M1,MW_ZU_M1,0,0,played,,facebook,https://www.facebook.com/share/p/19EAXvLbTc/,,2026-07-19T18:40:59+00:00,confirmed,,,,,,,,,,,,,,,,,
MW_KU19_2627_015,MW_KU19,MW_2026_27,md_3,3,2026-07-18,8:00,MW_CHIWE,MW_RU_MU19,MW_BIA_MU19,2,2,played,,reporter,https://www.facebook.com/share/p/18y5Ykd4oU/,MW_REP_001,2026-08-16T00:40:27.274901+00:00,confirmed,MW_REP_001,2026-08-16T00:40:27.274901+00:00,,,,,,,,,,,,,,,
MW_KU19_2627_016,MW_KU19,MW_2026_27,md_3,3,2026-07-18,9:30:00,MW_CHIWE,MW_YY_MU19,MW_SM_MU19,0,0,played,,reporter,https://www.facebook.com/share/p/18y5Ykd4oU/,MW_REP_001,2026-08-16T00:40:46.364443+00:00,confirmed,MW_REP_001,2026-08-16T00:40:46.364443+00:00,,,,,,,,,,,,,,,
MW_KU19_2627_017,MW_KU19,MW_2026_27,md_3,3,2026-07-18,8:00,MW_B_002,MW_ND_MU19,MW_CCS_MU19,2,1,played,,reporter,https://www.facebook.com/share/p/18y5Ykd4oU/,MW_REP_001,2026-08-16T00:41:25.690937+00:00,confirmed,MW_REP_001,2026-08-16T00:41:25.690937+00:00,,,,,,,,,,,,,,,
MW_KU19_2627_018,MW_KU19,MW_2026_27,md_3,3,2026-07-18,9:30:00,MW_B_002,MW_AS_MU19,MW_MM_MU19,1,0,played,,reporter,https://www.facebook.com/share/p/18y5Ykd4oU/,MW_REP_001,2026-08-16T00:41:43.266976+00:00,confirmed,MW_REP_001,2026-08-16T00:41:43.266976+00:00,,,,,,,,,,,,,,,
MW_KU19_2627_019,MW_KU19,MW_2026_27,md_3,3,2026-07-19,8:00,MW_CHIWE,MW_BULL_U19,MW_NU_MU19,1,0,played,,reporter,https://www.facebook.com/share/p/1AkgfmfRaN/,MW_REP_001,2026-08-16T00:42:01.573929+00:00,confirmed,MW_REP_001,2026-08-16T00:42:01.573929+00:00,,,,,,,,,,,,,,,
MW_KU19_2627_020,MW_KU19,MW_2026_27,md_3,3,2026-07-19,9:30:00,MW_CHIWE,MW_EH_MU19,MW_EFC_U19,0,2,played,,reporter,https://www.facebook.com/share/p/1AkgfmfRaN/,MW_REP_001,2026-08-16T00:42:42.893769+00:00,confirmed,MW_REP_001,2026-08-16T00:42:42.893769+00:00,,,,,,,,,,,,,,,
MW_KU19_2627_021,MW_KU19,MW_2026_27,md_3,3,2026-07-19,8:00,MW_B_002,MW_GS_MU19,MW_MW_U19,0,1,played,,reporter,https://www.facebook.com/share/p/1AkgfmfRaN/,MW_REP_001,2026-08-16T00:42:24.951302+00:00,confirmed,MW_REP_001,2026-08-16T00:42:24.951302+00:00,,,,,,,,,,,,,,,
MW_CRFA_2627_015,MW_CRFA,MW_2026_27,md_4,4,2026-07-15,,MW_MCJ_004,MW_MV_M1,MW_KFC_M1,2,1,played,,facebook,,,2026-07-16T01:28:00+00:00,confirmed,,,,,,,,,,,,,,,,,
MW_CRFA_2627_016,MW_CRFA,MW_2026_27,md_5,5,2026-07-19,14:30:00,MW_MALINJ,MW_NAA_M1,MW_MPFC_M1,,,scheduled,,facebook,,,2026-07-16T01:35:00+00:00,confirmed,,,,,,,,,,,,,,,,,
MW_CRFA_2627_017,MW_CRFA,MW_2026_27,md_5,5,2026-07-18,14:30:00,MW_GOLF_C,MW_LFC_M1,MW_AB_M1,3,1,played,,facebook,https://www.facebook.com/share/p/195DjCbnWo/,,2026-07-19T09:50:50+00:00,confirmed,,,,,,,,,,,,,,,,,
MW_CRFA_2627_018,MW_CRFA,MW_2026_27,md_5,5,2026-07-19,14:30:00,MW_MCJ_004,MW_MV_M1,MW_MC_M1,,,scheduled,,facebook,,,2026-07-16T01:35:00+00:00,confirmed,,,,,,,,,,,,,,,,,
MW_CRFA_2627_019,MW_CRFA,MW_2026_27,md_5,5,2026-07-19,14:30:00,MW_ADL_G,MW_SS_M2,MW_BLUE_M2,1,0,played,,facebook,https://www.facebook.com/share/p/1AGTQK4Ldq/,,2026-07-26T22:56:42+00:00,confirmed,,,,,,,,,,,,,,,,,
MW_CRFA_2627_020,MW_CRFA,MW_2026_27,md_5,5,2026-07-19,14:30:00,MW_CHAIMA,MW_SA_M1,MW_PFC_M1,,,scheduled,,facebook,,,2026-07-16T01:35:00+00:00,confirmed,,,,,,,,,,,,,,,,,
MW_CRFA_2627_021,MW_CRFA,MW_2026_27,md_5,5,2026-07-19,14:30:00,MW_CHIVALA,MW_CSFC_M1,MW_MCHS_M1,,,scheduled,,facebook,,,2026-07-16T01:35:00+00:00,confirmed,,,,,,,,,,,,,,,,,
MW_CRFA_2627_022,MW_CRFA,MW_2026_27,md_2,2,2026-07-12,,MW_MANGO,MW_AB_M1,MW_BLUE_M2,0,2,played,,facebook,https://www.facebook.com/share/p/18uEhFeVVz/,,2026-07-16T01:44:00+00:00,confirmed,,,,,,,,,,,,,,,,,
MW_CRFA_2627_023,MW_CRFA,MW_2026_27,md_2,2,2026-07-12,,MW_MPON_CG,MW_MPFC_M1,MW_TNS_M1,2,0,played,,facebook,https://www.facebook.com/share/p/18uEhFeVVz/,,2026-07-16T01:44:00+00:00,confirmed,,,,,,,,,,,,,,,,,
MW_CRFA_2627_024,MW_CRFA,MW_2026_27,md_2,2,2026-07-12,,MW_KAMIRA,MW_MC_M1,MW_MU_M1,2,0,played,,facebook,https://www.facebook.com/share/p/18uEhFeVVz/,,2026-07-16T01:44:00+00:00,confirmed,,,,,,,,,,,,,,,,,
MW_CRFA_2627_025,MW_CRFA,MW_2026_27,md_2,2,2026-07-12,,,MW_NAA_M1,MW_MCHS_M1,1,0,played,,facebook,https://www.facebook.com/share/p/18uEhFeVVz/,,2026-07-16T01:44:00+00:00,confirmed,,,,,,,,,,,,,,,,,
MW_CRFA_2627_026,MW_CRFA,MW_2026_27,md_2,2,2026-07-11,,MW_ADL_G,MW_SS_M2,MW_SA_M1,1,0,played,,facebook,https://www.facebook.com/share/p/18uEhFeVVz/,,2026-07-16T01:48:00+00:00,confirmed,,,,,,,,,,,,,,,,,
MW_CRFA_2627_027,MW_CRFA,MW_2026_27,md_3,3,2026-07-05,,MW_KAMIRA,MW_MC_M1,MW_MPFC_M1,0,1,played,,facebook,https://www.facebook.com/share/p/18uEhFeVVz/,,2026-07-16T01:52:00+00:00,confirmed,,,,,,,,,,,,,,,,,
MW_CRFA_2627_028,MW_CRFA,MW_2026_27,md_3,3,2026-07-05,,MW_AIR,MW_MU_M1,MW_AB_M1,1,3,played,,facebook,https://www.facebook.com/share/p/18uEhFeVVz/,,2026-07-16T01:52:00+00:00,confirmed,,,,,,,,,,,,,,,,,
MW_CRFA_2627_029,MW_CRFA,MW_2026_27,md_3,3,2026-07-05,,MW_DOW_001,MW_KFC_M1,MW_SA_M1,2,1,played,,facebook,https://www.facebook.com/share/p/18uEhFeVVz/,,2026-07-16T01:52:00+00:00,confirmed,,,,,,,,,,,,,,,,,
MW_CRFA_2627_030,MW_CRFA,MW_2026_27,md_3,3,2026-07-05,,MW_LIN_SEC,MW_CSFC_M1,MW_SS_M2,0,0,played,,facebook,https://www.facebook.com/share/p/18uEhFeVVz/,,2026-07-16T01:52:00+00:00,confirmed,,,,,,,,,,,,,,,,,
MW_CRFA_2627_031,MW_CRFA,MW_2026_27,md_3,3,2026-07-05,,MW_MBAZI,MW_PFC_M1,MW_LFC_M1,3,1,played,,facebook,https://www.facebook.com/share/p/18uEhFeVVz/,,2026-07-16T01:52:00+00:00,confirmed,,,,,,,,,,,,,,,,,
MW_NRFA_2627_008,MW_NRFA,MW_2026_27,md_2,2,2026-07-18,14:30:00,MW_LUZI,MW_CHIP_M1,MW_LVFC_M1,3,1,played,,facebook,https://www.facebook.com/share/p/1GcYb7WmD2/,,2026-07-19T09:39:19+00:00,confirmed,,,,,,,,,,,,,,,,,
MW_NRFA_2627_009,MW_NRFA,MW_2026_27,md_2,2,2026-07-18,14:30:00,MW_JENDA,MW_JU_M1,MW_MMW_M1,0,0,played,,facebook,https://www.facebook.com/share/p/1GcYb7WmD2/,,2026-07-19T09:40:13+00:00,confirmed,,,,,,,,,,,,,,,,,
MW_NRFA_2627_010,MW_NRFA,MW_2026_27,md_2,2,2026-07-18,14:30:00,MW_EUTHINI,MW_EV_M1,MW_CHB_M1,1,1,played,,facebook,https://www.facebook.com/share/p/1GcYb7WmD2/,,2026-07-19T09:42:31+00:00,confirmed,,,,,,,,,,,,,,,,,
MW_NRFA_2627_011,MW_NRFA,MW_2026_27,md_2,2,2026-07-18,14:30:00,MW_EKWEN_CG,MW_EKW_M1,MW_CRS_M1,1,2,played,,facebook,https://www.facebook.com/share/p/1GcYb7WmD2/,,2026-07-19T09:43:57+00:00,confirmed,,,,,,,,,,,,,,,,,
MW_NRFA_2627_012,MW_NRFA,MW_2026_27,md_2,2,2026-07-19,14:30:00,MW_CHIB_G,MW_LUMA_M1,MW_VSA_M1,4,3,played,,facebook,https://www.facebook.com/share/p/1GNxrAWH61/,,2026-07-19T18:44:10+00:00,confirmed,,,,,,,,,,,,,,,,,
MW_NRFA_2627_013,MW_NRFA,MW_2026_27,md_2,2,2026-07-19,14:30:00,MW_RAIPLY,MW_RFC_M1,MW_CHIN_M1,3,3,played,,facebook,https://www.facebook.com/share/p/1GNxrAWH61/,,2026-07-19T18:45:52+00:00,confirmed,,,,,,,,,,,,,,,,,
MW_NRFA_2627_014,MW_NRFA,MW_2026_27,md_2,2,2026-07-19,14:30:00,MW_FUKA_G,MW_MAFU_M1,MW_CZU_M1,1,0,played,,facebook,https://www.facebook.com/share/p/1GNxrAWH61/,,2026-07-19T18:49:37+00:00,confirmed,,,,,,,,,,,,,,,,,
MW_SRFA_2627_063,MW_SRFA,MW_2026_27,md_8,8,2026-07-18,,MW_CHL_001,MW_TB_M1,MW_NY_M1,0,1,played,,facebook,https://www.facebook.com/share/p/1DbW4CWYXX/,,2026-07-19T09:56:38+00:00,confirmed,,,,,,,,,,,,,,,,,
MW_NDL_2627_049,MW_NDL,MW_2026_27,md_9,9,2026-07-25,14:30,MW_B_001,MW_NS_M1,MW_BAS_M1,1,1,played,,facebook,https://www.facebook.com/share/p/1D31fc5cun/,,2026-07-26T21:44:11+00:00,confirmed,,,,,,,,,,,,,,,,,
MW_NDL_2627_050,MW_NDL,MW_2026_27,md_9,9,2026-07-25,14:30,MW_MZ_001,MW_EU_M1,MW_MT_M1,3,1,played,,facebook,https://www.facebook.com/share/p/1D31fc5cun/,,2026-07-26T21:45:34+00:00,confirmed,,,,,,,,,,,,,,,,,
MW_NDL_2627_051,MW_NDL,MW_2026_27,md_9,9,2026-07-25,14:30,MW_KAR_001,MW_SBU_M1,MW_FFC_M1,2,1,played,,facebook,https://www.facebook.com/share/p/1D31fc5cun/,,2026-07-26T21:46:49+00:00,confirmed,,,,,,,,,,,,,,,,,
MW_NDL_2627_052,MW_NDL,MW_2026_27,md_9,9,2026-07-26,14:30,MW_MCJ_002,MW_EXFC_M1,MW_CBWE_M1,1,0,played,,facebook,https://www.facebook.com/share/p/19Kfi4niaT/,,2026-07-26T21:47:27+00:00,confirmed,,,,,,,,,,,,,,,,,
MW_NDL_2627_053,MW_NDL,MW_2026_27,md_9,9,2026-07-26,14:30,MW_RU_001,MW_MCH_M1,MW_NZ_M1,0,0,played,,facebook,https://www.facebook.com/share/p/19Kfi4niaT/,,2026-07-26T21:47:41+00:00,confirmed,,,,,,,,,,,,,,,,,
MW_NDL_2627_054,MW_NDL,MW_2026_27,md_9,9,2026-07-26,14:30,MW_BAL_001,MW_NU_M1,MW_CB_M1,1,0,played,,facebook,https://www.facebook.com/share/p/19Kfi4niaT/,,2026-07-26T21:48:14+00:00,confirmed,,,,,,,,,,,,,,,,,
MW_NRFA_2627_015,MW_NRFA,MW_2026_27,md_3,3,2026-07-28,14:30,MW_CHITE_G,MW_CZU_M1,MW_RFC_M1,1,0,played,,facebook,https://www.facebook.com/share/p/19Eqfkcjsi/,,2026-07-29T08:07:56+00:00,confirmed,,,,,,,,,,,,,,,,,
MW_NRFA_2627_016,MW_NRFA,MW_2026_27,md_3,3,2026-07-25,14:30,,MW_CAS_M1,MW_MAFU_M1,0,0,played,,facebook,https://www.facebook.com/share/p/1SSyieyYS2/,,2026-07-26T23:01:44+00:00,confirmed,,,,,,,,,,,,,,,,,
MW_NRFA_2627_017,MW_NRFA,MW_2026_27,md_3,3,2026-07-25,14:30,MW_CWZA_G,MW_CHIN_M1,MW_LUMA_M1,3,0,played,,facebook,https://www.facebook.com/share/p/1SSyieyYS2/,,2026-07-26T23:02:31+00:00,confirmed,,,,,,,,,,,,,,,,,
MW_NRFA_2627_018,MW_NRFA,MW_2026_27,md_3,3,2026-07-25,14:30,MW_BOTA_G,MW_VSA_M1,MW_EKW_M1,0,3,played,,facebook,https://www.facebook.com/share/p/1SSyieyYS2/,,2026-07-26T23:01:03+00:00,confirmed,,,,,,,,,,,,,,,,,
MW_NRFA_2627_019,MW_NRFA,MW_2026_27,md_3,3,2026-07-26,14:30,MW_CHIB_G,MW_CRS_M1,MW_EV_M1,6,0,played,,facebook,https://www.facebook.com/share/p/1D4WMwv94L/,,2026-07-26T23:03:51+00:00,confirmed,,,,,,,,,,,,,,,,,
MW_NRFA_2627_020,MW_NRFA,MW_2026_27,md_3,3,2026-07-26,14:30,MW_MAJA_G,MW_CHB_M1,MW_JU_M1,0,0,played,,facebook,https://www.facebook.com/share/p/1D4WMwv94L/,,2026-07-26T23:04:37+00:00,confirmed,,,,,,,,,,,,,,,,,
MW_NRFA_2627_021,MW_NRFA,MW_2026_27,md_3,3,2026-07-26,14:30,MW_CBJ_G,MW_MMW_M1,MW_CHIP_M1,1,1,played,,facebook,https://www.facebook.com/share/p/1D4WMwv94L/,,2026-07-26T23:05:19+00:00,confirmed,,,,,,,,,,,,,,,,,
MW_SRFA_2627_064,MW_SRFA,MW_2026_27,md_9,9,2026-07-25,14:30,MW_CHL_001,MW_IFC_M1,MW_FCT_M1,1,1,played,,facebook,https://www.facebook.com/share/p/1BLP7c7d6p/,,2026-07-26T22:17:23+00:00,confirmed,,,,,,,,,,,,,,,,,
MW_SRFA_2627_065,MW_SRFA,MW_2026_27,md_9,9,2026-07-25,11:00,MW_B_001,MW_NFC_M1,MW_MS_M1,0,1,played,,facebook,https://www.facebook.com/share/p/1BLP7c7d6p/,,2026-07-26T22:17:44+00:00,confirmed,,,,,,,,,,,,,,,,,
MW_SRFA_2627_066,MW_SRFA,MW_2026_27,md_9,9,2026-07-25,14:30,MW_B_002,MW_BULL_M2,MW_CFC_M1,5,1,played,,facebook,https://www.facebook.com/share/p/1BLP7c7d6p/,,2026-07-26T22:19:33+00:00,confirmed,,,,,,,,,,,,,,,,,
MW_SRFA_2627_067,MW_SRFA,MW_2026_27,md_9,9,2026-07-25,14:30,MW_B_004,MW_ZU_M1,MW_NY_M1,1,1,played,,facebook,https://www.facebook.com/share/p/1BLP7c7d6p/,,2026-07-26T22:16:52+00:00,confirmed,,,,,,,,,,,,,,,,,
MW_SRFA_2627_068,MW_SRFA,MW_2026_27,md_9,9,2026-07-26,14:30,MW_THY_001,MW_NCH_M1,MW_EFC_M2,1,2,played,,facebook,https://www.facebook.com/share/p/1CLiusX7w3/,,2026-07-26T22:20:45+00:00,confirmed,,,,,,,,,,,,,,,,,
MW_SRFA_2627_069,MW_SRFA,MW_2026_27,md_9,9,2026-07-26,14:30,MW_CHL_001,MW_TB_M1,MW_MWU_M1,3,1,played,,facebook,https://www.facebook.com/share/p/1CLiusX7w3/,,2026-07-26T22:20:57+00:00,confirmed,,,,,,,,,,,,,,,,,
MW_SRFA_2627_070,MW_SRFA,MW_2026_27,md_9,9,2026-07-26,11:00,MW_B_001,MW_MW_M2,MW_QAS_M1,4,0,played,,facebook,https://www.facebook.com/share/p/1CLiusX7w3/,,2026-07-26T22:20:31+00:00,confirmed,,,,,,,,,,,,,,,,,
MW_SRFA_2627_071,MW_SRFA,MW_2026_27,md_9,9,2026-07-27,14:30,MW_B_002,MW_LBTY_M1,MW_CHIR_M1,5,1,played,,facebook,https://www.facebook.com/share/p/1CmtNPERra/,,2026-07-29T07:45:44+00:00,confirmed,,,,,,,,,,,,,,,,,
MW_KU19_2627_022,MW_KU19,MW_2026_27,md_4,4,2026-07-25,,MW_B_001,MW_EH_MU19,MW_AS_MU19,0,0,played,,facebook,https://www.facebook.com/share/p/1Gq8qZ4XxX/,,2026-07-26T22:14:35+00:00,confirmed,,,,,,,,,,,,,,,,,
MW_KU19_2627_023,MW_KU19,MW_2026_27,md_4,4,2026-07-25,,MW_B_001,MW_BULL_U19,MW_MW_U19,1,0,played,,facebook,https://www.facebook.com/share/p/1Gq8qZ4XxX/,,2026-07-26T22:14:51+00:00,confirmed,,,,,,,,,,,,,,,,,
MW_KU19_2627_024,MW_KU19,MW_2026_27,md_4,4,2026-07-25,,MW_B_002,MW_RU_MU19,MW_MM_MU19,0,2,played,,facebook,https://www.facebook.com/share/p/1Gq8qZ4XxX/,,2026-07-26T22:15:05+00:00,confirmed,,,,,,,,,,,,,,,,,
MW_KU19_2627_025,MW_KU19,MW_2026_27,md_4,4,2026-07-25,,MW_B_002,MW_BIA_MU19,MW_NU_MU19,2,2,played,,facebook,https://www.facebook.com/share/p/1Gq8qZ4XxX/,,2026-07-26T22:15:20+00:00,confirmed,,,,,,,,,,,,,,,,,
MW_SRFA2_2627_006,MW_SRFA2,MW_2026_27,md_2,2,2026-07-26,14:30,MW_NENO,MW_NYG_M1,MW_LIM_M1,4,2,played,,facebook,https://www.facebook.com/share/p/18Asg7Qynr/,,2026-07-26T22:24:23+00:00,confirmed,,,,,,,,,,,,,,,,,
MW_SRFA2_2627_007,MW_SRFA2,MW_2026_27,md_2,2,2026-07-26,14:30,MW_LUCH_G,MW_MAS_M1,MW_POYA_M1,5,0,played,,facebook,https://www.facebook.com/share/p/18Asg7Qynr/,,2026-07-26T22:24:52+00:00,confirmed,,,,,,,,,,,,,,,,,
MW_SRFA2_2627_008,MW_SRFA2,MW_2026_27,md_2,2,2026-07-26,14:30,,MW_MYS_M1,MW_GU_M1,3,2,played,,facebook,https://www.facebook.com/share/p/18Asg7Qynr/,,2026-07-26T22:24:40+00:00,confirmed,,,,,,,,,,,,,,,,,
MW_SRFA2_2627_009,MW_SRFA2,MW_2026_27,md_2,2,2026-07-26,14:30,,MW_LUN_M1,MW_PSS_M1,1,1,played,,facebook,https://www.facebook.com/share/p/18Asg7Qynr/,,2026-07-26T22:25:04+00:00,confirmed,,,,,,,,,,,,,,,,,
MW_SRFA2_2627_010,MW_SRFA2,MW_2026_27,md_2,2,2026-07-27,12:30,MW_B_002,MW_MICH_M1,MW_MNTI_M1,1,0,played,,facebook,https://www.facebook.com/share/p/198VrCrs4S/,,2026-07-29T07:53:13+00:00,confirmed,,,,,,,,,,,,,,,,,
MW_SRFA2_2627_011,MW_SRFA2,MW_2026_27,md_1,1,2026-07-19,14:30,MW_NENO,MW_NYG_M1,MW_MAS_M1,1,1,played,,facebook,https://www.facebook.com/share/p/18vdjihvBV/,,2026-07-26T22:28:57+00:00,confirmed,,,,,,,,,,,,,,,,,
MW_CRFA_2627_032,MW_CRFA,MW_2026_27,md_6,6,2026-07-22,14:30,,MW_AR_M1,MW_PFC_M1,4,1,played,,facebook,https://www.facebook.com/share/p/19Jc4QhG1u/,,2026-07-26T22:38:04+00:00,confirmed,,,,,,,,,,,,,,,,,
MW_CRFA_2627_033,MW_CRFA,MW_2026_27,md_6,6,2026-07-25,14:30,MW_BLUE_G,MW_MU_M1,MW_NAA_M1,1,1,played,,facebook,https://www.facebook.com/share/p/1ECfoyMzUC/,,2026-07-26T22:43:37+00:00,confirmed,,,,,,,,,,,,,,,,,
MW_CRFA_2627_034,MW_CRFA,MW_2026_27,md_6,6,2026-07-26,14:30,,MW_AR_M1,MW_LFC_M1,4,1,played,,facebook,https://www.facebook.com/share/p/183cKsxiMT/,,2026-07-26T22:51:21+00:00,confirmed,,,,,,,,,,,,,,,,,
MW_CRFA_2627_035,MW_CRFA,MW_2026_27,md_6,6,2026-07-26,14:30,MW_MPON_CG,MW_MPFC_M1,MW_MV_M1,2,0,played,,facebook,https://www.facebook.com/share/p/1EtXH6ZDMs/,,2026-07-26T22:47:20+00:00,confirmed,,,,,,,,,,,,,,,,,
MW_CRFA_2627_036,MW_CRFA,MW_2026_27,md_6,6,2026-07-26,14:30,MW_KAMIRA,MW_MC_M1,MW_SA_M1,1,2,played,,facebook,https://www.facebook.com/share/p/1ZiRznBZCU/,,2026-07-26T22:46:04+00:00,confirmed,,,,,,,,,,,,,,,,,
MW_CRFA_2627_037,MW_CRFA,MW_2026_27,md_6,6,2026-07-26,14:30,MW_L_002,MW_BLUE_M2,MW_KFC_M1,2,0,played,,facebook,https://www.facebook.com/share/p/1APBjbGJCA/,,2026-07-26T22:50:58+00:00,confirmed,,,,,,,,,,,,,,,,,
MW_CRFA_2627_038,MW_CRFA,MW_2026_27,md_6,6,2026-07-26,14:30,MW_KAS_001,MW_TNS_M1,MW_CSFC_M1,1,1,played,,facebook,https://www.facebook.com/share/p/1DJTLs1jwo/,,2026-07-26T22:53:08+00:00,confirmed,,,,,,,,,,,,,,,,,
MW_CRFA_2627_039,MW_CRFA,MW_2026_27,md_6,6,2026-07-26,14:30,MW_GOLF_C,MW_PFC_M1,MW_MCHS_M1,1,0,played,,facebook,https://www.facebook.com/share/p/1CybeK6Fj8/,,2026-07-26T22:49:42+00:00,confirmed,,,,,,,,,,,,,,,,,
MW_CRFA_2627_040,MW_CRFA,MW_2026_27,md_6,6,2026-07-26,14:30,MW_CHIVALA,MW_AB_M1,MW_SS_M2,2,2,played,,facebook,https://www.facebook.com/share/p/18tmXUkTVg/,,2026-07-26T22:48:45+00:00,confirmed,,,,,,,,,,,,,,,,,
MW_SRFA_2627_072,MW_SRFA,MW_2026_27,md_10,10,2026-08-01,14:30,MW_B_002,MW_BULL_M2,MW_ZU_M1,7,1,played,,facebook,https://www.facebook.com/share/p/1G6grKserp/,,2026-08-01T21:51:21+00:00,confirmed,,,,,,,,,,,,,,,,,
MW_SRFA_2627_073,MW_SRFA,MW_2026_27,md_10,10,2026-08-01,14:30,MW_B_001,MW_MW_M2,MW_FCT_M1,1,2,played,,facebook,https://www.facebook.com/share/p/1G6grKserp/,,2026-08-01T21:51:26+00:00,confirmed,,,,,,,,,,,,,,,,,
MW_SRFA_2627_074,MW_SRFA,MW_2026_27,md_10,10,2026-08-02,14:30,MW_CRZ_001,MW_CHIR_M1,MW_EFC_M2,0,2,played,,facebook,https://www.facebook.com/share/p/19DD9Ty6jE/,,2026-08-02T20:33:04+00:00,confirmed,,,,,,,,,,,,,,,,,
MW_SRFA_2627_075,MW_SRFA,MW_2026_27,md_10,10,2026-08-02,14:30,MW_CHL_001,MW_CFC_M1,MW_NCH_M1,2,0,played,,facebook,https://www.facebook.com/share/p/19DD9Ty6jE/,,2026-08-02T20:33:14+00:00,confirmed,,,,,,,,,,,,,,,,,
MW_SRFA_2627_076,MW_SRFA,MW_2026_27,md_10,10,2026-08-02,14:30,,MW_MWU_M1,MW_NY_M1,2,2,played,,facebook,https://www.facebook.com/share/p/19DD9Ty6jE/,,2026-08-02T20:33:22+00:00,confirmed,,,,,,,,,,,,,,,,,
MW_SRFA_2627_077,MW_SRFA,MW_2026_27,md_10,10,2026-08-02,14:30,MW_B_001,MW_LBTY_M1,MW_NFC_M1,4,1,played,,facebook,https://www.facebook.com/share/p/19DD9Ty6jE/,,2026-08-02T20:33:27+00:00,confirmed,,,,,,,,,,,,,,,,,
MW_SRFA_2627_078,MW_SRFA,MW_2026_27,md_10,10,2026-08-01,14:30,MW_CHL_001,MW_TB_M1,MW_IFC_M1,0,0,played,,facebook,https://www.facebook.com/share/p/1G6grKserp/,,2026-08-01T21:51:29+00:00,confirmed,,,,,,,,,,,,,,,,,
MW_SRFA2_2627_015,MW_SRFA2,MW_2026_27,md_3,3,2026-08-02,14:30,MW_B_004,MW_LIM_M1,MW_MNTI_M1,2,0,played,,facebook,https://www.facebook.com/share/p/14o7T2hqbTM/,,2026-08-02T20:34:22+00:00,confirmed,,,,,,,,,,,,,,,,,
MW_SRFA2_2627_016,MW_SRFA2,MW_2026_27,md_3,3,2026-08-01,14:30,MW_LUCH_G,MW_GU_M1,MW_NYG_M1,1,0,played,,facebook,https://www.facebook.com/share/p/19T2REvcxa/,,2026-08-01T21:53:06+00:00,confirmed,,,,,,,,,,,,,,,,,
MW_SRFA2_2627_017,MW_SRFA2,MW_2026_27,md_3,3,2026-08-01,12:30,MW_B_001,MW_PSS_M1,MW_MYS_M1,2,1,played,,facebook,https://www.facebook.com/share/p/19T2REvcxa/,,2026-08-01T21:53:10+00:00,confirmed,,,,,,,,,,,,,,,,,
MW_SRFA2_2627_018,MW_SRFA2,MW_2026_27,md_3,3,2026-08-01,14:30,MW_MBULU_1,MW_POYA_M1,MW_MICH_M1,2,1,played,,facebook,https://www.facebook.com/share/p/19T2REvcxa/,,2026-08-01T21:53:14+00:00,confirmed,,,,,,,,,,,,,,,,,
MW_SRFA2_2627_019,MW_SRFA2,MW_2026_27,md_3,3,2026-08-02,12:30,MW_B_001,MW_MT_M2,MW_LUN_M1,0,4,played,,facebook,https://www.facebook.com/share/p/14o7T2hqbTM/,,2026-08-02T20:34:26+00:00,confirmed,,,,,,,,,,,,,,,,,
MW_NRFA_2627_022,MW_NRFA,MW_2026_27,md_4,4,2026-08-01,14:30,,MW_LVFC_M1,MW_MMW_M1,0,0,played,,facebook,https://www.facebook.com/share/p/1EqybESXSG/,,2026-08-01T22:04:01+00:00,confirmed,,,,,,,,,,,,,,,,,
MW_NRFA_2627_023,MW_NRFA,MW_2026_27,md_4,4,2026-08-01,14:30,MW_LUZI,MW_CHIP_M1,MW_CHB_M1,2,1,played,,facebook,https://www.facebook.com/share/p/1BoEoRRXiN/,,2026-08-01T22:04:06+00:00,confirmed,,,,,,,,,,,,,,,,,
MW_NRFA_2627_024,MW_NRFA,MW_2026_27,md_4,4,2026-08-01,14:30,MW_EUTHINI,MW_EV_M1,MW_VSA_M1,4,2,played,,facebook,https://www.facebook.com/share/p/19DXnfbDGY/,,2026-08-01T22:04:18+00:00,confirmed,,,,,,,,,,,,,,,,,
MW_NRFA_2627_025,MW_NRFA,MW_2026_27,md_4,4,2026-08-02,14:30,MW_EKWEN_CG,MW_EKW_M1,MW_CHIN_M1,1,0,played,,facebook,https://www.facebook.com/share/p/1dG7eDSjBh/,,2026-08-02T20:54:09+00:00,confirmed,,,,,,,,,,,,,,,,,
MW_NRFA_2627_026,MW_NRFA,MW_2026_27,md_4,4,2026-08-02,14:30,MW_CHIB_G,MW_RFC_M1,MW_CAS_M1,7,0,played,,facebook,https://www.facebook.com/share/p/1dG7eDSjBh/,,2026-08-02T20:54:16+00:00,confirmed,,,,,,,,,,,,,,,,,
MW_NRFA_2627_027,MW_NRFA,MW_2026_27,md_4,4,2026-08-02,14:30,MW_JENDA,MW_JU_M1,MW_CRS_M1,1,0,played,,facebook,https://www.facebook.com/share/p/1dG7eDSjBh/,,2026-08-02T20:54:36+00:00,confirmed,,,,,,,,,,,,,,,,,
MW_NRFA_2627_028,MW_NRFA,MW_2026_27,md_4,4,2026-08-02,14:30,MW_CHIB_G,MW_LUMA_M1,MW_CZU_M1,0,0,played,,facebook,https://www.facebook.com/share/p/1dG7eDSjBh/,,2026-08-02T20:54:42+00:00,confirmed,,,,,,,,,,,,,,,,,
MW_CRFA2_2627_001,MW_CRFA2,MW_2026_27,md_2,2,2026-07-26,14:30,MW_LIKUNI,MW_LIKUNI_M1,MW_MIKUNDI_M1,1,0,played,,facebook,https://www.facebook.com/share/p/1C97EALDN1/,,2026-07-29T15:43:57+00:00,confirmed,,,,,,,,,,,,,,,,,
MW_CRFA2_2627_002,MW_CRFA2,MW_2026_27,md_2,2,2026-07-26,14:30,MW_LLW_CG,MW_GANN_M1,MW_CS_M2,1,4,played,,facebook,https://www.facebook.com/share/p/1C97EALDN1/,,2026-07-29T15:47:07+00:00,confirmed,,,,,,,,,,,,,,,,,
MW_CRFA2_2627_003,MW_CRFA2,MW_2026_27,md_2,2,2026-07-26,14:30,MW_DAPP,MW_YOUNGT_M1,MW_DWANGWA_M1,,,scheduled,,facebook,,,2026-07-29T15:38:24+00:00,confirmed,,,,,,,,,,,,,,,,,
MW_CRFA2_2627_004,MW_CRFA2,MW_2026_27,md_2,2,2026-07-26,14:30,MW_BOPS,MW_BOBOMB_M1,MW_SALSPA_M1,0,2,played,,facebook,https://www.facebook.com/share/p/1C97EALDN1/,,2026-07-29T15:48:05+00:00,confirmed,,,,,,,,,,,,,,,,,
MW_CRFA2_2627_005,MW_CRFA2,MW_2026_27,md_2,2,2026-07-26,14:30,MW_MKA_G,MW_SIMBI_M1,MW_MSPIRATE_M1,2,0,played,,facebook,https://www.facebook.com/share/p/1C97EALDN1/,,2026-07-29T15:50:11+00:00,confirmed,,,,,,,,,,,,,,,,,
MW_CRFA2_2627_006,MW_CRFA2,MW_2026_27,md_2,2,2026-07-26,14:30,MW_KSKA_G,MW_KASASUN_M1,MW_CSU_M2,0,0,played,,facebook,https://www.facebook.com/share/p/1C97EALDN1/,,2026-07-29T15:48:32+00:00,confirmed,,,,,,,,,,,,,,,,,
MW_CRFA2_2627_007,MW_CRFA2,MW_2026_27,md_2,2,2026-07-26,14:30,MW_MTH_PG,MW_MTHUN_M1,MW_LOBIYS_M1,2,0,played,,facebook,https://www.facebook.com/share/p/1C97EALDN1/,,2026-07-29T15:50:59+00:00,confirmed,,,,,,,,,,,,,,,,,
MW_TOP8_2627_001,MW_TOP8,MW_2026_27,qf,,2026-06-13,14:00,MW_L_003,MW_BLUE_M1,MW_CSU_M1,0,0,played,,unknown,https://www.instagram.com/p/DZh3H1ADfAL/,,,confirmed,,,,,,,,,,,,,,,,,
MW_TOP8_2627_002,MW_TOP8,MW_2026_27,qf,,2026-06-13,17:00,MW_L_003,MW_BULL_M1,MW_EFC_M1,1,1,played,,facebook,https://www.instagram.com/p/DZiJ7p_jfFD/,,2026-07-31T08:22:34+00:00,confirmed,,,,,,,,,,,,,,,,,
MW_TOP8_2627_003,MW_TOP8,MW_2026_27,qf,,2026-06-14,14:30,MW_Z_001,MW_MW_M1,MW_CS_M1,2,0,played,,facebook,https://www.instagram.com/p/DZke3JCjRpz/,,2026-07-31T08:24:08+00:00,confirmed,,,,,,,,,,,,,,,,,
MW_TOP8_2627_004,MW_TOP8,MW_2026_27,qf,,2026-06-14,14:30,MW_L_004,MW_SS_M1,MW_KU_M1,2,0,played,,reporter,"https://www.instagram.com/p/DZkdOHnDT_U/, https://silverstrikers.mw/2026/06/14/match-report-silver-strikers-2-0-karonga-united/",MW_REP_001,2026-08-18T23:09:46.477342+00:00,confirmed,MW_REP_001,2026-08-18T23:09:46.477342+00:00,,,,Zebron Lengani,Happiness Mbandambanda,Sibusiso Sibande,Mercy Mziya,Peter Mgangira,,MW_OFF_000017,MW_OFF_000016,MW_OFF_000018,MW_OFF_000019,MW_OFF_000005,
MW_TOP8_2627_005,MW_TOP8,MW_2026_27,qf,,2026-07-11,14:30,MW_B_001,MW_EFC_M1,MW_BULL_M1,1,1,played,,facebook,https://www.instagram.com/p/DaqEHCdDbJ_/,,2026-07-31T08:26:12+00:00,confirmed,,,,7,6,,,,,,,,,,,,
MW_TOP8_2627_006,MW_TOP8,MW_2026_27,qf,,2026-07-11,14:30,MW_L_001,MW_CSU_M1,MW_BLUE_M1,1,1,played,,facebook,https://www.instagram.com/p/DaqAwmODRh1/,,2026-07-31T08:27:16+00:00,confirmed,,,,,,,,,,,,,,,,,
MW_TOP8_2627_007,MW_TOP8,MW_2026_27,qf,,2026-07-12,14:30,MW_MCJ_001,MW_CS_M1,MW_MW_M1,1,1,played,,facebook,https://www.instagram.com/p/DaskmTnjSsB/,,2026-07-31T08:28:20+00:00,confirmed,,,,,,,,,,,,,,,,,
MW_TOP8_2627_008,MW_TOP8,MW_2026_27,qf,,2026-07-12,14:30,MW_KAR_001,MW_KU_M1,MW_SS_M1,3,0,played,,reporter,"https://www.instagram.com/p/DasmbSUDc5q/, https://silverstrikers.mw/2026/07/12/match-report-karonga-united-3-0-silver-strikers-3-2-on-aggregate/",MW_REP_001,2026-08-18T23:03:35.92498+00:00,confirmed,MW_REP_001,2026-08-18T23:03:35.92498+00:00,,,,Cedric Mwachumu,Grant Mussa,McHestings Kanjati,Waliko Simfuwe,,Peter Mgangira,MW_OFF_000012,MW_OFF_000013,MW_OFF_000014,MW_OFF_000015,,MW_OFF_000005
MW_TOP8_2627_009,MW_TOP8,MW_2026_27,sf,,2026-08-01,14:30,MW_L_004,MW_EFC_M1,MW_KU_M1,2,1,played,,facebook,https://www.facebook.com/share/p/14doLv5cgLP/,,2026-08-01T22:47:31+00:00,confirmed,,,,,,,,,,,,,,,,,
MW_TOP8_2627_010,MW_TOP8,MW_2026_27,sf,,2026-08-02,14:30,MW_L_004,MW_MW_M1,MW_BLUE_M1,1,1,played,,facebook,https://www.facebook.com/share/p/1BSWHx3zn6/,,2026-08-02T20:19:24+00:00,confirmed,,,,5,4,,,,,,,,,,,,
MW_TOP8_2627_011,MW_TOP8,MW_2026_27,final,,,,,MW_EFC_M1,MW_MW_M1,,,scheduled,,unknown,,,,confirmed,,,,,,,,,,,,,,,,,
MW_CRFA_2627_041,MW_CRFA,MW_2026_27,md_7,7,2026-07-29,14:30,MW_L_002,MW_BLUE_M2,MW_AR_M1,1,1,played,,facebook,https://www.facebook.com/share/p/1BmCJPgVLb/,,2026-07-31T08:07:07+00:00,confirmed,,,,,,,,,,,,,,,,,
MW_SL_2627_089,MW_SL,MW_2026_27,md_12,12,2026-08-08,14:30,MW_MAF_001,MW_MAFC_M1,MW_BLUE_M1,0,1,played,,facebook,https://www.facebook.com/share/p/1Jq7NKw2pj/,,2026-08-08T22:13:48+00:00,confirmed,,,,,,,,,,,,,,,,,
MW_SL_2627_090,MW_SL,MW_2026_27,md_12,12,2026-08-08,14:30,MW_B_001,MW_EFC_M1,MW_DD_M1,1,1,played,,facebook,https://www.facebook.com/share/p/1Jq7NKw2pj/,,2026-08-08T22:13:56+00:00,confirmed,,,,,,,,,,,,,,,,,
MW_SL_2627_091,MW_SL,MW_2026_27,md_12,12,2026-08-08,14:30,MW_MZ_001,MW_MB_M1,MW_MW_M1,1,1,played,,facebook,https://www.facebook.com/share/p/1Jq7NKw2pj/,,2026-08-08T22:14:05+00:00,confirmed,,,,,,,,,,,,,,,,,
MW_SL_2627_092,MW_SL,MW_2026_27,md_12,12,2026-08-08,14:30,MW_L_001,MW_CS_M1,MW_SS_M1,0,1,played,,reporter,"https://www.facebook.com/share/p/1Jq7NKw2pj/, https://silverstrikers.mw/2026/08/08/match-report-creck-sporting-club-0-1-silver-strikers/",MW_REP_001,2026-08-18T22:40:44.785396+00:00,confirmed,MW_REP_001,2026-08-18T22:40:44.785396+00:00,,,,Idrissah Matola,Samson Wasili,Emily Chathamthumba,Kondwani Kamwendo,,Peter Mgangira,MW_OFF_000006,MW_OFF_000007,MW_OFF_000008,MW_OFF_000009,,MW_OFF_000005
MW_SL_2627_093,MW_SL,MW_2026_27,md_12,12,2026-08-09,14:30,MW_B_001,MW_BULL_M1,MW_CU_M1,2,0,played,,facebook,https://www.facebook.com/share/p/1DhD1pCtV2/,,2026-08-09T14:58:07+00:00,confirmed,,,,,,,,,,,,,,,,,
MW_SL_2627_094,MW_SL,MW_2026_27,md_12,12,2026-08-09,14:30,MW_Z_001,MW_REDL_M1,MW_KB_M1,0,0,played,,facebook,https://www.facebook.com/share/p/1DhD1pCtV2/,,2026-08-09T14:58:17+00:00,confirmed,,,,,,,,,,,,,,,,,
MW_SL_2627_095,MW_SL,MW_2026_27,md_12,12,2026-08-09,14:30,MW_D_001,MW_LM_M1,MW_KU_M1,2,1,played,,facebook,https://www.facebook.com/share/p/1DhD1pCtV2/,,2026-08-09T14:58:22+00:00,confirmed,,,,,,,,,,,,,,,,,
MW_SL_2627_096,MW_SL,MW_2026_27,md_12,12,2026-08-09,14:30,MW_L_002,MW_MFC_M1,MW_CSU_M1,1,0,played,,facebook,https://www.facebook.com/share/p/1DhD1pCtV2/,,2026-08-09T14:58:35+00:00,confirmed,,,,,,,,,,,,,,,,,
MW_CRFA_2627_042,MW_CRFA,MW_2026_27,md_7,7,2026-08-02,14:30,,MW_MCHS_M1,MW_BLUE_M2,1,2,played,,facebook,https://www.facebook.com/share/p/1EoJD2SpkD/,,2026-08-02T20:48:38+00:00,confirmed,,,,,,,,,,,,,,,,,
MW_CRFA_2627_043,MW_CRFA,MW_2026_27,md_7,7,2026-08-02,14:30,,MW_SS_M2,MW_AR_M1,1,0,played,,facebook,https://www.facebook.com/share/p/1EoJD2SpkD/,,2026-08-02T20:48:49+00:00,confirmed,,,,,,,,,,,,,,,,,
MW_CRFA_2627_044,MW_CRFA,MW_2026_27,md_7,7,2026-08-02,14:30,,MW_SA_M1,MW_MPFC_M1,0,1,played,,facebook,https://www.facebook.com/share/p/1EoJD2SpkD/,,2026-08-02T20:48:58+00:00,confirmed,,,,,,,,,,,,,,,,,
MW_CRFA_2627_045,MW_CRFA,MW_2026_27,md_7,7,2026-08-02,14:30,,MW_CSFC_M1,MW_MC_M1,3,2,played,,facebook,https://www.facebook.com/share/p/1EoJD2SpkD/,,2026-08-02T20:49:04+00:00,confirmed,,,,,,,,,,,,,,,,,
MW_CRFA_2627_046,MW_CRFA,MW_2026_27,md_7,7,2026-08-02,14:30,,MW_PFC_M1,MW_TNS_M1,0,2,played,,facebook,https://www.facebook.com/share/p/1EoJD2SpkD/,,2026-08-02T20:49:19+00:00,confirmed,,,,,,,,,,,,,,,,,
MW_CRFA_2627_047,MW_CRFA,MW_2026_27,md_7,7,2026-08-02,14:30,,MW_MV_M1,MW_NAA_M1,0,5,played,,facebook,https://www.facebook.com/share/p/1EoJD2SpkD/,,2026-08-02T20:49:27+00:00,confirmed,,,,,,,,,,,,,,,,,
MW_NDL_2627_055,MW_NDL,MW_2026_27,md_10,10,2026-08-08,14:30,MW_Z_001,MW_CB_M1,MW_MCH_M1,2,5,played,,facebook,https://www.facebook.com/share/p/1CxcSFTFDm/,,2026-08-08T22:16:16+00:00,confirmed,,,,,,,,,,,,,,,,,
MW_NDL_2627_056,MW_NDL,MW_2026_27,md_10,10,2026-08-09,14:30,MW_MCHINJI_S,MW_NZ_M1,MW_SBU_M1,1,0,played,,facebook,https://www.facebook.com/share/p/18pYBMCyuy/,,2026-08-09T14:59:12+00:00,confirmed,,,,,,,,,,,,,,,,,
MW_NDL_2627_057,MW_NDL,MW_2026_27,md_10,10,2026-08-12,14:30,MW_B_001,MW_BAS_M1,MW_NU_M1,1,2,played,,facebook,https://www.facebook.com/share/p/18vGDRKe9J/,,2026-08-12T21:33:59+00:00,confirmed,,,,,,,,,,,,,,,,,
MW_NDL_2627_058,MW_NDL,MW_2026_27,md_10,10,2026-08-16,14:30,MW_B_001,MW_CBWE_M1,MW_NS_M1,2,2,played,,reporter,https://www.facebook.com/share/p/1GNnK3VcEA/,MW_REP_001,2026-08-17T08:44:35.442337+00:00,confirmed,MW_REP_001,2026-08-17T08:44:35.442337+00:00,,,,,,,,,,,,,,,
MW_NDL_2627_059,MW_NDL,MW_2026_27,md_10,10,2026-08-16,14:30,MW_Z_001,MW_FFC_M1,MW_EU_M1,0,0,played,,reporter,https://www.facebook.com/share/p/1GNnK3VcEA/,MW_REP_001,2026-08-17T08:43:28.403993+00:00,confirmed,MW_REP_001,2026-08-17T08:43:28.403993+00:00,,,,,,,,,,,,,,,
MW_NDL_2627_060,MW_NDL,MW_2026_27,md_10,10,2026-08-15,14:30,MW_B_001,MW_MT_M1,MW_EXFC_M1,0,2,played,,facebook,https://www.facebook.com/share/p/18qatGsBFM/,,2026-08-15T16:03:10+00:00,confirmed,,,,,,,,,,,,,,,,,
MW_SRFA2_2627_020,MW_SRFA2,MW_2026_27,md_4,4,2026-08-08,14:30,MW_MUBAS,MW_MUB_M1,MW_GU_M1,2,1,played,,facebook,https://www.facebook.com/share/p/1HNgM8NM1x/,,2026-08-08T22:19:15+00:00,confirmed,,,,,,,,,,,,,,,,,
MW_SRFA2_2627_021,MW_SRFA2,MW_2026_27,md_4,4,2026-08-08,14:30,MW_B_004,MW_LIM_M1,MW_MT_M2,1,2,played,,facebook,https://www.facebook.com/share/p/1HNgM8NM1x/,,2026-08-08T22:19:20+00:00,confirmed,,,,,,,,,,,,,,,,,
MW_SRFA2_2627_022,MW_SRFA2,MW_2026_27,md_4,4,2026-08-09,14:30,MW_LUCH_G,MW_MAS_M1,MW_MYS_M1,0,0,played,,facebook,https://www.facebook.com/share/p/1JYd64WYTJ/,,2026-08-09T22:16:14+00:00,confirmed,,,,,,,,,,,,,,,,,
MW_SRFA2_2627_023,MW_SRFA2,MW_2026_27,md_4,4,2026-08-09,14:30,MW_MNTENJERA,MW_LUN_M1,MW_POYA_M1,2,1,played,,facebook,https://www.facebook.com/share/p/1JYd64WYTJ/,,2026-08-09T22:16:24+00:00,confirmed,,,,,,,,,,,,,,,,,
MW_SRFA2_2627_024,MW_SRFA2,MW_2026_27,md_4,4,2026-08-10,12:30,MW_B_001,MW_MNTI_M1,MW_THYO_M1,,,scheduled,,facebook,https://www.facebook.com/share/p/19zgu63ym6/,,2026-08-05T20:09:37+00:00,confirmed,,,,,,,,,,,,,,,,,
MW_SRFA_2627_079,MW_SRFA,MW_2026_27,md_11,11,2026-08-08,14:30,MW_B_002,MW_LBTY_M1,MW_BULL_M2,0,1,played,,facebook,https://www.facebook.com/share/p/191sP5bTaT/,,2026-08-13T17:56:52+00:00,confirmed,,,,,,,,,,,,,,,,,
MW_SRFA_2627_080,MW_SRFA,MW_2026_27,md_11,11,2026-08-08,11:00,MW_B_001,MW_EFC_M2,MW_NY_M1,3,1,played,,facebook,https://www.facebook.com/share/p/191sP5bTaT/,,2026-08-13T17:55:59+00:00,confirmed,,,,,,,,,,,,,,,,,
MW_SRFA_2627_081,MW_SRFA,MW_2026_27,md_11,11,2026-08-08,14:30,MW_CHL_001,MW_TB_M1,MW_FCT_M1,4,0,played,,facebook,https://www.facebook.com/share/p/191sP5bTaT/,,2026-08-13T17:58:37+00:00,confirmed,,,,,,,,,,,,,,,,,
MW_SRFA_2627_082,MW_SRFA,MW_2026_27,md_11,11,2026-08-09,14:30,MW_THY_001,MW_NCH_M1,MW_NFC_M1,1,2,played,,facebook,https://www.facebook.com/share/p/191sP5bTaT/,,2026-08-13T18:01:36+00:00,confirmed,,,,,,,,,,,,,,,,,
MW_SRFA_2627_083,MW_SRFA,MW_2026_27,md_11,11,2026-08-09,14:30,MW_MWANZA_SEC,MW_MS_M1,MW_CFC_M1,2,1,played,,facebook,https://www.facebook.com/share/p/191sP5bTaT/,,2026-08-13T18:00:17+00:00,confirmed,,,,,,,,,,,,,,,,,
MW_SRFA_2627_084,MW_SRFA,MW_2026_27,md_11,11,2026-08-10,14:30,MW_B_001,MW_MW_M2,MW_ZU_M1,2,1,played,,facebook,https://www.facebook.com/share/p/191sP5bTaT/,,2026-08-13T18:03:56+00:00,confirmed,,,,,,,,,,,,,,,,,
MW_SRFA_2627_085,MW_SRFA,MW_2026_27,md_11,11,2026-08-10,14:30,MW_B_002,MW_QAS_M1,MW_CHIR_M1,5,0,played,,facebook,https://www.facebook.com/share/p/191sP5bTaT/,,2026-08-13T18:03:09+00:00,confirmed,,,,,,,,,,,,,,,,,
MW_SRFA_2627_086,MW_SRFA,MW_2026_27,md_12,11,2026-08-13,14:30,MW_CHL_001,MW_CFC_M1,MW_NFC_M1,0,0,played,,facebook,https://www.facebook.com/share/p/191sP5bTaT/,,2026-08-13T17:54:33+00:00,confirmed,,,,,,,,,,,,,,,,,
MW_CRFA_2627_048,MW_CRFA,MW_2026_27,md_8,8,2026-08-05,14:30,MW_LIN_SEC,MW_CSFC_M1,MW_AR_M1,2,0,played,,facebook,https://www.facebook.com/share/p/1Y5PBqfqvd/,,2026-08-05T20:23:39+00:00,confirmed,,,,,,,,,,,,,,,,,
MW_NRFA_2627_029,MW_NRFA,MW_2026_27,md_5,5,2026-08-11,14:30,MW_CHITE_G,MW_CZU_M1,MW_EKW_M1,2,0,played,,facebook,https://www.facebook.com/share/p/19945XwprP/,,2026-08-11T21:11:44+00:00,confirmed,,,,,,,,,,,,,,,,,
MW_NRFA_2627_030,MW_NRFA,MW_2026_27,md_5,5,2026-08-08,14:30,MW_FUKA_G,MW_MAFU_M1,MW_RFC_M1,1,1,played,,facebook,https://www.facebook.com/share/p/1DBe4UKr6Z/,,2026-08-08T22:24:03+00:00,confirmed,,,,,,,,,,,,,,,,,
MW_NRFA_2627_031,MW_NRFA,MW_2026_27,md_5,5,2026-08-09,14:30,MW_MAGANGA,MW_CAS_M1,MW_LUMA_M1,4,2,played,,facebook,https://www.facebook.com/share/p/1Bmx2jLZSG/,,2026-08-09T22:22:41+00:00,confirmed,,,,,,,,,,,,,,,,,
MW_NRFA_2627_032,MW_NRFA,MW_2026_27,md_5,5,2026-08-09,14:30,MW_CWZA_G,MW_CHIN_M1,MW_EV_M1,2,0,played,,facebook,https://www.facebook.com/share/p/1Bmx2jLZSG/,,2026-08-09T22:23:09+00:00,confirmed,,,,,,,,,,,,,,,,,
MW_NRFA_2627_033,MW_NRFA,MW_2026_27,md_5,5,2026-08-09,14:30,MW_BOTA_G,MW_VSA_M1,MW_JU_M1,2,4,played,,facebook,https://www.facebook.com/share/p/1Bmx2jLZSG/,,2026-08-09T22:23:19+00:00,confirmed,,,,,,,,,,,,,,,,,
MW_NRFA_2627_034,MW_NRFA,MW_2026_27,md_5,5,2026-08-09,14:30,MW_CHIB_G,MW_CRS_M1,MW_CHIP_M1,4,1,played,,facebook,https://www.facebook.com/share/p/1Bmx2jLZSG/,,2026-08-09T22:23:37+00:00,confirmed,,,,,,,,,,,,,,,,,
MW_NRFA_2627_035,MW_NRFA,MW_2026_27,md_5,5,2026-08-09,14:30,MW_MAJA_G,MW_CHB_M1,MW_LVFC_M1,1,0,played,,facebook,https://www.facebook.com/share/p/1Bmx2jLZSG/,,2026-08-09T22:23:54+00:00,confirmed,,,,,,,,,,,,,,,,,
MW_SL_2627_097,MW_SL,MW_2026_27,md_13,13,2026-08-15,14:30,MW_CHI_001,MW_CU_M1,MW_LM_M1,1,0,played,,facebook,https://www.facebook.com/share/p/1EZ3ksBHns/,,2026-08-15T16:01:08+00:00,confirmed,,,,,,,,,,,,,,,,,
MW_SL_2627_098,MW_SL,MW_2026_27,md_13,13,2026-08-15,14:30,MW_L_004,MW_SS_M1,MW_EFC_M1,3,0,played,,reporter,"https://www.facebook.com/share/p/1EZ3ksBHns/, https://silverstrikers.mw/2026/08/15/match-report-silver-strikers-3-0-ekhaya-fc/",MW_REP_001,2026-08-18T22:39:36.207809+00:00,confirmed,MW_REP_001,2026-08-18T22:39:36.207809+00:00,,,,Godfrey Nkhakananga,Thomas Mang’amba,Saul Manjawira,Peter Jossam,Peter Mgangira,,MW_OFF_000001,MW_OFF_000002,MW_OFF_000003,MW_OFF_000004,MW_OFF_000005,
MW_SL_2627_099,MW_SL,MW_2026_27,md_13,13,2026-08-15,14:30,MW_Z_001,MW_REDL_M1,MW_MB_M1,1,0,played,,facebook,https://www.facebook.com/share/p/1EZ3ksBHns/,,2026-08-15T16:01:27+00:00,confirmed,,,,,,,,,,,,,,,,,
MW_SL_2627_100,MW_SL,MW_2026_27,md_13,13,2026-08-15,14:30,MW_MAF_001,MW_MAFC_M1,MW_MFC_M1,1,1,played,,facebook,https://www.facebook.com/share/p/1EZ3ksBHns/,,2026-08-15T16:01:35+00:00,confirmed,,,,,,,,,,,,,,,,,
MW_SL_2627_101,MW_SL,MW_2026_27,md_13,13,2026-08-16,14:30,MW_KAR_001,MW_KU_M1,MW_BULL_M1,0,1,played,,reporter,"https://www.facebook.com/share/p/1DJN7DVMPd/, https://nyasabigbullets.com/match-reports/report-kondowe-makes-the-difference-in-karonga",MW_REP_001,2026-08-19T00:11:44.766859+00:00,confirmed,MW_REP_001,2026-08-19T00:11:44.766859+00:00,,,,,,,,,,,,,,,
MW_SL_2627_102,MW_SL,MW_2026_27,md_13,13,2026-08-16,14:30,MW_D_001,MW_DD_M1,MW_CS_M1,1,1,played,,reporter,https://www.facebook.com/share/p/1DJN7DVMPd/,MW_REP_001,2026-08-16T15:32:39.611558+00:00,confirmed,MW_REP_001,2026-08-16T15:32:39.611558+00:00,,,,,,,,,,,,,,,
MW_SL_2627_103,MW_SL,MW_2026_27,md_13,13,2026-08-16,14:30,MW_L_001,MW_KB_M1,MW_MW_M1,0,2,played,,reporter,https://www.facebook.com/share/p/1DJN7DVMPd/,MW_REP_001,2026-08-16T15:30:58.150865+00:00,confirmed,MW_REP_001,2026-08-16T15:30:58.150865+00:00,,,,,,,,,,,,,,,
MW_SL_2627_104,MW_SL,MW_2026_27,md_13,13,2026-08-16,14:30,MW_L_002,MW_BLUE_M1,MW_CSU_M1,1,2,played,,reporter,https://www.facebook.com/share/p/1DJN7DVMPd/,MW_REP_001,2026-08-16T15:31:07.321649+00:00,confirmed,MW_REP_001,2026-08-16T15:31:07.321649+00:00,,,,,,,,,,,,,,,
MW_CRFA_2627_049,MW_CRFA,MW_2026_27,md_9,9,2026-08-15,14:30,MW_BLUE_G,MW_MU_M1,MW_MV_M1,2,0,played,,facebook,https://www.facebook.com/share/p/18x4cgt1rA/,,2026-08-15T16:10:30+00:00,confirmed,,,,,,,,,,,,,,,,,
MW_CRFA_2627_050,MW_CRFA,MW_2026_27,md_9,9,2026-08-15,14:30,MW_GOLF_C,MW_LFC_M1,MW_SS_M2,0,1,played,,facebook,https://www.facebook.com/share/p/1DtBPMLPjP/,,2026-08-15T16:09:44+00:00,confirmed,,,,,,,,,,,,,,,,,
MW_CRFA_2627_051,MW_CRFA,MW_2026_27,md_9,9,2026-08-15,14:30,MW_CHAIMA,MW_SA_M1,MW_NAA_M1,0,0,played,,facebook,https://www.facebook.com/share/p/1BfPrGvbdX/,,2026-08-15T16:08:17+00:00,confirmed,,,,,,,,,,,,,,,,,
MW_CRFA_2627_052,MW_CRFA,MW_2026_27,md_9,9,2026-08-15,14:30,MW_L_002,MW_BLUE_M2,MW_TNS_M1,3,1,played,,facebook,https://www.facebook.com/share/p/19WBCsbtjQ/,,2026-08-15T16:13:57+00:00,confirmed,,,,,,,,,,,,,,,,,
MW_CRFA_2627_053,MW_CRFA,MW_2026_27,md_9,9,2026-08-16,14:30,MW_MANGO,MW_AR_M1,MW_KFC_M1,,,scheduled,,facebook,https://www.facebook.com/share/p/1DG5QSxotX/,,2026-08-09T23:02:32+00:00,confirmed,,,,,,,,,,,,,,,,,
MW_CRFA_2627_054,MW_CRFA,MW_2026_27,md_9,9,2026-08-16,14:30,MW_MPON_CG,MW_MPFC_M1,MW_CSFC_M1,,,scheduled,,facebook,https://www.facebook.com/share/p/1DG5QSxotX/,,2026-08-09T23:02:37+00:00,confirmed,,,,,,,,,,,,,,,,,
MW_CRFA_2627_055,MW_CRFA,MW_2026_27,md_9,9,2026-08-16,14:30,MW_CHIVALA,MW_AB_M1,MW_MCHS_M1,,,scheduled,,facebook,https://www.facebook.com/share/p/1DG5QSxotX/,,2026-08-09T23:02:41+00:00,confirmed,,,,,,,,,,,,,,,,,
MW_CRFA_2627_056,MW_CRFA,MW_2026_27,md_9,9,2026-08-16,14:30,MW_KAMIRA,MW_MC_M1,MW_PFC_M1,,,scheduled,,facebook,https://www.facebook.com/share/p/1DG5QSxotX/,,2026-08-09T23:02:45+00:00,confirmed,,,,,,,,,,,,,,,,,
MW_NRFA_2627_036,MW_NRFA,MW_2026_27,md_6,6,2026-08-15,14:30,MW_CBJ_G,MW_MMW_M1,MW_CHB_M1,0,0,played,,facebook,https://www.facebook.com/share/p/1SAm51ZjN7/,,2026-08-15T16:20:57+00:00,confirmed,,,,,,,,,,,,,,,,,
MW_NRFA_2627_037,MW_NRFA,MW_2026_27,md_6,6,2026-08-15,14:30,MW_LUZI,MW_CHIP_M1,MW_VSA_M1,2,1,played,,facebook,https://www.facebook.com/share/p/1SAm51ZjN7/,,2026-08-15T16:20:35+00:00,confirmed,,,,,,,,,,,,,,,,,
MW_NRFA_2627_038,MW_NRFA,MW_2026_27,md_6,6,2026-08-16,14:30,MW_LUVI_G,MW_LVFC_M1,MW_CRS_M1,3,0,played,,reporter,https://www.facebook.com/share/p/18SRkHmDEe/,MW_REP_001,2026-08-16T15:36:04.732368+00:00,confirmed,MW_REP_001,2026-08-16T15:36:04.732368+00:00,,,,,,,,,,,,,,,
MW_NRFA_2627_039,MW_NRFA,MW_2026_27,md_6,6,2026-08-16,14:30,MW_JENDA,MW_JU_M1,MW_CHIN_M1,1,1,played,,reporter,https://www.facebook.com/share/p/18SRkHmDEe/,MW_REP_001,2026-08-16T15:38:12.554485+00:00,confirmed,MW_REP_001,2026-08-16T15:38:12.554485+00:00,,,,,,,,,,,,,,,
MW_NRFA_2627_040,MW_NRFA,MW_2026_27,md_6,6,2026-08-16,14:30,MW_EUTHINI,MW_EV_M1,MW_CZU_M1,1,0,played,,reporter,https://www.facebook.com/share/p/18SRkHmDEe/,MW_REP_001,2026-08-16T15:38:40.664185+00:00,confirmed,MW_REP_001,2026-08-16T15:38:40.664185+00:00,,,,,,,,,,,,,,,
MW_NRFA_2627_041,MW_NRFA,MW_2026_27,md_6,6,2026-08-16,14:30,MW_EKWEN_CG,MW_EKW_M1,MW_CAS_M1,1,1,played,,reporter,https://www.facebook.com/share/p/18SRkHmDEe/,MW_REP_001,2026-08-16T15:47:42.213881+00:00,confirmed,MW_REP_001,2026-08-16T15:47:42.213881+00:00,,,,,,,,,,,,,,,
MW_NRFA_2627_042,MW_NRFA,MW_2026_27,md_6,6,2026-08-16,14:30,MW_CHIB_G,MW_LUMA_M1,MW_MAFU_M1,2,1,played,,reporter,https://www.facebook.com/share/p/18SRkHmDEe/,MW_REP_001,2026-08-16T15:37:12.82676+00:00,confirmed,MW_REP_001,2026-08-16T15:37:12.82676+00:00,,,,,,,,,,,,,,,
MW_SRFA_2627_087,MW_SRFA,MW_2026_27,md_12,12,2026-08-15,11:00,MW_B_001,MW_LBTY_M1,MW_MS_M1,3,0,played,,facebook,https://www.facebook.com/share/p/1DnM5XyRuA/,,2026-08-15T16:07:00+00:00,confirmed,,,,,,,,,,,,,,,,,
MW_SRFA_2627_088,MW_SRFA,MW_2026_27,md_12,12,2026-08-15,14:30,MW_B_004,MW_ZU_M1,MW_IFC_M1,1,0,played,,facebook,https://www.facebook.com/share/p/1DnM5XyRuA/,,2026-08-15T16:07:13+00:00,confirmed,,,,,,,,,,,,,,,,,
MW_SRFA_2627_089,MW_SRFA,MW_2026_27,md_12,12,2026-08-16,14:00,MW_CRZ_001,MW_CHIR_M1,MW_TB_M1,0,0,played,,reporter,https://www.facebook.com/share/p/1c8nvSJHU4/,MW_REP_001,2026-08-16T15:33:57.214733+00:00,confirmed,MW_REP_001,2026-08-16T15:33:57.214733+00:00,,,,,,,,,,,,,,,
MW_SRFA_2627_090,MW_SRFA,MW_2026_27,md_12,12,2026-08-16,11:00,MW_B_001,MW_EFC_M2,MW_BULL_M2,1,2,played,,reporter,"https://www.facebook.com/share/p/1c8nvSJHU4/, https://nyasabigbullets.com/reserves/report-bullets-reserves-close-gap-with-win-over-leaders-ekhaya",MW_REP_001,2026-08-19T00:24:15.841512+00:00,confirmed,MW_REP_001,2026-08-19T00:24:15.841512+00:00,,,,,,,,,Henry Kabichi,,,,,,MW_OFF_000025
MW_SRFA_2627_091,MW_SRFA,MW_2026_27,md_12,12,2026-08-16,14:30,MW_MWANZA_SEC,MW_MWU_M1,MW_MW_M2,2,3,played,,reporter,https://www.facebook.com/share/p/1c8nvSJHU4/,MW_REP_001,2026-08-16T15:34:18.399535+00:00,confirmed,MW_REP_001,2026-08-16T15:34:18.399535+00:00,,,,,,,,,,,,,,,
MW_SRFA_2627_092,MW_SRFA,MW_2026_27,md_12,12,2026-08-17,14:30,MW_B_002,MW_FCT_M1,MW_NCH_M1,7,1,played,,reporter,https://www.facebook.com/share/p/19BEDU6C7c/,MW_REP_001,2026-08-18T09:38:54.658372+00:00,confirmed,MW_REP_001,2026-08-18T09:38:54.658372+00:00,,,,,,,,,,,,,,,
MW_SRFA_2627_093,MW_SRFA,MW_2026_27,md_12,12,2026-08-17,12:30,MW_B_002,MW_QAS_M1,MW_NFC_M1,2,1,played,,reporter,https://www.facebook.com/share/p/19BEDU6C7c/,MW_REP_001,2026-08-18T09:39:03.947299+00:00,confirmed,MW_REP_001,2026-08-18T09:39:03.947299+00:00,,,,,,,,,,,,,,,
MW_SRFA_2627_094,MW_SRFA,MW_2026_27,md_12,12,2026-08-17,14:30,MW_CHL_001,MW_CFC_M1,MW_NY_M1,0,1,played,,reporter,https://www.facebook.com/share/p/19BEDU6C7c/,MW_REP_001,2026-08-18T09:45:43.174385+00:00,confirmed,MW_REP_001,2026-08-18T09:45:43.174385+00:00,,,,,,,,,,,,,,,
MW_SRFA_2627_095,MW_SRFA,MW_2026_27,md_13,13,2026-08-20,14:30,MW_MWANZA_SEC,MW_MS_M1,MW_FCT_M1,,,scheduled,,facebook,https://www.facebook.com/share/p/1LjJA4QUzo/,,2026-08-11T21:20:34+00:00,confirmed,,,,,,,,,,,,,,,,,
MW_SRFA_2627_096,MW_SRFA,MW_2026_27,md_13,13,2026-08-20,14:30,MW_B_002,MW_QAS_M1,MW_MWU_M1,,,scheduled,,facebook,https://www.facebook.com/share/p/1LjJA4QUzo/,,2026-08-11T21:20:39+00:00,confirmed,,,,,,,,,,,,,,,,,
MW_SRFA2_2627_025,MW_SRFA2,MW_2026_27,md_5,5,2026-08-15,14:30,MW_GADA,MW_GU_M1,MW_MICH_M1,2,1,played,,reporter,https://www.facebook.com/share/p/1CKVt8sMrq/,MW_REP_001,2026-08-15T21:29:43.035391+00:00,confirmed,MW_REP_001,2026-08-15T21:29:43.035391+00:00,,,,,,,,,,,,,,,
MW_SRFA2_2627_026,MW_SRFA2,MW_2026_27,md_5,5,2026-08-15,14:30,MW_MPEMBA,MW_MYS_M1,MW_THYO_M1,0,1,played,,reporter,https://www.facebook.com/share/p/1CKVt8sMrq/,MW_REP_001,2026-08-15T21:29:56.106657+00:00,confirmed,MW_REP_001,2026-08-15T21:29:56.106657+00:00,,,,,,,,,,,,,,,
MW_SRFA2_2627_027,MW_SRFA2,MW_2026_27,md_5,5,2026-08-15,14:30,MW_MUBAS,MW_MUB_M1,MW_MT_M2,2,2,played,,reporter,https://www.facebook.com/share/p/1CKVt8sMrq/,MW_REP_001,2026-08-15T21:29:22.206758+00:00,confirmed,MW_REP_001,2026-08-15T21:29:22.206758+00:00,,,,,,,,,,,,,,,
MW_SRFA2_2627_028,MW_SRFA2,MW_2026_27,md_5,5,2026-08-16,14:30,MW_MNTENJERA,MW_LUN_M1,MW_LIM_M1,2,1,played,,reporter,https://www.facebook.com/share/p/195xYKbvAt/,MW_REP_001,2026-08-17T08:42:34.723176+00:00,confirmed,MW_REP_001,2026-08-17T08:42:34.723176+00:00,,,,,,,,,,,,,,,
MW_SRFA2_2627_029,MW_SRFA2,MW_2026_27,md_5,5,2026-08-16,14:30,MW_NENO,MW_NYG_M1,MW_PSS_M1,2,2,played,,reporter,https://www.facebook.com/share/p/195xYKbvAt/,MW_REP_001,2026-08-17T08:42:43.929269+00:00,confirmed,MW_REP_001,2026-08-17T08:42:43.929269+00:00,,,,,,,,,,,,,,,
MW_SRFA2_2627_030,MW_SRFA2,MW_2026_27,md_5,5,2026-08-16,14:30,MW_LUCH_G,MW_MAS_M1,MW_MNTI_M1,0,0,played,,reporter,https://www.facebook.com/share/p/195xYKbvAt/,MW_REP_001,2026-08-17T08:42:49.893755+00:00,confirmed,MW_REP_001,2026-08-17T08:42:49.893755+00:00,,,,,,,,,,,,,,,
MW_BDU16_2627_001,MW_BDU16,MW_2026_27,md_1,1,2026-08-15,08:00,MW_KAMPALA,MW_SM_MU16,MW_CHIGU_A_MU16,3,0,played,,whatsapp,,,2026-08-15T10:06:58+00:00,confirmed,,,,,,,,,,,,,,,,,
MW_BDU16_2627_002,MW_BDU16,MW_2026_27,md_1,1,2026-08-15,09:30,MW_KAMPALA,MW_ASSIMA_MU16,MW_CHITS_U_MU16,1,1,played,,whatsapp,,,2026-08-15T10:46:34+00:00,confirmed,,,,,,,,,,,,,,,,,
MW_BDU16_2627_003,MW_BDU16,MW_2026_27,md_1,1,2026-08-15,10:30,MW_KAMPALA,MW_BCSD_MU16,MW_MTOPWA_MU16,2,1,played,,whatsapp,,,2026-08-15T10:46:57+00:00,confirmed,,,,,,,,,,,,,,,,,
MW_BDU16_2627_004,MW_BDU16,MW_2026_27,md_1,1,2026-08-15,11:30,MW_KAMPALA,MW_BFC_MU16,MW_NTH_ACA_MU16,2,2,played,,whatsapp,,,2026-08-15T14:34:38+00:00,confirmed,,,,,,,,,,,,,,,,,
MW_BDU16_2627_005,MW_BDU16,MW_2026_27,md_1,1,2026-08-16,08:00,MW_KAMPALA,MW_MISSION_MU16,MW_GENESIS_MU16,,,scheduled,,whatsapp,Itcan,,2026-08-13T12:24:34+00:00,confirmed,,,,,,,,,,,,,,,,,
MW_BDU16_2627_006,MW_BDU16,MW_2026_27,md_1,1,2026-08-16,09:30,MW_KAMPALA,MW_MPINGWE_MU16,MW_GREEN_MU16,,,scheduled,,whatsapp,Itcan,,2026-08-13T12:24:39+00:00,confirmed,,,,,,,,,,,,,,,,,
MW_BDU16_2627_007,MW_BDU16,MW_2026_27,md_1,1,2026-08-16,10:30,MW_KAMPALA,MW_FUTURE_MU16,MW_KAKA_MU16,,,scheduled,,whatsapp,Itcan,,2026-08-13T12:24:43+00:00,confirmed,,,,,,,,,,,,,,,,,
MW_BDU16_2627_008,MW_BDU16,MW_2026_27,md_1,1,2026-08-16,11:30,MW_KAMPALA,MW_NEWLANDS_MU16,MW_CCS_MU16,,,scheduled,,whatsapp,Itcan,,2026-08-13T12:24:48+00:00,confirmed,,,,,,,,,,,,,,,,,
MW_BDU16_2627_009,MW_BDU16,MW_2026_27,md_2,2,2026-08-19,08:00,MW_KAMPALA,MW_MTOPWA_MU16,MW_CHITS_U_MU16,,,scheduled,,whatsapp,Itcan,,2026-08-13T12:27:19+00:00,confirmed,,,,,,,,,,,,,,,,,
MW_BDU16_2627_010,MW_BDU16,MW_2026_27,md_2,2,2026-08-19,09:30,MW_KAMPALA,MW_CHIGU_A_MU16,MW_ASSIMA_MU16,,,scheduled,,whatsapp,Itcan,,2026-08-13T12:27:22+00:00,confirmed,,,,,,,,,,,,,,,,,
MW_BDU16_2627_011,MW_BDU16,MW_2026_27,md_2,2,2026-08-19,10:30,MW_KAMPALA,MW_CCS_MU16,MW_BFC_MU16,,,scheduled,,whatsapp,Itcan,,2026-08-13T12:27:26+00:00,confirmed,,,,,,,,,,,,,,,,,
MW_BDU16_2627_012,MW_BDU16,MW_2026_27,md_2,2,2026-08-19,11:30,MW_KAMPALA,MW_NTH_ACA_MU16,MW_SM_MU16,,,scheduled,,whatsapp,Itcan,,2026-08-13T12:27:30+00:00,confirmed,,,,,,,,,,,,,,,,,
MW_BDU16_2627_013,MW_BDU16,MW_2026_27,md_2,2,2026-08-20,08:00,MW_KAMPALA,MW_KAKA_MU16,MW_MPINGWE_MU16,,,scheduled,,whatsapp,Itcan,,2026-08-13T12:27:36+00:00,confirmed,,,,,,,,,,,,,,,,,
MW_BDU16_2627_014,MW_BDU16,MW_2026_27,md_2,2,2026-08-20,09:30,MW_KAMPALA,MW_GREEN_MU16,MW_BCSD_MU16,,,scheduled,,whatsapp,Itcan,,2026-08-13T12:27:42+00:00,confirmed,,,,,,,,,,,,,,,,,
MW_BDU16_2627_015,MW_BDU16,MW_2026_27,md_2,2,2026-08-20,10:30,MW_KAMPALA,MW_MISSION_MU16,MW_FUTURE_MU16,,,scheduled,,whatsapp,Itcan,,2026-08-13T12:27:47+00:00,confirmed,,,,,,,,,,,,,,,,,
MW_BDU16_2627_016,MW_BDU16,MW_2026_27,md_2,2,2026-08-20,11:30,MW_KAMPALA,MW_GENESIS_MU16,MW_NEWLANDS_MU16,,,scheduled,,whatsapp,Itcan,,2026-08-13T12:27:51+00:00,confirmed,,,,,,,,,,,,,,,,,
MW_KU19_2627_026,MW_KU19,MW_2026_27,md_7,7,2026-08-15,08:00,MW_CHIWE,MW_AS_MU19,MW_YY_MU19,0,1,played,,reporter,https://www.facebook.com/61558219532005/posts/-2026-katswiri-under-19-league-todays-results-agumbala-stars-0-1-yizo-yizo-broth/122260424912273984/,MW_REP_001,2026-08-16T09:08:35.195103+00:00,confirmed,MW_REP_001,2026-08-16T09:08:35.195103+00:00,,,,,,,,,,,,,,,
MW_KU19_2627_027,MW_KU19,MW_2026_27,md_7,7,2026-08-15,09:30,MW_CHIWE,MW_BIA_MU19,MW_ND_MU19,1,2,played,,reporter,https://www.facebook.com/61558219532005/posts/-2026-katswiri-under-19-league-todays-results-agumbala-stars-0-1-yizo-yizo-broth/122260424912273984/,MW_REP_001,2026-08-16T09:09:01.28716+00:00,confirmed,MW_REP_001,2026-08-16T09:09:01.28716+00:00,,,,,,,,,,,,,,,
MW_KU19_2627_028,MW_KU19,MW_2026_27,md_7,7,2026-08-16,08:00,MW_CHIWE,MW_SM_MU19,MW_NU_MU19,,,scheduled,,facebook,https://www.facebook.com/share/14goufrDvLE/,,2026-08-15T10:50:46+00:00,confirmed,,,,,,,,,,,,,,,,,
MW_KU19_2627_029,MW_KU19,MW_2026_27,md_7,7,2026-08-16,09:30,MW_CHIWE,MW_RU_MU19,MW_A_MU19,,,scheduled,,facebook,https://www.facebook.com/share/14goufrDvLE/,,2026-08-15T10:50:50+00:00,confirmed,,,,,,,,,,,,,,,,,
MW_KU19_2627_030,MW_KU19,MW_2026_27,md_7,7,2026-08-17,08:00,MW_B_002,MW_BULL_U19,MW_CCS_MU19,2,1,played,,reporter,"https://www.facebook.com/share/14goufrDvLE/, https://nyasabigbullets.com/under-19/report-bullets-u19s-overcome-cc-stars",MW_REP_001,2026-08-19T00:34:02.21106+00:00,confirmed,MW_REP_001,2026-08-19T00:34:02.21106+00:00,,,,,,,,Yamikani Fodya,,,,,,MW_OFF_000026,
MW_KU19_2627_031,MW_KU19,MW_2026_27,md_7,7,2026-08-17,09:30,MW_B_002,MW_GS_MU19,MW_EFC_U19,,,scheduled,,facebook,https://www.facebook.com/share/14goufrDvLE/,,2026-08-15T10:50:58+00:00,confirmed,,,,,,,,,,,,,,,,,
MW_KU19_2627_032,MW_KU19,MW_2026_27,md_7,7,2026-08-17,11:00,MW_B_002,MW_MM_MU19,MW_EH_MU19,,,scheduled,,facebook,https://www.facebook.com/share/14goufrDvLE/,,2026-08-15T10:51:02+00:00,confirmed,,,,,,,,,,,,,,,,,
MW_KU19_2627_033,MW_KU19,MW_2026_27,md_6,6,2026-08-08,08:00,MW_CHIWE,MW_RU_MU19,MW_ND_MU19,0,2,played,,reporter,https://www.facebook.com/share/p/1DaNE6xYSj/,MW_REP_001,2026-08-16T00:49:29.886468+00:00,confirmed,MW_REP_001,2026-08-16T00:49:29.886468+00:00,,,,,,,,,,,,,,,
MW_KU19_2627_034,MW_KU19,MW_2026_27,md_6,6,2026-08-08,9:30,MW_CHIWE,MW_EFC_U19,MW_YY_MU19,2,0,played,,reporter,https://www.facebook.com/share/p/1Bp2rHCH4V/,MW_REP_001,2026-08-16T07:50:55.833899+00:00,confirmed,MW_REP_001,2026-08-16T07:50:55.833899+00:00,,,,,,,,,,,,,,,
MW_KU19_2627_035,MW_KU19,MW_2026_27,md_6,6,2026-08-08,8:00,MW_B_002,MW_BIA_MU19,MW_EH_MU19,1,2,played,,reporter,https://www.facebook.com/share/p/1DaNE6xYSj/,MW_REP_001,2026-08-16T00:51:09.140659+00:00,confirmed,MW_REP_001,2026-08-16T00:51:09.140659+00:00,,,,,,,,,,,,,,,
MW_KU19_2627_036,MW_KU19,MW_2026_27,md_6,6,2026-08-08,9:30,MW_B_002,MW_MM_MU19,MW_NU_MU19,,,postponed,,reporter,https://www.facebook.com/share/p/1KnTFeytAV/,MW_REP_001,2026-08-16T00:51:29.909175+00:00,confirmed,MW_REP_001,2026-08-16T00:51:29.909175+00:00,,,,,,,,,,,,,,,
MW_KU19_2627_037,MW_KU19,MW_2026_27,md_6,6,2026-08-09,8:00,MW_CHIWE,MW_GS_MU19,MW_CCS_MU19,1,1,played,,reporter,https://www.facebook.com/share/p/1DaNE6xYSj/,MW_REP_001,2026-08-16T00:50:02.709359+00:00,confirmed,MW_REP_001,2026-08-16T00:50:02.709359+00:00,,,,,,,,,,,,,,,
MW_KU19_2627_038,MW_KU19,MW_2026_27,md_6,6,2026-08-09,9:30,MW_CHIWE,MW_AS_MU19,MW_A_MU19,3,0,played,,reporter,https://www.facebook.com/share/p/1DaNE6xYSj/,MW_REP_001,2026-08-16T00:50:20.047274+00:00,confirmed,MW_REP_001,2026-08-16T00:50:20.047274+00:00,,,,,,,,,,,,,,,
MW_KU19_2627_039,MW_KU19,MW_2026_27,md_6,6,2026-08-09,8:00,MW_B_002,MW_MW_U19,MW_SM_MU19,0,0,played,,reporter,https://www.facebook.com/share/p/1DaNE6xYSj/,MW_REP_001,2026-08-16T00:51:54.820948+00:00,confirmed,MW_REP_001,2026-08-16T00:51:54.820948+00:00,,,,,,,,,,,,,,,
MW_KU19_2627_040,MW_KU19,MW_2026_27,md_5,5,2026-08-01,8:00,MW_CHIWE,MW_YY_MU19,MW_CCS_MU19,1,1,played,,reporter,https://www.facebook.com/share/p/1BnBxbjGyg/,MW_REP_001,2026-08-16T00:45:35.51157+00:00,confirmed,MW_REP_001,2026-08-16T00:45:35.51157+00:00,,,,,,,,,,,,,,,
MW_KU19_2627_041,MW_KU19,MW_2026_27,md_5,5,2026-08-01,9:30,MW_CHIWE,MW_EFC_U19,MW_A_MU19,4,0,played,,reporter,https://www.facebook.com/share/p/1BnBxbjGyg/,MW_REP_001,2026-08-16T00:45:56.589636+00:00,confirmed,MW_REP_001,2026-08-16T00:45:56.589636+00:00,,,,,,,,,,,,,,,
MW_KU19_2627_042,MW_KU19,MW_2026_27,md_5,5,2026-08-01,8:00,MW_B_002,MW_RU_MU19,MW_EH_MU19,0,0,played,,reporter,https://www.facebook.com/share/p/1BnBxbjGyg/,MW_REP_001,2026-08-16T00:46:23.623203+00:00,confirmed,MW_REP_001,2026-08-16T00:46:23.623203+00:00,,,,,,,,,,,,,,,
MW_KU19_2627_043,MW_KU19,MW_2026_27,md_5,5,2026-08-01,9:30,MW_B_002,MW_BIA_MU19,MW_MM_MU19,0,3,played,,reporter,https://www.facebook.com/share/p/1BnBxbjGyg/,MW_REP_001,2026-08-16T00:46:44.126426+00:00,confirmed,MW_REP_001,2026-08-16T00:46:44.126426+00:00,,,,,,,,,,,,,,,
MW_KU19_2627_044,MW_KU19,MW_2026_27,md_5,5,2026-08-02,8:00,MW_CHIWE,MW_AS_MU19,MW_ND_MU19,2,1,played,,reporter,https://www.facebook.com/share/p/196wnqpUdz/,MW_REP_001,2026-08-16T00:46:58.80556+00:00,confirmed,MW_REP_001,2026-08-16T00:46:58.80556+00:00,,,,,,,,,,,,,,,
MW_KU19_2627_045,MW_KU19,MW_2026_27,md_5,5,2026-08-02,9:30,MW_CHIWE,MW_BULL_U19,MW_SM_MU19,1,1,played,,reporter,https://www.facebook.com/share/p/196wnqpUdz/,MW_REP_001,2026-08-16T00:48:02.234163+00:00,confirmed,MW_REP_001,2026-08-16T00:48:02.234163+00:00,,,,,,,,,,,,,,,
MW_KU19_2627_046,MW_KU19,MW_2026_27,md_5,5,2026-08-02,8:00,MW_B_002,MW_MW_U19,MW_NU_MU19,2,0,played,,reporter,https://www.facebook.com/share/p/196wnqpUdz/,MW_REP_001,2026-08-16T00:48:19.372756+00:00,confirmed,MW_REP_001,2026-08-16T00:48:19.372756+00:00,,,,,,,,,,,,,,,
